Date,High,Low,Open,Close,Volume,Adj Close
2000-10-02,1445.59997559,1429.82995605,1436.52001953,1436.22998047,1051200000,1436.22998047
2000-10-03,1454.81994629,1425.2800293,1436.22998047,1426.45996094,1098100000,1426.45996094
2000-10-04,1439.98999023,1416.31005859,1426.45996094,1434.31994629,1167400000,1434.31994629
2000-10-05,1444.17004395,1431.80004883,1434.31994629,1436.2800293,1176100000,1436.2800293
2000-10-06,1443.30004883,1397.06005859,1436.2800293,1408.98999023,1150100000,1408.98999023
2000-10-09,1409.68994141,1392.47998047,1408.98999023,1402.0300293,716600000,1402.0300293
2000-10-10,1408.82995605,1383.84997559,1402.0300293,1387.02001953,1044000000,1387.02001953
2000-10-11,1387.02001953,1349.67004395,1387.02001953,1364.58996582,1387500000,1364.58996582
2000-10-12,1374.93005371,1328.06005859,1364.58996582,1329.7800293,1388600000,1329.7800293
2000-10-13,1374.17004395,1327.07995605,1329.7800293,1374.17004395,1223900000,1374.17004395
2000-10-16,1379.47998047,1365.06005859,1374.17004395,1374.61999512,1005400000,1374.61999512
2000-10-17,1380.98999023,1342.33996582,1374.61999512,1349.9699707,1161500000,1349.9699707
2000-10-18,1356.65002441,1305.79003906,1349.9699707,1342.13000488,1441700000,1342.13000488
2000-10-19,1389.93005371,1342.13000488,1342.13000488,1388.76000977,1297900000,1388.76000977
2000-10-20,1408.4699707,1382.18994141,1388.76000977,1396.93005371,1177400000,1396.93005371
2000-10-23,1406.95996094,1387.75,1396.93005371,1395.7800293,1046800000,1395.7800293
2000-10-24,1415.64001465,1388.13000488,1395.7800293,1398.13000488,1158600000,1398.13000488
2000-10-25,1398.13000488,1362.20996094,1398.13000488,1364.90002441,1315600000,1364.90002441
2000-10-26,1372.7199707,1337.81005859,1364.90002441,1364.43994141,1303800000,1364.43994141
2000-10-27,1384.56994629,1364.13000488,1364.43994141,1379.57995605,1086300000,1379.57995605
2000-10-30,1406.35998535,1376.85998535,1379.57995605,1398.66003418,1186500000,1398.66003418
2000-10-31,1432.2199707,1398.66003418,1398.66003418,1429.40002441,1366400000,1429.40002441
2000-11-01,1429.59997559,1410.44995117,1429.40002441,1421.2199707,1206800000,1421.2199707
2000-11-02,1433.40002441,1421.2199707,1421.2199707,1428.31994629,1167700000,1428.31994629
2000-11-03,1433.20996094,1420.92004395,1428.31994629,1426.68994141,997700000,1426.68994141
2000-11-06,1438.45996094,1427.7199707,1428.76000977,1432.18994141,930900000,1432.18994141
2000-11-07,1436.2199707,1423.26000977,1432.18994141,1431.86999512,880900000,1431.86999512
2000-11-08,1437.2800293,1408.7800293,1431.86999512,1409.2800293,909300000,1409.2800293
2000-11-09,1409.2800293,1369.68005371,1409.2800293,1400.14001465,1111000000,1400.14001465
2000-11-10,1400.14001465,1365.9699707,1400.14001465,1365.97998047,962500000,1365.97998047
2000-11-13,1365.97998047,1328.61999512,1365.97998047,1351.26000977,1129300000,1351.26000977
2000-11-14,1390.06005859,1351.26000977,1351.26000977,1382.94995117,1118800000,1382.94995117
2000-11-15,1395.95996094,1374.75,1382.94995117,1389.81005859,1066800000,1389.81005859
2000-11-16,1394.76000977,1370.39001465,1389.81005859,1372.31994629,956300000,1372.31994629
2000-11-17,1384.84997559,1355.55004883,1372.31994629,1367.7199707,1070400000,1367.7199707
2000-11-20,1367.7199707,1341.67004395,1367.7199707,1342.61999512,955800000,1342.61999512
2000-11-21,1355.86999512,1333.61999512,1342.61999512,1347.34997559,1137100000,1347.34997559
2000-11-22,1347.34997559,1321.89001465,1347.34997559,1322.35998535,963200000,1322.35998535
2000-11-24,1343.82995605,1322.35998535,1322.35998535,1341.77001953,404870000,1341.77001953
2000-11-27,1362.5,1341.77001953,1341.77001953,1348.9699707,946100000,1348.9699707
2000-11-28,1358.81005859,1334.9699707,1348.9699707,1336.08996582,1028200000,1336.08996582
2000-11-29,1352.38000488,1329.2800293,1336.08996582,1341.93005371,402100000,1341.93005371
2000-11-30,1341.91003418,1294.90002441,1341.91003418,1314.94995117,1186530000,1314.94995117
2000-12-01,1334.67004395,1307.02001953,1314.94995117,1315.22998047,1195200000,1315.22998047
2000-12-04,1332.06005859,1310.22998047,1315.18005371,1324.9699707,1103000000,1324.9699707
2000-12-05,1376.56005859,1324.9699707,1324.9699707,1376.54003906,900300000,1376.54003906
2000-12-06,1376.54003906,1346.15002441,1376.54003906,1351.45996094,1399300000,1351.45996094
2000-12-07,1353.5,1339.26000977,1351.45996094,1343.55004883,1128000000,1343.55004883
2000-12-08,1380.32995605,1343.55004883,1343.55004883,1369.89001465,1358300000,1369.89001465
2000-12-11,1389.05004883,1364.14001465,1369.89001465,1380.19995117,1202400000,1380.19995117
2000-12-12,1380.27001953,1370.27001953,1380.19995117,1371.18005371,1083400000,1371.18005371
2000-12-13,1385.81994629,1358.47998047,1371.18005371,1359.98999023,1195100000,1359.98999023
2000-12-14,1359.98999023,1340.47998047,1359.98999023,1340.93005371,1061300000,1340.93005371
2000-12-15,1340.93005371,1305.38000488,1340.93005371,1312.15002441,1561100000,1312.15002441
2000-12-18,1332.31994629,1312.15002441,1312.15002441,1322.73999023,1189900000,1322.73999023
2000-12-19,1346.43994141,1305.19995117,1322.95996094,1305.59997559,1324900000,1305.59997559
2000-12-20,1305.59997559,1261.16003418,1305.59997559,1264.73999023,1421600000,1264.73999023
2000-12-21,1285.31005859,1254.06994629,1264.73999023,1274.85998535,1449900000,1274.85998535
2000-12-22,1305.9699707,1274.85998535,1274.85998535,1305.94995117,1087100000,1305.94995117
2000-12-26,1315.93994141,1301.64001465,1305.9699707,1315.18994141,806500000,1315.18994141
2000-12-27,1332.0300293,1310.95996094,1315.18994141,1328.92004395,1092700000,1328.92004395
2000-12-28,1335.93005371,1325.7800293,1328.92004395,1334.2199707,1015300000,1334.2199707
2000-12-29,1340.09997559,1317.51000977,1334.2199707,1320.2800293,1035500000,1320.2800293
2001-01-02,1320.2800293,1276.05004883,1320.2800293,1283.27001953,1129400000,1283.27001953
2001-01-03,1347.76000977,1274.61999512,1283.27001953,1347.56005859,1880700000,1347.56005859
2001-01-04,1350.23999023,1329.14001465,1347.56005859,1333.33996582,2131000000,1333.33996582
2001-01-05,1334.77001953,1294.94995117,1333.33996582,1298.34997559,1430800000,1298.34997559
2001-01-08,1298.34997559,1276.29003906,1298.34997559,1295.85998535,1115500000,1295.85998535
2001-01-09,1311.7199707,1295.14001465,1295.85998535,1300.80004883,1191300000,1300.80004883
2001-01-10,1313.76000977,1287.2800293,1300.80004883,1313.27001953,1296500000,1313.27001953
2001-01-11,1332.18994141,1309.7199707,1313.27001953,1326.81994629,1411200000,1326.81994629
2001-01-12,1333.20996094,1311.58996582,1326.81994629,1318.55004883,1276000000,1318.55004883
2001-01-16,1327.81005859,1313.32995605,1318.31994629,1326.65002441,1205700000,1326.65002441
2001-01-17,1346.92004395,1325.41003418,1326.65002441,1329.4699707,1349100000,1329.4699707
2001-01-18,1352.70996094,1327.41003418,1329.89001465,1347.9699707,1445000000,1347.9699707
2001-01-19,1354.55004883,1336.73999023,1347.9699707,1342.54003906,1407800000,1342.54003906
2001-01-22,1353.61999512,1333.83996582,1342.54003906,1342.90002441,1164000000,1342.90002441
2001-01-23,1362.90002441,1339.63000488,1342.90002441,1360.40002441,1232600000,1360.40002441
2001-01-24,1369.75,1357.2800293,1360.40002441,1364.30004883,1309000000,1364.30004883
2001-01-25,1367.34997559,1354.63000488,1364.30004883,1357.51000977,1258000000,1357.51000977
2001-01-26,1357.51000977,1342.75,1357.51000977,1354.94995117,1098000000,1354.94995117
2001-01-29,1365.54003906,1350.35998535,1354.92004395,1364.17004395,1053100000,1364.17004395
2001-01-30,1375.68005371,1356.19995117,1364.17004395,1373.72998047,1149800000,1373.72998047
2001-01-31,1383.36999512,1364.66003418,1373.72998047,1366.01000977,1295300000,1366.01000977
2001-02-01,1373.5,1359.33996582,1366.01000977,1373.4699707,1118800000,1373.4699707
2001-02-02,1376.38000488,1348.7199707,1373.4699707,1349.4699707,1048400000,1349.4699707
2001-02-05,1354.56005859,1344.47998047,1349.4699707,1354.31005859,1013000000,1354.31005859
2001-02-06,1363.55004883,1350.04003906,1354.31005859,1352.26000977,1059600000,1352.26000977
2001-02-07,1352.26000977,1334.26000977,1352.26000977,1340.89001465,1158300000,1340.89001465
2001-02-08,1350.31994629,1332.42004395,1341.09997559,1332.5300293,1107200000,1332.5300293
2001-02-09,1332.5300293,1309.97998047,1332.5300293,1314.76000977,1075500000,1314.76000977
2001-02-12,1330.95996094,1313.64001465,1314.76000977,1330.31005859,1039100000,1330.31005859
2001-02-13,1336.61999512,1317.51000977,1330.31005859,1318.80004883,1075200000,1318.80004883
2001-02-14,1320.72998047,1304.7199707,1318.80004883,1315.92004395,1150300000,1315.92004395
2001-02-15,1331.29003906,1315.92004395,1315.92004395,1326.60998535,1153700000,1326.60998535
2001-02-16,1326.60998535,1293.18005371,1326.60998535,1301.5300293,1257200000,1301.5300293
2001-02-20,1307.16003418,1278.43994141,1301.5300293,1278.93994141,1112200000,1278.93994141
2001-02-21,1282.9699707,1253.16003418,1278.93994141,1255.27001953,1208500000,1255.27001953
2001-02-22,1259.93994141,1228.32995605,1255.27001953,1252.81994629,1365900000,1252.81994629
2001-02-23,1252.81994629,1215.43994141,1252.81994629,1245.85998535,1231300000,1245.85998535
2001-02-26,1267.68994141,1241.70996094,1245.85998535,1267.65002441,1130800000,1267.65002441
2001-02-27,1272.76000977,1252.26000977,1267.65002441,1257.93994141,1114100000,1257.93994141
2001-02-28,1263.4699707,1229.65002441,1257.93994141,1239.93994141,1225300000,1239.93994141
2001-03-01,1241.35998535,1214.5,1239.93994141,1241.22998047,1294900000,1241.22998047
2001-03-02,1251.01000977,1219.73999023,1241.22998047,1234.18005371,1294000000,1234.18005371
2001-03-05,1242.55004883,1234.04003906,1234.18005371,1241.41003418,929200000,1241.41003418
2001-03-06,1267.42004395,1241.41003418,1241.41003418,1253.80004883,1091800000,1253.80004883
2001-03-07,1263.85998535,1253.80004883,1253.80004883,1261.89001465,1132200000,1261.89001465
2001-03-08,1266.5,1257.59997559,1261.89001465,1264.73999023,1114100000,1264.73999023
2001-03-09,1264.73999023,1228.42004395,1264.73999023,1233.42004395,1085900000,1233.42004395
2001-03-12,1233.42004395,1176.7800293,1233.42004395,1180.16003418,1229000000,1180.16003418
2001-03-13,1197.82995605,1171.5,1180.16003418,1197.66003418,1360900000,1197.66003418
2001-03-14,1197.66003418,1155.34997559,1197.66003418,1166.70996094,1397400000,1166.70996094
2001-03-15,1182.04003906,1166.70996094,1166.70996094,1173.56005859,1259500000,1173.56005859
2001-03-16,1173.56005859,1148.64001465,1173.56005859,1150.5300293,1543560000,1150.5300293
2001-03-19,1173.5,1147.18005371,1150.5300293,1170.81005859,1126200000,1170.81005859
2001-03-20,1180.56005859,1142.18994141,1170.81005859,1142.61999512,1235900000,1142.61999512
2001-03-21,1149.39001465,1118.73999023,1142.61999512,1122.14001465,1346300000,1122.14001465
2001-03-22,1124.27001953,1081.18994141,1122.14001465,1117.57995605,1723950000,1117.57995605
2001-03-23,1141.82995605,1117.57995605,1117.57995605,1139.82995605,1364900000,1139.82995605
2001-03-26,1160.02001953,1139.82995605,1139.82995605,1152.68994141,1114000000,1152.68994141
2001-03-27,1183.34997559,1150.95996094,1152.68994141,1182.17004395,1314200000,1182.17004395
2001-03-28,1182.17004395,1147.82995605,1182.17004395,1153.29003906,1333400000,1153.29003906
2001-03-29,1161.68994141,1136.26000977,1153.29003906,1147.94995117,1234500000,1147.94995117
2001-03-30,1162.80004883,1143.82995605,1147.94995117,1160.32995605,1280800000,1160.32995605
2001-04-02,1169.51000977,1137.51000977,1160.32995605,1145.86999512,1254900000,1145.86999512
2001-04-03,1145.86999512,1100.18994141,1145.86999512,1106.45996094,1386100000,1106.45996094
2001-04-04,1117.5,1091.98999023,1106.45996094,1103.25,1425590000,1103.25
2001-04-05,1151.4699707,1103.25,1103.25,1151.43994141,1368000000,1151.43994141
2001-04-06,1151.43994141,1119.29003906,1151.43994141,1128.43005371,1266800000,1128.43005371
2001-04-09,1146.13000488,1126.38000488,1128.43005371,1137.58996582,1062800000,1137.58996582
2001-04-10,1173.92004395,1137.58996582,1137.58996582,1168.38000488,1349600000,1168.38000488
2001-04-11,1182.23999023,1160.26000977,1168.38000488,1165.89001465,1290300000,1165.89001465
2001-04-12,1183.51000977,1157.72998047,1165.89001465,1183.5,1102000000,1183.5
2001-04-16,1184.64001465,1167.38000488,1183.5,1179.68005371,913900000,1179.68005371
2001-04-17,1192.25,1168.90002441,1179.68005371,1191.81005859,1109600000,1191.81005859
2001-04-18,1248.42004395,1191.81005859,1191.81005859,1238.16003418,1918900000,1238.16003418
2001-04-19,1253.70996094,1233.39001465,1238.16003418,1253.68994141,1486800000,1253.68994141
2001-04-20,1253.69995117,1234.41003418,1253.69995117,1242.97998047,1338700000,1242.97998047
2001-04-23,1242.97998047,1217.4699707,1242.97998047,1224.35998535,1012600000,1224.35998535
2001-04-24,1233.54003906,1208.89001465,1224.35998535,1209.4699707,1216500000,1209.4699707
2001-04-25,1232.35998535,1207.38000488,1209.4699707,1228.75,1203600000,1228.75
2001-04-26,1248.30004883,1228.75,1228.75,1234.52001953,1345200000,1234.52001953
2001-04-27,1253.06994629,1234.52001953,1234.52001953,1253.05004883,1091300000,1253.05004883
2001-04-30,1269.30004883,1243.98999023,1253.05004883,1249.45996094,1266800000,1249.45996094
2001-05-01,1266.4699707,1243.55004883,1249.45996094,1266.43994141,1181300000,1266.43994141
2001-05-02,1272.93005371,1257.69995117,1266.43994141,1267.43005371,1342200000,1267.43005371
2001-05-03,1267.43005371,1239.88000488,1267.43005371,1248.57995605,1137900000,1248.57995605
2001-05-04,1267.51000977,1232.0,1248.57995605,1266.60998535,1082100000,1266.60998535
2001-05-07,1270.0,1259.18994141,1266.60998535,1263.51000977,949000000,1263.51000977
2001-05-08,1267.01000977,1253.0,1266.70996094,1261.19995117,1006300000,1261.19995117
2001-05-09,1261.65002441,1247.82995605,1261.19995117,1255.54003906,1132400000,1255.54003906
2001-05-10,1268.14001465,1254.56005859,1255.54003906,1255.18005371,1056700000,1255.18005371
2001-05-11,1259.83996582,1240.79003906,1255.18005371,1245.67004395,906200000,1245.67004395
2001-05-14,1249.68005371,1241.02001953,1245.67004395,1248.92004395,858200000,1248.92004395
2001-05-15,1257.44995117,1245.35998535,1248.92004395,1249.43994141,1071800000,1249.43994141
2001-05-16,1286.39001465,1243.02001953,1249.43994141,1284.98999023,1405300000,1284.98999023
2001-05-17,1296.47998047,1282.65002441,1284.98999023,1288.48999023,1355600000,1288.48999023
2001-05-18,1292.06005859,1281.15002441,1288.48999023,1291.95996094,1130800000,1291.95996094
2001-05-21,1312.94995117,1287.86999512,1291.95996094,1312.82995605,1174900000,1312.82995605
2001-05-22,1315.93005371,1306.89001465,1312.82995605,1309.38000488,1260400000,1309.38000488
2001-05-23,1309.38000488,1288.69995117,1309.38000488,1289.05004883,1134800000,1289.05004883
2001-05-24,1295.04003906,1281.2199707,1289.05004883,1293.17004395,1100700000,1293.17004395
2001-05-25,1293.17004395,1276.42004395,1293.17004395,1277.89001465,828100000,1277.89001465
2001-05-29,1278.42004395,1265.41003418,1277.89001465,1267.93005371,1026000000,1267.93005371
2001-05-30,1267.93005371,1245.95996094,1267.93005371,1248.07995605,1158600000,1248.07995605
2001-05-31,1261.91003418,1248.06994629,1248.07995605,1255.81994629,1226600000,1255.81994629
2001-06-01,1265.33996582,1246.88000488,1255.81994629,1260.67004395,1015000000,1260.67004395
2001-06-04,1267.17004395,1256.35998535,1260.67004395,1267.10998535,836500000,1267.10998535
2001-06-05,1286.61999512,1267.10998535,1267.10998535,1283.56994629,1116800000,1283.56994629
2001-06-06,1283.84997559,1269.01000977,1283.56994629,1270.0300293,1061900000,1270.0300293
2001-06-07,1277.07995605,1265.07995605,1270.0300293,1276.95996094,1089600000,1276.95996094
2001-06-08,1277.10998535,1259.98999023,1276.95996094,1264.95996094,726200000,1264.95996094
2001-06-11,1264.95996094,1249.22998047,1264.95996094,1254.39001465,870100000,1254.39001465
2001-06-12,1261.0,1235.75,1254.39001465,1255.84997559,1136500000,1255.84997559
2001-06-13,1259.75,1241.58996582,1255.84997559,1241.59997559,1063600000,1241.59997559
2001-06-14,1241.59997559,1218.90002441,1241.59997559,1219.86999512,1242900000,1219.86999512
2001-06-15,1221.5,1203.0300293,1219.86999512,1214.35998535,1635550000,1214.35998535
2001-06-18,1221.22998047,1208.32995605,1214.35998535,1208.43005371,1111600000,1208.43005371
2001-06-19,1226.10998535,1207.70996094,1208.43005371,1212.57995605,1184900000,1212.57995605
2001-06-20,1225.60998535,1210.06994629,1212.57995605,1223.14001465,1350100000,1223.14001465
2001-06-21,1240.23999023,1220.25,1223.14001465,1237.04003906,1546820000,1237.04003906
2001-06-22,1237.72998047,1221.41003418,1237.04003906,1225.34997559,1189200000,1225.34997559
2001-06-25,1231.5,1213.59997559,1225.34997559,1218.59997559,1050100000,1218.59997559
2001-06-26,1220.69995117,1204.64001465,1218.59997559,1216.76000977,1198900000,1216.76000977
2001-06-27,1219.92004395,1207.29003906,1216.76000977,1211.06994629,1162100000,1211.06994629
2001-06-28,1234.43994141,1211.06994629,1211.06994629,1226.19995117,1327300000,1226.19995117
2001-06-29,1237.29003906,1221.14001465,1226.19995117,1224.38000488,1832360000,1224.38000488
2001-07-02,1239.7800293,1224.0300293,1224.42004395,1236.7199707,1128300000,1236.7199707
2001-07-03,1236.70996094,1229.43005371,1236.70996094,1234.44995117,622110000,1234.44995117
2001-07-05,1234.44995117,1219.15002441,1234.44995117,1219.23999023,934900000,1219.23999023
2001-07-06,1219.23999023,1188.73999023,1219.23999023,1190.58996582,1056700000,1190.58996582
2001-07-09,1201.76000977,1189.75,1190.58996582,1198.7800293,1045700000,1198.7800293
2001-07-10,1203.43005371,1179.93005371,1198.7800293,1181.52001953,1263800000,1181.52001953
2001-07-11,1184.93005371,1168.45996094,1181.52001953,1180.18005371,1384100000,1180.18005371
2001-07-12,1210.25,1180.18005371,1180.18005371,1208.14001465,1394000000,1208.14001465
2001-07-13,1218.54003906,1203.60998535,1208.14001465,1215.68005371,1121700000,1215.68005371
2001-07-16,1219.63000488,1200.05004883,1215.68005371,1202.44995117,1039800000,1202.44995117
2001-07-17,1215.35998535,1196.14001465,1202.44995117,1214.43994141,1238100000,1214.43994141
2001-07-18,1214.43994141,1198.32995605,1214.43994141,1207.70996094,1316300000,1207.70996094
2001-07-19,1225.04003906,1205.80004883,1207.70996094,1215.02001953,1343500000,1215.02001953
2001-07-20,1215.68994141,1207.04003906,1215.02001953,1210.84997559,1170900000,1210.84997559
2001-07-23,1215.2199707,1190.5,1210.84997559,1191.0300293,986900000,1191.0300293
2001-07-24,1191.0300293,1165.54003906,1191.0300293,1171.65002441,1198700000,1171.65002441
2001-07-25,1190.52001953,1171.2800293,1171.65002441,1190.48999023,1280700000,1190.48999023
2001-07-26,1204.18005371,1182.65002441,1190.48999023,1202.93005371,1213900000,1202.93005371
2001-07-27,1209.26000977,1195.98999023,1202.93005371,1205.81994629,1015300000,1205.81994629
2001-07-30,1209.05004883,1200.41003418,1205.81994629,1204.52001953,909100000,1204.52001953
2001-07-31,1222.73999023,1204.52001953,1204.52001953,1211.22998047,1129200000,1211.22998047
2001-08-01,1223.04003906,1211.22998047,1211.22998047,1215.93005371,1340300000,1215.93005371
2001-08-02,1226.27001953,1215.31005859,1215.93005371,1220.75,1218300000,1220.75
2001-08-03,1220.75,1205.31005859,1220.75,1214.34997559,939900000,1214.34997559
2001-08-06,1214.34997559,1197.34997559,1214.34997559,1200.47998047,811700000,1200.47998047
2001-08-07,1207.56005859,1195.64001465,1200.4699707,1204.40002441,1012000000,1204.40002441
2001-08-08,1206.79003906,1181.27001953,1204.40002441,1183.5300293,1124600000,1183.5300293
2001-08-09,1184.70996094,1174.68005371,1183.5300293,1183.43005371,1104200000,1183.43005371
2001-08-10,1193.32995605,1169.55004883,1183.43005371,1190.16003418,960900000,1190.16003418
2001-08-13,1193.81994629,1185.11999512,1190.16003418,1191.29003906,837600000,1191.29003906
2001-08-14,1198.79003906,1184.26000977,1191.29003906,1186.72998047,964600000,1186.72998047
2001-08-15,1191.20996094,1177.60998535,1186.72998047,1178.02001953,1065600000,1178.02001953
2001-08-16,1181.80004883,1166.07995605,1178.02001953,1181.66003418,1055400000,1181.66003418
2001-08-17,1181.66003418,1156.06994629,1181.66003418,1161.9699707,974300000,1161.9699707
2001-08-20,1171.41003418,1160.93994141,1161.9699707,1171.41003418,897100000,1171.41003418
2001-08-21,1179.84997559,1156.56005859,1171.41003418,1157.26000977,1041600000,1157.26000977
2001-08-22,1168.56005859,1153.33996582,1157.26000977,1165.31005859,1110800000,1165.31005859
2001-08-23,1169.85998535,1160.95996094,1165.31005859,1162.08996582,986200000,1162.08996582
2001-08-24,1185.15002441,1162.08996582,1162.08996582,1184.93005371,1043600000,1184.93005371
2001-08-27,1186.84997559,1178.06994629,1184.93005371,1179.20996094,842600000,1179.20996094
2001-08-28,1179.66003418,1161.17004395,1179.20996094,1161.51000977,987100000,1161.51000977
2001-08-29,1166.9699707,1147.38000488,1161.51000977,1148.56005859,963700000,1148.56005859
2001-08-30,1151.75,1124.86999512,1148.59997559,1129.0300293,1157000000,1129.0300293
2001-08-31,1141.82995605,1126.38000488,1129.0300293,1133.57995605,920100000,1133.57995605
2001-09-04,1155.40002441,1129.06005859,1133.57995605,1132.93994141,1178300000,1132.93994141
2001-09-05,1135.52001953,1114.85998535,1132.93994141,1131.73999023,1384500000,1131.73999023
2001-09-06,1131.73999023,1105.82995605,1131.73999023,1106.40002441,1359700000,1106.40002441
2001-09-07,1106.40002441,1082.11999512,1106.40002441,1085.7800293,1424300000,1085.7800293
2001-09-10,1096.93994141,1073.15002441,1085.7800293,1092.54003906,1276600000,1092.54003906
2001-09-17,1092.54003906,1037.45996094,1092.54003906,1038.77001953,2330830000,1038.77001953
2001-09-18,1046.42004395,1029.25,1038.77001953,1032.73999023,1650410000,1032.73999023
2001-09-19,1038.91003418,984.619995117,1032.73999023,1016.09997559,2120550000,1016.09997559
2001-09-20,1016.09997559,984.489990234,1016.09997559,984.539978027,2004800000,984.539978027
2001-09-21,984.539978027,944.75,984.539978027,965.799987793,2317300000,965.799987793
2001-09-24,1008.44000244,965.799987793,965.799987793,1003.45001221,1746600000,1003.45001221
2001-09-25,1017.14001465,998.33001709,1003.45001221,1012.27001953,1613800000,1012.27001953
2001-09-26,1020.28997803,1002.61999512,1012.27001953,1007.03997803,1519100000,1007.03997803
2001-09-27,1018.91998291,998.239990234,1007.03997803,1018.60998535,1467000000,1018.60998535
2001-09-28,1040.93994141,1018.60998535,1018.60998535,1040.93994141,1631500000,1040.93994141
2001-10-01,1040.93994141,1026.76000977,1040.93994141,1038.55004883,1175600000,1038.55004883
2001-10-02,1051.32995605,1034.4699707,1038.55004883,1051.32995605,1289800000,1051.32995605
2001-10-03,1075.38000488,1041.47998047,1051.32995605,1072.2800293,1650600000,1072.2800293
2001-10-04,1084.11999512,1067.81994629,1072.2800293,1069.63000488,1609100000,1069.63000488
2001-10-05,1072.34997559,1053.5,1069.61999512,1071.38000488,1301700000,1071.38000488
2001-10-08,1071.36999512,1056.88000488,1071.36999512,1062.43994141,979000000,1062.43994141
2001-10-09,1063.36999512,1053.82995605,1062.43994141,1056.75,1227800000,1056.75
2001-10-10,1081.61999512,1052.76000977,1056.75,1080.98999023,1312400000,1080.98999023
2001-10-11,1099.16003418,1080.98999023,1080.98999023,1097.43005371,1704580000,1097.43005371
2001-10-12,1097.43005371,1072.15002441,1097.43005371,1091.65002441,1331400000,1091.65002441
2001-10-15,1091.65002441,1078.18994141,1091.65002441,1089.97998047,1024700000,1089.97998047
2001-10-16,1101.66003418,1087.13000488,1089.97998047,1097.54003906,1210500000,1097.54003906
2001-10-17,1107.11999512,1076.56994629,1097.54003906,1077.08996582,1452200000,1077.08996582
2001-10-18,1077.93994141,1064.54003906,1077.08996582,1068.60998535,1262900000,1068.60998535
2001-10-19,1075.52001953,1057.23999023,1068.60998535,1073.47998047,1294900000,1073.47998047
2001-10-22,1090.56994629,1070.79003906,1073.47998047,1089.90002441,1105700000,1089.90002441
2001-10-23,1098.98999023,1081.5300293,1089.90002441,1084.7800293,1317300000,1084.7800293
2001-10-24,1090.26000977,1079.97998047,1084.7800293,1085.19995117,1336200000,1085.19995117
2001-10-25,1100.08996582,1065.64001465,1085.19995117,1100.08996582,1364400000,1100.08996582
2001-10-26,1110.60998535,1094.23999023,1100.08996582,1104.60998535,1244500000,1104.60998535
2001-10-29,1104.60998535,1078.30004883,1104.60998535,1078.30004883,1106100000,1078.30004883
2001-10-30,1078.30004883,1053.60998535,1078.30004883,1059.79003906,1297400000,1059.79003906
2001-10-31,1074.79003906,1057.55004883,1059.79003906,1059.7800293,1352500000,1059.7800293
2001-11-01,1085.60998535,1054.31005859,1059.7800293,1084.09997559,1317400000,1084.09997559
2001-11-02,1089.63000488,1075.57995605,1084.09997559,1087.19995117,1121900000,1087.19995117
2001-11-05,1106.7199707,1087.19995117,1087.19995117,1102.83996582,1267700000,1102.83996582
2001-11-06,1119.72998047,1095.35998535,1102.83996582,1118.85998535,1356000000,1118.85998535
2001-11-07,1126.61999512,1112.97998047,1118.85998535,1115.80004883,1411300000,1115.80004883
2001-11-08,1135.75,1115.42004395,1115.80004883,1118.54003906,1517500000,1118.54003906
2001-11-09,1123.02001953,1111.13000488,1118.54003906,1120.31005859,1093800000,1120.31005859
2001-11-12,1121.70996094,1098.31994629,1120.31005859,1118.32995605,991600000,1118.32995605
2001-11-13,1139.14001465,1118.32995605,1118.32995605,1139.08996582,1370100000,1139.08996582
2001-11-14,1148.2800293,1132.86999512,1139.08996582,1141.20996094,1443400000,1141.20996094
2001-11-15,1146.45996094,1135.06005859,1141.20996094,1142.23999023,1454500000,1142.23999023
2001-11-16,1143.52001953,1129.92004395,1142.23999023,1138.65002441,1337400000,1138.65002441
2001-11-19,1151.06005859,1138.65002441,1138.65002441,1151.06005859,1316800000,1151.06005859
2001-11-20,1152.44995117,1142.17004395,1151.06005859,1142.66003418,1330200000,1142.66003418
2001-11-21,1142.66003418,1129.7800293,1142.66003418,1137.0300293,1029300000,1137.0300293
2001-11-23,1151.05004883,1135.90002441,1137.0300293,1150.33996582,410300000,1150.33996582
2001-11-26,1157.88000488,1146.17004395,1150.33996582,1157.42004395,1129800000,1157.42004395
2001-11-27,1163.38000488,1140.81005859,1157.42004395,1149.5,1288000000,1149.5
2001-11-28,1149.5,1128.29003906,1149.5,1128.52001953,1423700000,1128.52001953
2001-11-29,1140.40002441,1125.51000977,1128.52001953,1140.19995117,1375700000,1140.19995117
2001-11-30,1143.56994629,1135.89001465,1140.19995117,1139.44995117,1343600000,1139.44995117
2001-12-03,1139.44995117,1125.7800293,1139.44995117,1129.90002441,1202900000,1129.90002441
2001-12-04,1144.80004883,1128.85998535,1129.90002441,1144.80004883,1318500000,1144.80004883
2001-12-05,1173.61999512,1143.77001953,1143.77001953,1170.34997559,1765300000,1170.34997559
2001-12-06,1173.34997559,1164.43005371,1170.34997559,1167.09997559,1487900000,1167.09997559
2001-12-07,1167.09997559,1152.66003418,1167.09997559,1158.31005859,1248200000,1158.31005859
2001-12-10,1158.31005859,1139.66003418,1158.31005859,1139.93005371,1218700000,1139.93005371
2001-12-11,1150.89001465,1134.31994629,1139.93005371,1136.76000977,1367200000,1136.76000977
2001-12-12,1141.57995605,1126.01000977,1136.76000977,1137.06994629,1449700000,1137.06994629
2001-12-13,1137.06994629,1117.84997559,1137.06994629,1119.38000488,1511500000,1119.38000488
2001-12-14,1128.2800293,1114.5300293,1119.38000488,1123.08996582,1306800000,1123.08996582
2001-12-17,1137.30004883,1122.66003418,1123.08996582,1134.35998535,1260400000,1134.35998535
2001-12-18,1145.09997559,1134.35998535,1134.35998535,1142.92004395,1354000000,1142.92004395
2001-12-19,1152.43994141,1134.75,1142.92004395,1149.56005859,1484900000,1149.56005859
2001-12-20,1151.42004395,1139.93005371,1149.56005859,1139.93005371,1490500000,1139.93005371
2001-12-21,1147.45996094,1139.93005371,1139.93005371,1144.89001465,1694000000,1144.89001465
2001-12-24,1147.82995605,1144.61999512,1144.89001465,1144.65002441,439670000,1144.65002441
2001-12-26,1159.18005371,1144.65002441,1144.65002441,1149.36999512,791100000,1149.36999512
2001-12-27,1157.13000488,1149.36999512,1149.36999512,1157.13000488,876300000,1157.13000488
2001-12-28,1164.64001465,1157.13000488,1157.13000488,1161.02001953,917400000,1161.02001953
2001-12-31,1161.16003418,1148.04003906,1161.02001953,1148.07995605,943600000,1148.07995605
2002-01-02,1154.67004395,1136.22998047,1148.07995605,1154.67004395,1171000000,1154.67004395
2002-01-03,1165.27001953,1154.01000977,1154.67004395,1165.27001953,1398900000,1165.27001953
2002-01-04,1176.55004883,1163.42004395,1165.27001953,1172.51000977,1513000000,1172.51000977
2002-01-07,1176.9699707,1163.55004883,1172.51000977,1164.89001465,1308300000,1164.89001465
2002-01-08,1167.59997559,1157.45996094,1164.89001465,1160.70996094,1258800000,1160.70996094
2002-01-09,1174.26000977,1151.89001465,1160.70996094,1155.14001465,1452000000,1155.14001465
2002-01-10,1159.93005371,1150.84997559,1155.14001465,1156.55004883,1299000000,1156.55004883
2002-01-11,1159.41003418,1145.44995117,1156.55004883,1145.59997559,1211900000,1145.59997559
2002-01-14,1145.59997559,1138.15002441,1145.59997559,1138.41003418,1286400000,1138.41003418
2002-01-15,1148.81005859,1136.88000488,1138.41003418,1146.18994141,1386900000,1146.18994141
2002-01-16,1146.18994141,1127.48999023,1146.18994141,1127.56994629,1482500000,1127.56994629
2002-01-17,1139.27001953,1127.56994629,1127.56994629,1138.88000488,1380100000,1138.88000488
2002-01-18,1138.88000488,1124.44995117,1138.88000488,1127.57995605,1333300000,1127.57995605
2002-01-22,1135.26000977,1117.91003418,1127.57995605,1119.31005859,1311600000,1119.31005859
2002-01-23,1131.93994141,1117.43005371,1119.31005859,1128.18005371,1479200000,1128.18005371
2002-01-24,1139.5,1128.18005371,1128.18005371,1132.15002441,1552800000,1132.15002441
2002-01-25,1138.31005859,1127.81994629,1132.15002441,1133.2800293,1345100000,1133.2800293
2002-01-28,1138.63000488,1126.66003418,1133.2800293,1133.06005859,1186800000,1133.06005859
2002-01-29,1137.4699707,1098.73999023,1133.06005859,1100.64001465,1812000000,1100.64001465
2002-01-30,1113.79003906,1081.66003418,1100.64001465,1113.56994629,2019600000,1113.56994629
2002-01-31,1130.20996094,1113.30004883,1113.56994629,1130.19995117,1557000000,1130.19995117
2002-02-01,1130.19995117,1118.51000977,1130.19995117,1122.19995117,1367200000,1122.19995117
2002-02-04,1122.19995117,1092.25,1122.19995117,1094.43994141,1437600000,1094.43994141
2002-02-05,1100.95996094,1082.57995605,1094.43994141,1090.02001953,1778300000,1090.02001953
2002-02-06,1093.57995605,1077.7800293,1090.02001953,1083.51000977,1665800000,1083.51000977
2002-02-07,1094.0300293,1078.43994141,1083.51000977,1080.17004395,1441600000,1080.17004395
2002-02-08,1096.30004883,1079.91003418,1080.17004395,1096.2199707,1371900000,1096.2199707
2002-02-11,1112.01000977,1094.68005371,1096.2199707,1111.93994141,1159400000,1111.93994141
2002-02-12,1112.68005371,1102.97998047,1111.93994141,1107.5,1094200000,1107.5
2002-02-13,1120.56005859,1107.5,1107.5,1118.51000977,1215900000,1118.51000977
2002-02-14,1124.7199707,1112.30004883,1118.51000977,1116.47998047,1272500000,1116.47998047
2002-02-15,1117.08996582,1103.22998047,1116.47998047,1104.18005371,1359200000,1104.18005371
2002-02-19,1104.18005371,1082.23999023,1104.18005371,1083.33996582,1189900000,1083.33996582
2002-02-20,1098.31994629,1074.35998535,1083.33996582,1097.97998047,1438900000,1097.97998047
2002-02-21,1101.5,1080.23999023,1097.97998047,1080.94995117,1381600000,1080.94995117
2002-02-22,1093.93005371,1074.39001465,1080.94995117,1089.83996582,1411000000,1089.83996582
2002-02-25,1112.70996094,1089.83996582,1089.83996582,1109.43005371,1367400000,1109.43005371
2002-02-26,1115.05004883,1101.7199707,1109.43005371,1109.38000488,1309200000,1109.38000488
2002-02-27,1123.06005859,1102.26000977,1109.38000488,1109.89001465,1393800000,1109.89001465
2002-02-28,1121.56994629,1106.72998047,1109.89001465,1106.72998047,1392200000,1106.72998047
2002-03-01,1131.79003906,1106.72998047,1106.72998047,1131.7800293,1456500000,1131.7800293
2002-03-04,1153.83996582,1130.93005371,1131.7800293,1153.83996582,1594300000,1153.83996582
2002-03-05,1157.73999023,1144.7800293,1153.83996582,1146.14001465,1549300000,1146.14001465
2002-03-06,1165.29003906,1145.10998535,1146.14001465,1162.77001953,1541300000,1162.77001953
2002-03-07,1167.93994141,1150.68994141,1162.77001953,1157.54003906,1517400000,1157.54003906
2002-03-08,1172.76000977,1157.54003906,1157.54003906,1164.31005859,1412000000,1164.31005859
2002-03-11,1173.0300293,1159.57995605,1164.31005859,1168.26000977,1210200000,1168.26000977
2002-03-12,1168.26000977,1154.33996582,1168.26000977,1165.57995605,1304400000,1165.57995605
2002-03-13,1165.57995605,1151.01000977,1165.57995605,1154.08996582,1354000000,1154.08996582
2002-03-14,1157.82995605,1151.07995605,1154.08996582,1153.04003906,1208800000,1153.04003906
2002-03-15,1166.47998047,1153.04003906,1153.04003906,1166.16003418,1493900000,1166.16003418
2002-03-18,1172.72998047,1159.14001465,1166.16003418,1165.55004883,1169500000,1165.55004883
2002-03-19,1173.93994141,1165.55004883,1165.55004883,1170.29003906,1255000000,1170.29003906
2002-03-20,1170.29003906,1151.60998535,1170.29003906,1151.84997559,1304900000,1151.84997559
2002-03-21,1155.09997559,1139.47998047,1151.84997559,1153.58996582,1339200000,1153.58996582
2002-03-22,1156.48999023,1144.59997559,1153.58996582,1148.69995117,1243300000,1148.69995117
2002-03-25,1151.04003906,1131.86999512,1148.69995117,1131.86999512,1057900000,1131.86999512
2002-03-26,1147.0,1131.60998535,1131.86999512,1138.48999023,1223600000,1138.48999023
2002-03-27,1146.94995117,1135.32995605,1138.48999023,1144.57995605,1180100000,1144.57995605
2002-03-28,1154.44995117,1144.57995605,1144.57995605,1147.39001465,1147600000,1147.39001465
2002-04-01,1147.83996582,1132.86999512,1147.39001465,1146.54003906,1050900000,1146.54003906
2002-04-02,1146.54003906,1135.70996094,1146.54003906,1136.76000977,1176700000,1136.76000977
2002-04-03,1138.84997559,1119.68005371,1136.76000977,1125.40002441,1219700000,1125.40002441
2002-04-04,1130.44995117,1120.06005859,1125.40002441,1126.33996582,1283800000,1126.33996582
2002-04-05,1133.31005859,1119.48999023,1126.33996582,1122.72998047,1110200000,1122.72998047
2002-04-08,1125.41003418,1111.79003906,1122.72998047,1125.29003906,1095300000,1125.29003906
2002-04-09,1128.29003906,1116.72998047,1125.29003906,1117.80004883,1235400000,1117.80004883
2002-04-10,1131.76000977,1117.80004883,1117.80004883,1130.4699707,1447900000,1130.4699707
2002-04-11,1130.4699707,1102.42004395,1130.4699707,1103.68994141,1505600000,1103.68994141
2002-04-12,1112.77001953,1102.73999023,1103.68994141,1111.01000977,1282100000,1111.01000977
2002-04-15,1114.85998535,1099.41003418,1111.01000977,1102.55004883,1120400000,1102.55004883
2002-04-16,1129.40002441,1102.55004883,1102.55004883,1128.36999512,1341300000,1128.36999512
2002-04-17,1133.0,1123.36999512,1128.36999512,1126.06994629,1376900000,1126.06994629
2002-04-18,1130.48999023,1109.29003906,1126.06994629,1124.4699707,1359300000,1124.4699707
2002-04-19,1128.81994629,1122.58996582,1124.4699707,1125.17004395,1185000000,1125.17004395
2002-04-22,1125.17004395,1105.61999512,1125.17004395,1107.82995605,1181800000,1107.82995605
2002-04-23,1111.17004395,1098.93994141,1107.82995605,1100.95996094,1388500000,1100.95996094
2002-04-24,1108.45996094,1092.51000977,1100.95996094,1093.14001465,1373200000,1093.14001465
2002-04-25,1094.35998535,1084.81005859,1093.14001465,1091.47998047,1517400000,1091.47998047
2002-04-26,1096.77001953,1076.31005859,1091.47998047,1076.31994629,1374200000,1076.31994629
2002-04-29,1078.94995117,1063.61999512,1076.31994629,1065.44995117,1314700000,1065.44995117
2002-04-30,1082.61999512,1063.45996094,1065.44995117,1076.92004395,1628600000,1076.92004395
2002-05-01,1088.31994629,1065.29003906,1076.92004395,1086.45996094,1451400000,1086.45996094
2002-05-02,1091.42004395,1079.45996094,1086.45996094,1084.56005859,1364000000,1084.56005859
2002-05-03,1084.56005859,1068.89001465,1084.56005859,1073.43005371,1284500000,1073.43005371
2002-05-06,1075.95996094,1052.65002441,1073.43005371,1052.67004395,1122600000,1052.67004395
2002-05-07,1058.67004395,1048.95996094,1052.67004395,1049.48999023,1354700000,1049.48999023
2002-05-08,1088.92004395,1049.48999023,1049.48999023,1088.84997559,1502000000,1088.84997559
2002-05-09,1088.84997559,1072.22998047,1088.84997559,1073.01000977,1153000000,1073.01000977
2002-05-10,1075.43005371,1053.93005371,1073.01000977,1054.98999023,1171900000,1054.98999023
2002-05-13,1074.83996582,1053.90002441,1054.98999023,1074.56005859,1088600000,1074.56005859
2002-05-14,1097.70996094,1074.56005859,1074.56005859,1097.2800293,1414500000,1097.2800293
2002-05-15,1104.22998047,1088.93994141,1097.2800293,1091.06994629,1420200000,1091.06994629
2002-05-16,1099.29003906,1089.17004395,1091.06994629,1098.22998047,1256600000,1098.22998047
2002-05-17,1106.58996582,1096.77001953,1098.22998047,1106.58996582,1274400000,1106.58996582
2002-05-20,1106.58996582,1090.60998535,1106.58996582,1091.88000488,989800000,1091.88000488
2002-05-21,1099.55004883,1079.07995605,1091.88000488,1079.88000488,1200500000,1079.88000488
2002-05-22,1086.02001953,1075.64001465,1079.88000488,1086.02001953,1136300000,1086.02001953
2002-05-23,1097.09997559,1080.55004883,1086.02001953,1097.07995605,1192900000,1097.07995605
2002-05-24,1097.07995605,1082.18994141,1097.07995605,1083.81994629,885400000,1083.81994629
2002-05-28,1085.97998047,1070.31005859,1083.81994629,1074.55004883,996500000,1074.55004883
2002-05-29,1074.82995605,1067.66003418,1074.55004883,1067.66003418,1081800000,1067.66003418
2002-05-30,1069.5,1054.26000977,1067.66003418,1064.66003418,1286600000,1064.66003418
2002-05-31,1079.93005371,1064.66003418,1064.66003418,1067.14001465,1277300000,1067.14001465
2002-06-03,1070.73999023,1039.90002441,1067.14001465,1040.68005371,1324300000,1040.68005371
2002-06-04,1046.06005859,1030.52001953,1040.68005371,1040.68994141,1466600000,1040.68994141
2002-06-05,1050.10998535,1038.83996582,1040.68994141,1049.90002441,1300100000,1049.90002441
2002-06-06,1049.90002441,1026.91003418,1049.90002441,1029.15002441,1601500000,1029.15002441
2002-06-07,1033.02001953,1012.48999023,1029.15002441,1027.5300293,1341300000,1027.5300293
2002-06-10,1038.18005371,1025.44995117,1027.5300293,1030.73999023,1226200000,1030.73999023
2002-06-11,1039.04003906,1012.94000244,1030.73999023,1013.59997559,1212400000,1013.59997559
2002-06-12,1021.84997559,1002.58001709,1013.26000977,1020.26000977,1795720000,1020.26000977
2002-06-13,1023.4699707,1008.11999512,1020.26000977,1009.55999756,1405500000,1009.55999756
2002-06-14,1009.55999756,981.630004883,1009.55999756,1007.27001953,1549000000,1007.27001953
2002-06-17,1036.17004395,1007.27001953,1007.27001953,1036.17004395,1236600000,1036.17004395
2002-06-18,1040.82995605,1030.92004395,1036.17004395,1037.14001465,1193100000,1037.14001465
2002-06-19,1037.60998535,1017.88000488,1037.14001465,1019.98999023,1336100000,1019.98999023
2002-06-20,1023.33001709,1004.59002686,1019.98999023,1006.28997803,1389700000,1006.28997803
2002-06-21,1006.28997803,985.650024414,1006.28997803,989.140014648,1497200000,989.140014648
2002-06-24,1002.10998535,970.849975586,989.140014648,992.719970703,1552600000,992.719970703
2002-06-25,1005.88000488,974.210021973,992.719970703,976.140014648,1513700000,976.140014648
2002-06-26,977.429992676,952.91998291,976.140014648,973.530029297,2014290000,973.530029297
2002-06-27,990.66998291,963.739990234,973.530029297,990.640014648,1908600000,990.640014648
2002-06-28,1001.78997803,988.309997559,990.640014648,989.820007324,2117000000,989.820007324
2002-07-01,994.460021973,967.429992676,989.820007324,968.650024414,1425500000,968.650024414
2002-07-02,968.650024414,945.539978027,968.650024414,948.090026855,1823000000,948.090026855
2002-07-03,954.299987793,934.869995117,948.090026855,953.989990234,1527800000,953.989990234
2002-07-05,989.070007324,953.989990234,953.989990234,989.030029297,699400000,989.030029297
2002-07-08,993.559997559,972.909973145,989.030029297,976.979980469,1184400000,976.979980469
2002-07-09,979.630004883,951.710021973,976.979980469,952.83001709,1348900000,952.83001709
2002-07-10,956.340026855,920.289978027,952.83001709,920.469970703,1816900000,920.469970703
2002-07-11,929.159973145,900.940002441,920.469970703,927.369995117,2080480000,927.369995117
2002-07-12,934.309997559,913.710021973,927.369995117,921.390014648,1607400000,921.390014648
2002-07-15,921.390014648,876.460021973,921.390014648,917.929992676,2574800000,917.929992676
2002-07-16,918.650024414,897.130004883,917.929992676,900.940002441,1843700000,900.940002441
2002-07-17,926.520019531,895.030029297,901.049987793,906.039978027,2566500000,906.039978027
2002-07-18,907.799987793,880.599975586,905.450012207,881.559997559,1736300000,881.559997559
2002-07-19,881.559997559,842.070007324,881.559997559,847.75,2654100000,847.75
2002-07-22,854.130004883,813.260009766,847.760009766,819.849975586,2248060000,819.849975586
2002-07-23,827.690002441,796.130004883,819.849975586,797.700012207,2441020000,797.700012207
2002-07-24,844.320007324,775.679992676,797.710021973,843.429992676,2775560000,843.429992676
2002-07-25,853.83001709,816.109985352,843.41998291,838.679992676,2424700000,838.679992676
2002-07-26,852.849975586,835.91998291,838.679992676,852.840026855,1796100000,852.840026855
2002-07-29,898.960021973,852.840026855,852.840026855,898.960021973,1778650000,898.960021973
2002-07-30,909.809997559,884.700012207,898.960021973,902.780029297,1826090000,902.780029297
2002-07-31,911.640014648,889.880004883,902.780029297,911.619995117,2049360000,911.619995117
2002-08-01,911.619995117,882.479980469,911.619995117,884.659973145,1672200000,884.659973145
2002-08-02,884.719970703,853.950012207,884.400024414,864.239990234,1538100000,864.239990234
2002-08-05,864.239990234,833.440002441,864.239990234,834.599975586,1425500000,834.599975586
2002-08-06,874.440002441,834.599975586,834.599975586,859.570007324,1514100000,859.570007324
2002-08-07,878.739990234,854.150024414,859.570007324,876.770019531,1490400000,876.770019531
2002-08-08,905.840026855,875.16998291,876.770019531,905.460021973,1646700000,905.460021973
2002-08-09,913.950012207,890.770019531,898.729980469,908.640014648,1294900000,908.640014648
2002-08-12,908.640014648,892.380004883,908.640014648,903.799987793,1036500000,903.799987793
2002-08-13,911.710021973,883.619995117,903.799987793,884.210021973,1297700000,884.210021973
2002-08-14,920.210021973,876.200012207,884.210021973,919.619995117,1533800000,919.619995117
2002-08-15,933.289978027,918.16998291,919.619995117,930.25,1505100000,930.25
2002-08-16,935.380004883,916.210021973,930.25,928.770019531,1265300000,928.770019531
2002-08-19,951.16998291,927.210021973,928.770019531,950.700012207,1299800000,950.700012207
2002-08-20,950.700012207,931.859985352,950.700012207,937.429992676,1308500000,937.429992676
2002-08-21,951.590026855,931.320007324,937.429992676,949.359985352,1353100000,949.359985352
2002-08-22,965.0,946.429992676,949.359985352,962.700012207,1373000000,962.700012207
2002-08-23,962.700012207,937.16998291,962.700012207,940.859985352,1071500000,940.859985352
2002-08-26,950.799987793,930.41998291,940.859985352,947.950012207,1016900000,947.950012207
2002-08-27,955.820007324,930.359985352,947.950012207,934.820007324,1307700000,934.820007324
2002-08-28,934.820007324,913.210021973,934.820007324,917.869995117,1146600000,917.869995117
2002-08-29,924.590026855,903.33001709,917.869995117,917.799987793,1271100000,917.799987793
2002-08-30,928.150024414,910.16998291,917.799987793,916.070007324,929900000,916.070007324
2002-09-03,916.070007324,877.510009766,916.070007324,878.020019531,1289800000,878.020019531
2002-09-04,896.099975586,875.729980469,878.020019531,893.400024414,1372100000,893.400024414
2002-09-05,893.400024414,870.5,893.400024414,879.150024414,1401300000,879.150024414
2002-09-06,899.070007324,879.150024414,879.150024414,893.91998291,1184500000,893.91998291
2002-09-09,907.340026855,882.91998291,893.91998291,902.960021973,1130600000,902.960021973
2002-09-10,909.890014648,900.5,902.960021973,909.58001709,1186400000,909.58001709
2002-09-11,924.020019531,908.469970703,910.630004883,909.450012207,846600000,909.450012207
2002-09-12,909.450012207,884.840026855,909.450012207,886.909973145,1191600000,886.909973145
2002-09-13,892.75,877.049987793,886.909973145,889.809997559,1271000000,889.809997559
2002-09-16,891.840026855,878.909973145,889.809997559,891.099975586,1001400000,891.099975586
2002-09-17,902.679992676,872.380004883,891.099975586,873.520019531,1448600000,873.520019531
2002-09-18,878.450012207,857.390014648,873.520019531,869.460021973,1501000000,869.460021973
2002-09-19,869.460021973,843.090026855,869.460021973,843.320007324,1524000000,843.320007324
2002-09-20,849.320007324,839.090026855,843.320007324,845.390014648,1792800000,845.390014648
2002-09-23,845.390014648,825.760009766,845.390014648,833.700012207,1381100000,833.700012207
2002-09-24,833.700012207,817.380004883,833.700012207,819.289978027,1670240000,819.289978027
2002-09-25,844.219970703,818.460021973,819.270019531,839.659973145,1651500000,839.659973145
2002-09-26,856.599975586,839.659973145,839.659973145,854.950012207,1650000000,854.950012207
2002-09-27,854.950012207,826.840026855,854.950012207,827.369995117,1507300000,827.369995117
2002-09-30,827.369995117,800.200012207,827.369995117,815.280029297,1721870000,815.280029297
2002-10-01,847.929992676,812.820007324,815.280029297,847.909973145,1780900000,847.909973145
2002-10-02,851.929992676,826.5,843.770019531,827.909973145,1668900000,827.909973145
2002-10-03,840.020019531,817.25,827.909973145,818.950012207,1674500000,818.950012207
2002-10-04,825.900024414,794.099975586,818.950012207,800.58001709,1835930000,800.58001709
2002-10-07,808.210021973,782.960021973,800.58001709,785.280029297,1576500000,785.280029297
2002-10-08,808.859985352,779.5,785.280029297,798.549987793,1938430000,798.549987793
2002-10-09,798.549987793,775.799987793,798.549987793,776.760009766,1885030000,776.760009766
2002-10-10,806.510009766,768.630004883,776.760009766,803.91998291,2090230000,803.91998291
2002-10-11,843.270019531,803.91998291,803.91998291,835.320007324,1854130000,835.320007324
2002-10-14,844.390014648,828.369995117,835.320007324,841.440002441,1200300000,841.440002441
2002-10-15,881.270019531,841.440002441,841.440002441,881.270019531,1956000000,881.270019531
2002-10-16,881.270019531,856.280029297,881.270019531,860.020019531,1585000000,860.020019531
2002-10-17,885.349975586,860.020019531,860.020019531,879.200012207,1780390000,879.200012207
2002-10-18,886.679992676,866.58001709,879.200012207,884.390014648,1423100000,884.390014648
2002-10-21,900.690002441,873.059997559,884.390014648,899.719970703,1447000000,899.719970703
2002-10-22,899.719970703,882.400024414,899.719970703,890.159973145,1549200000,890.159973145
2002-10-23,896.140014648,873.820007324,890.159973145,896.140014648,1593900000,896.140014648
2002-10-24,902.940002441,879.0,896.140014648,882.5,1700570000,882.5
2002-10-25,897.710021973,877.030029297,882.5,897.650024414,1340400000,897.650024414
2002-10-28,907.440002441,886.150024414,897.650024414,890.229980469,1382600000,890.229980469
2002-10-29,890.640014648,867.909973145,890.229980469,882.150024414,1529700000,882.150024414
2002-10-30,895.280029297,879.190002441,882.150024414,890.710021973,1422300000,890.710021973
2002-10-31,898.83001709,879.75,890.710021973,885.760009766,1641300000,885.760009766
2002-11-01,903.41998291,877.710021973,885.760009766,900.960021973,1450400000,900.960021973
2002-11-04,924.58001709,900.960021973,900.960021973,908.349975586,1645900000,908.349975586
2002-11-05,915.83001709,904.909973145,908.349975586,915.390014648,1354100000,915.390014648
2002-11-06,925.659973145,905.0,915.390014648,923.760009766,1674000000,923.760009766
2002-11-07,923.760009766,898.679992676,923.760009766,902.650024414,1466900000,902.650024414
2002-11-08,910.109985352,891.619995117,902.650024414,894.739990234,1446500000,894.739990234
2002-11-11,894.739990234,874.630004883,894.739990234,876.190002441,1113000000,876.190002441
2002-11-12,894.299987793,876.190002441,876.190002441,882.950012207,1377100000,882.950012207
2002-11-13,892.510009766,872.049987793,882.950012207,882.530029297,1463400000,882.530029297
2002-11-14,904.270019531,882.530029297,882.530029297,904.270019531,1519000000,904.270019531
2002-11-15,910.210021973,895.349975586,904.270019531,909.83001709,1400100000,909.83001709
2002-11-18,915.909973145,899.479980469,909.83001709,900.359985352,1282600000,900.359985352
2002-11-19,905.450012207,893.090026855,900.359985352,896.739990234,1337400000,896.739990234
2002-11-20,915.010009766,894.929992676,896.739990234,914.150024414,1517300000,914.150024414
2002-11-21,935.130004883,914.150024414,914.150024414,933.760009766,2415100000,933.760009766
2002-11-22,937.280029297,928.409973145,933.760009766,930.549987793,1626800000,930.549987793
2002-11-25,937.150024414,923.309997559,930.549987793,932.869995117,1574000000,932.869995117
2002-11-26,932.869995117,912.099975586,932.869995117,913.309997559,1543600000,913.309997559
2002-11-27,940.409973145,913.309997559,913.309997559,938.869995117,1350300000,938.869995117
2002-11-29,941.820007324,935.58001709,938.869995117,936.309997559,643460000,936.309997559
2002-12-02,954.280029297,927.719970703,936.309997559,934.530029297,1612000000,934.530029297
2002-12-03,934.530029297,918.729980469,934.530029297,920.75,1488400000,920.75
2002-12-04,925.25,909.510009766,920.75,917.58001709,1588900000,917.58001709
2002-12-05,921.489990234,905.900024414,917.58001709,906.549987793,1250200000,906.549987793
2002-12-06,915.479980469,895.960021973,906.549987793,912.229980469,1241100000,912.229980469
2002-12-09,912.229980469,891.969970703,912.229980469,892.0,1320800000,892.0
2002-12-10,904.950012207,892.0,892.0,904.450012207,1286600000,904.450012207
2002-12-11,909.940002441,896.479980469,904.450012207,904.960021973,1285100000,904.960021973
2002-12-12,908.369995117,897.0,904.960021973,901.58001709,1255300000,901.58001709
2002-12-13,901.58001709,888.479980469,901.58001709,889.479980469,1330800000,889.479980469
2002-12-16,910.41998291,889.479980469,889.479980469,910.400024414,1271600000,910.400024414
2002-12-17,911.219970703,901.739990234,910.400024414,902.989990234,1251800000,902.989990234
2002-12-18,902.989990234,887.820007324,902.989990234,891.119995117,1446200000,891.119995117
2002-12-19,899.190002441,880.320007324,890.020019531,884.25,1385900000,884.25
2002-12-20,897.789978027,884.25,884.25,895.760009766,1782730000,895.760009766
2002-12-23,902.429992676,892.260009766,895.739990234,897.380004883,1112100000,897.380004883
2002-12-24,897.380004883,892.289978027,897.380004883,892.469970703,458310000,892.469970703
2002-12-26,903.890014648,887.479980469,892.469970703,889.659973145,721100000,889.659973145
2002-12-27,890.460021973,873.619995117,889.659973145,875.400024414,758400000,875.400024414
2002-12-30,882.099975586,870.229980469,875.400024414,879.390014648,1057800000,879.390014648
2002-12-31,881.929992676,869.450012207,879.390014648,879.820007324,1088500000,879.820007324
2003-01-02,909.030029297,879.820007324,879.820007324,909.030029297,1229200000,909.030029297
2003-01-03,911.25,903.070007324,909.030029297,908.590026855,1130800000,908.590026855
2003-01-06,931.770019531,908.590026855,908.590026855,929.010009766,1435900000,929.010009766
2003-01-07,930.809997559,919.929992676,929.010009766,922.929992676,1545200000,922.929992676
2003-01-08,922.929992676,908.320007324,922.929992676,909.929992676,1467600000,909.929992676
2003-01-09,928.309997559,909.929992676,909.929992676,927.570007324,1560300000,927.570007324
2003-01-10,932.890014648,917.659973145,927.58001709,927.570007324,1485400000,927.570007324
2003-01-13,935.049987793,922.049987793,927.570007324,926.260009766,1396300000,926.260009766
2003-01-14,931.659973145,921.719970703,926.260009766,931.659973145,1379400000,931.659973145
2003-01-15,932.590026855,916.700012207,931.659973145,918.219970703,1432100000,918.219970703
2003-01-16,926.030029297,911.979980469,918.219970703,914.599975586,1534600000,914.599975586
2003-01-17,914.599975586,899.020019531,914.599975586,901.780029297,1358200000,901.780029297
2003-01-21,906.0,887.619995117,901.780029297,887.619995117,1335200000,887.619995117
2003-01-22,889.739990234,877.640014648,887.619995117,878.359985352,1560800000,878.359985352
2003-01-23,890.25,876.890014648,878.359985352,887.340026855,1744550000,887.340026855
2003-01-24,887.340026855,859.710021973,887.340026855,861.400024414,1574800000,861.400024414
2003-01-27,863.950012207,844.25,861.400024414,847.479980469,1435900000,847.479980469
2003-01-28,860.760009766,847.479980469,847.479980469,858.539978027,1459100000,858.539978027
2003-01-29,868.719970703,845.859985352,858.539978027,864.359985352,1595400000,864.359985352
2003-01-30,865.479980469,843.739990234,864.359985352,844.609985352,1510300000,844.609985352
2003-01-31,858.33001709,840.340026855,844.609985352,855.700012207,1578530000,855.700012207
2003-02-03,864.640014648,855.700012207,855.700012207,860.320007324,1258500000,860.320007324
2003-02-04,860.320007324,840.190002441,860.320007324,848.200012207,1451600000,848.200012207
2003-02-05,861.630004883,842.109985352,848.200012207,843.590026855,1450800000,843.590026855
2003-02-06,844.229980469,833.25,843.590026855,838.150024414,1430900000,838.150024414
2003-02-07,845.729980469,826.700012207,838.150024414,829.690002441,1276800000,829.690002441
2003-02-10,837.159973145,823.530029297,829.690002441,835.969970703,1238200000,835.969970703
2003-02-11,843.020019531,825.090026855,835.969970703,829.200012207,1307000000,829.200012207
2003-02-12,832.119995117,818.489990234,829.200012207,818.679992676,1260500000,818.679992676
2003-02-13,821.25,806.289978027,818.679992676,817.369995117,1489300000,817.369995117
2003-02-14,834.890014648,815.030029297,817.369995117,834.890014648,1404600000,834.890014648
2003-02-18,852.869995117,834.890014648,834.890014648,851.16998291,1250800000,851.16998291
2003-02-19,851.16998291,838.789978027,851.16998291,845.130004883,1075600000,845.130004883
2003-02-20,849.369995117,836.559997559,845.130004883,837.099975586,1194100000,837.099975586
2003-02-21,852.280029297,831.479980469,837.099975586,848.16998291,1398200000,848.16998291
2003-02-24,848.16998291,832.159973145,848.16998291,832.58001709,1229200000,832.58001709
2003-02-25,839.549987793,818.539978027,832.58001709,838.570007324,1483700000,838.570007324
2003-02-26,840.099975586,826.679992676,838.570007324,827.549987793,1374400000,827.549987793
2003-02-27,842.190002441,827.549987793,827.549987793,837.280029297,1287800000,837.280029297
2003-02-28,847.0,837.280029297,837.280029297,841.150024414,1373300000,841.150024414
2003-03-03,852.340026855,832.739990234,841.150024414,834.809997559,1208900000,834.809997559
2003-03-04,835.429992676,821.960021973,834.809997559,821.989990234,1256600000,821.989990234
2003-03-05,829.869995117,819.0,821.989990234,829.849975586,1332700000,829.849975586
2003-03-06,829.849975586,819.849975586,829.849975586,822.099975586,1299200000,822.099975586
2003-03-07,829.549987793,811.229980469,822.099975586,828.890014648,1368500000,828.890014648
2003-03-10,828.890014648,806.570007324,828.890014648,807.479980469,1255000000,807.479980469
2003-03-11,814.25,800.299987793,807.479980469,800.729980469,1427700000,800.729980469
2003-03-12,804.190002441,788.900024414,800.729980469,804.190002441,1620000000,804.190002441
2003-03-13,832.020019531,804.190002441,804.190002441,831.900024414,1816300000,831.900024414
2003-03-14,841.390014648,828.260009766,831.890014648,833.270019531,1541900000,833.270019531
2003-03-17,862.789978027,827.16998291,833.270019531,862.789978027,1700420000,862.789978027
2003-03-18,866.940002441,857.359985352,862.789978027,866.450012207,1555100000,866.450012207
2003-03-19,874.989990234,861.210021973,866.450012207,874.020019531,1473400000,874.020019531
2003-03-20,879.599975586,859.010009766,874.020019531,875.66998291,1439100000,875.66998291
2003-03-21,895.900024414,875.840026855,875.840026855,895.789978027,1883710000,895.789978027
2003-03-24,895.789978027,862.020019531,895.789978027,864.229980469,1293000000,864.229980469
2003-03-25,879.869995117,862.590026855,864.229980469,874.739990234,1333400000,874.739990234
2003-03-26,875.799987793,866.469970703,874.739990234,869.950012207,1319700000,869.950012207
2003-03-27,874.150024414,858.090026855,869.950012207,868.520019531,1232900000,868.520019531
2003-03-28,869.880004883,860.83001709,868.520019531,863.5,1227000000,863.5
2003-03-31,863.5,843.679992676,863.5,848.179992676,1495500000,848.179992676
2003-04-01,861.280029297,847.849975586,848.179992676,858.479980469,1461600000,858.479980469
2003-04-02,884.570007324,858.479980469,858.479980469,880.900024414,1589800000,880.900024414
2003-04-03,885.890014648,876.119995117,880.900024414,876.450012207,1339500000,876.450012207
2003-04-04,882.729980469,874.229980469,876.450012207,878.849975586,1241200000,878.849975586
2003-04-07,904.890014648,878.849975586,878.849975586,879.929992676,1494000000,879.929992676
2003-04-08,883.109985352,874.679992676,879.929992676,878.289978027,1235400000,878.289978027
2003-04-09,887.349975586,865.719970703,878.289978027,865.989990234,1293700000,865.989990234
2003-04-10,871.780029297,862.760009766,865.989990234,871.58001709,1275300000,871.58001709
2003-04-11,883.340026855,865.91998291,871.58001709,868.299987793,1141600000,868.299987793
2003-04-14,885.260009766,868.299987793,868.299987793,885.229980469,1131000000,885.229980469
2003-04-15,891.270019531,881.849975586,885.229980469,890.809997559,1460200000,890.809997559
2003-04-16,896.770019531,877.929992676,890.809997559,879.909973145,1587600000,879.909973145
2003-04-17,893.83001709,879.200012207,879.909973145,893.58001709,1430600000,893.58001709
2003-04-21,898.010009766,888.16998291,893.58001709,892.010009766,1118700000,892.010009766
2003-04-22,911.739990234,886.700012207,892.010009766,911.369995117,1631200000,911.369995117
2003-04-23,919.739990234,909.890014648,911.369995117,919.020019531,1667200000,919.020019531
2003-04-24,919.020019531,906.690002441,919.020019531,911.429992676,1648100000,911.429992676
2003-04-25,911.429992676,897.520019531,911.429992676,898.809997559,1335800000,898.809997559
2003-04-28,918.150024414,898.809997559,898.809997559,914.840026855,1273000000,914.840026855
2003-04-29,924.239990234,911.099975586,914.840026855,917.840026855,1525600000,917.840026855
2003-04-30,922.010009766,911.700012207,917.840026855,916.91998291,1788510000,916.91998291
2003-05-01,919.679992676,902.83001709,916.91998291,916.299987793,1397500000,916.299987793
2003-05-02,930.559997559,912.349975586,916.299987793,930.08001709,1554300000,930.08001709
2003-05-05,933.880004883,924.549987793,930.08001709,926.549987793,1446300000,926.549987793
2003-05-06,939.609985352,926.380004883,926.549987793,934.390014648,1649600000,934.390014648
2003-05-07,937.219970703,926.409973145,934.390014648,929.619995117,1531900000,929.619995117
2003-05-08,929.619995117,919.719970703,929.619995117,920.270019531,1379600000,920.270019531
2003-05-09,933.770019531,920.270019531,920.270019531,933.409973145,1326100000,933.409973145
2003-05-12,946.840026855,929.299987793,933.409973145,945.109985352,1378800000,945.109985352
2003-05-13,947.510009766,938.909973145,945.109985352,942.299987793,1418100000,942.299987793
2003-05-14,947.289978027,935.239990234,942.299987793,939.280029297,1401800000,939.280029297
2003-05-15,948.229980469,938.789978027,939.280029297,946.66998291,1508700000,946.66998291
2003-05-16,948.650024414,938.599975586,946.66998291,944.299987793,1505500000,944.299987793
2003-05-19,944.299987793,920.229980469,944.299987793,920.770019531,1375700000,920.770019531
2003-05-20,925.340026855,912.049987793,920.770019531,919.729980469,1505300000,919.729980469
2003-05-21,923.849975586,914.909973145,919.729980469,923.41998291,1457800000,923.41998291
2003-05-22,935.299987793,922.539978027,923.41998291,931.869995117,1448500000,931.869995117
2003-05-23,935.200012207,927.41998291,931.869995117,933.219970703,1201000000,933.219970703
2003-05-27,952.760009766,927.33001709,933.219970703,951.479980469,1532000000,951.479980469
2003-05-28,959.390014648,950.119995117,951.479980469,953.219970703,1559000000,953.219970703
2003-05-29,962.08001709,946.229980469,953.219970703,949.640014648,1685800000,949.640014648
2003-05-30,965.380004883,949.640014648,949.640014648,963.590026855,1688800000,963.590026855
2003-06-02,979.109985352,963.590026855,963.590026855,967.0,1662500000,967.0
2003-06-03,973.020019531,964.469970703,967.0,971.559997559,1450200000,971.559997559
2003-06-04,987.849975586,970.719970703,971.559997559,986.239990234,1618700000,986.239990234
2003-06-05,990.140014648,978.130004883,986.239990234,990.140014648,1693100000,990.140014648
2003-06-06,1007.69000244,986.010009766,990.140014648,987.760009766,1837200000,987.760009766
2003-06-09,987.760009766,972.590026855,987.760009766,975.929992676,1307000000,975.929992676
2003-06-10,984.840026855,975.929992676,975.929992676,984.840026855,1275400000,984.840026855
2003-06-11,997.479980469,981.609985352,984.840026855,997.479980469,1520000000,997.479980469
2003-06-12,1002.73999023,991.270019531,997.479980469,998.510009766,1553100000,998.510009766
2003-06-13,1000.91998291,984.270019531,998.510009766,988.609985352,1271600000,988.609985352
2003-06-16,1010.85998535,988.609985352,988.609985352,1010.73999023,1345900000,1010.73999023
2003-06-17,1015.33001709,1007.03997803,1010.73999023,1011.65997314,1479700000,1011.65997314
2003-06-18,1015.11999512,1004.60998535,1011.65997314,1010.09002686,1488900000,1010.09002686
2003-06-19,1011.2199707,993.08001709,1010.09002686,994.700012207,1530100000,994.700012207
2003-06-20,1002.09002686,993.359985352,994.700012207,995.690002441,1698000000,995.690002441
2003-06-23,995.690002441,977.400024414,995.690002441,981.640014648,1398100000,981.640014648
2003-06-24,987.840026855,979.08001709,981.640014648,983.450012207,1388300000,983.450012207
2003-06-25,991.640014648,974.859985352,983.450012207,975.320007324,1459200000,975.320007324
2003-06-26,986.530029297,973.799987793,975.320007324,985.820007324,1387400000,985.820007324
2003-06-27,988.880004883,974.289978027,985.820007324,976.219970703,1267800000,976.219970703
2003-06-30,983.609985352,973.599975586,976.219970703,974.5,1587200000,974.5
2003-07-01,983.260009766,962.099975586,974.5,982.320007324,1460200000,982.320007324
2003-07-02,993.780029297,982.320007324,982.320007324,993.75,1519300000,993.75
2003-07-03,995.0,983.340026855,993.75,985.700012207,775900000,985.700012207
2003-07-07,1005.55999756,985.700012207,985.700012207,1004.41998291,1429100000,1004.41998291
2003-07-08,1008.91998291,998.729980469,1004.41998291,1007.84002686,1565700000,1007.84002686
2003-07-09,1010.42999268,998.16998291,1007.84002686,1002.21002197,1618000000,1002.21002197
2003-07-10,1002.21002197,983.630004883,1002.21002197,988.700012207,1465700000,988.700012207
2003-07-11,1000.85998535,988.700012207,988.700012207,998.140014648,1212700000,998.140014648
2003-07-14,1015.40997314,998.140014648,998.140014648,1003.85998535,1448900000,1003.85998535
2003-07-15,1009.60998535,996.66998291,1003.85998535,1000.41998291,1518600000,1000.41998291
2003-07-16,1003.4699707,989.299987793,1000.41998291,994.090026855,1662000000,994.090026855
2003-07-17,994.0,978.599975586,994.0,981.729980469,1661400000,981.729980469
2003-07-18,994.25,981.710021973,981.729980469,993.320007324,1365200000,993.320007324
2003-07-21,993.320007324,975.630004883,993.320007324,978.799987793,1254200000,978.799987793
2003-07-22,990.289978027,976.08001709,978.799987793,988.109985352,1439700000,988.109985352
2003-07-23,989.859985352,979.789978027,988.109985352,988.609985352,1362700000,988.609985352
2003-07-24,998.890014648,981.070007324,988.609985352,981.599975586,1559000000,981.599975586
2003-07-25,998.710021973,977.489990234,981.599975586,998.679992676,1397500000,998.679992676
2003-07-28,1000.67999268,993.590026855,998.679992676,996.520019531,1328600000,996.520019531
2003-07-29,998.640014648,984.150024414,996.520019531,989.280029297,1508900000,989.280029297
2003-07-30,992.619995117,985.960021973,989.280029297,987.489990234,1391900000,987.489990234
2003-07-31,1004.59002686,987.489990234,987.489990234,990.309997559,1608000000,990.309997559
2003-08-01,990.309997559,978.859985352,990.309997559,980.150024414,1390600000,980.150024414
2003-08-04,985.75,966.789978027,980.150024414,982.820007324,1318700000,982.820007324
2003-08-05,982.820007324,964.969970703,982.820007324,965.460021973,1351700000,965.460021973
2003-08-06,975.739990234,960.840026855,965.460021973,967.08001709,1491000000,967.08001709
2003-08-07,974.890014648,963.820007324,967.08001709,974.119995117,1389300000,974.119995117
2003-08-08,980.570007324,973.83001709,974.119995117,977.590026855,1086600000,977.590026855
2003-08-11,985.460021973,974.210021973,977.590026855,980.590026855,1022200000,980.590026855
2003-08-12,990.409973145,979.900024414,980.590026855,990.349975586,1132300000,990.349975586
2003-08-13,992.5,980.849975586,990.349975586,984.030029297,1208800000,984.030029297
2003-08-14,991.909973145,980.359985352,984.030029297,990.510009766,1186800000,990.510009766
2003-08-15,992.390014648,987.099975586,990.510009766,990.66998291,636370000,990.66998291
2003-08-18,1000.34997559,990.66998291,990.66998291,999.739990234,1127600000,999.739990234
2003-08-19,1003.29998779,995.299987793,999.739990234,1002.34997559,1300600000,1002.34997559
2003-08-20,1003.53997803,996.619995117,1002.34997559,1000.29998779,1210800000,1000.29998779
2003-08-21,1009.5300293,999.33001709,1000.29998779,1003.27001953,1407100000,1003.27001953
2003-08-22,1011.01000977,992.619995117,1003.27001953,993.059997559,1308900000,993.059997559
2003-08-25,993.710021973,987.909973145,993.059997559,993.710021973,971700000,993.710021973
2003-08-26,997.929992676,983.570007324,993.710021973,996.729980469,1178700000,996.729980469
2003-08-27,998.049987793,993.33001709,996.729980469,996.789978027,1051400000,996.789978027
2003-08-28,1004.11999512,991.41998291,996.789978027,1002.84002686,1165200000,1002.84002686
2003-08-29,1008.84997559,999.520019531,1002.84002686,1008.01000977,945100000,1008.01000977
2003-09-02,1022.59002686,1005.72998047,1008.01000977,1021.98999023,1470500000,1021.98999023
2003-09-03,1029.33996582,1021.98999023,1021.98999023,1026.27001953,1675600000,1026.27001953
2003-09-04,1029.17004395,1022.19000244,1026.27001953,1027.9699707,1453900000,1027.9699707
2003-09-05,1029.20996094,1018.19000244,1027.9699707,1021.39001465,1465200000,1021.39001465
2003-09-08,1032.41003418,1021.39001465,1021.39001465,1031.64001465,1299300000,1031.64001465
2003-09-09,1031.64001465,1021.14001465,1031.64001465,1023.16998291,1414800000,1023.16998291
2003-09-10,1023.16998291,1009.73999023,1023.16998291,1010.91998291,1582100000,1010.91998291
2003-09-11,1020.88000488,1010.91998291,1010.91998291,1016.41998291,1335900000,1016.41998291
2003-09-12,1019.65002441,1007.71002197,1016.41998291,1018.63000488,1236700000,1018.63000488
2003-09-15,1019.78997803,1013.59002686,1018.63000488,1014.80999756,1151300000,1014.80999756
2003-09-16,1029.66003418,1014.80999756,1014.80999756,1029.31994629,1403200000,1029.31994629
2003-09-17,1031.33996582,1024.5300293,1029.31994629,1025.9699707,1338210000,1025.9699707
2003-09-18,1040.16003418,1025.75,1025.9699707,1039.57995605,1498800000,1039.57995605
2003-09-19,1040.29003906,1031.89001465,1039.57995605,1036.30004883,1518600000,1036.30004883
2003-09-22,1036.30004883,1018.29998779,1036.30004883,1022.82000732,1278800000,1022.82000732
2003-09-23,1030.11999512,1021.53997803,1022.82000732,1029.0300293,1301700000,1029.0300293
2003-09-24,1029.82995605,1008.92999268,1029.0300293,1009.38000488,1556000000,1009.38000488
2003-09-25,1015.9699707,1003.26000977,1009.38000488,1003.27001953,1530000000,1003.27001953
2003-09-26,1003.45001221,996.08001709,1003.27001953,996.849975586,1472500000,996.849975586
2003-09-29,1006.89001465,995.309997559,996.849975586,1006.58001709,1366500000,1006.58001709
2003-09-30,1006.58001709,990.359985352,1006.58001709,995.969970703,1590500000,995.969970703
2003-10-01,1018.2199707,995.969970703,995.969970703,1018.2199707,1566300000,1018.2199707
2003-10-02,1021.86999512,1013.38000488,1018.2199707,1020.23999023,1269300000,1020.23999023
2003-10-03,1039.31005859,1020.23999023,1020.23999023,1029.84997559,1570500000,1029.84997559
2003-10-06,1036.47998047,1029.15002441,1029.84997559,1034.34997559,1025800000,1034.34997559
2003-10-07,1039.25,1026.27001953,1034.34997559,1039.25,1279500000,1039.25
2003-10-08,1040.06005859,1030.95996094,1039.25,1033.7800293,1262500000,1033.7800293
2003-10-09,1048.2800293,1033.7800293,1033.7800293,1038.72998047,1578700000,1038.72998047
2003-10-10,1040.83996582,1035.73999023,1038.72998047,1038.06005859,1108100000,1038.06005859
2003-10-13,1048.90002441,1038.06005859,1038.06005859,1045.34997559,1040500000,1045.34997559
2003-10-14,1049.48999023,1040.83996582,1045.34997559,1049.47998047,1271900000,1049.47998047
2003-10-15,1053.79003906,1043.15002441,1049.47998047,1046.76000977,1521100000,1046.76000977
2003-10-16,1052.93994141,1044.04003906,1046.76000977,1050.06994629,1417700000,1050.06994629
2003-10-17,1051.89001465,1036.56994629,1050.06994629,1039.31994629,1352000000,1039.31994629
2003-10-20,1044.68994141,1036.13000488,1039.31994629,1044.68005371,1172600000,1044.68005371
2003-10-21,1048.56994629,1042.58996582,1044.68005371,1046.0300293,1498000000,1046.0300293
2003-10-22,1046.0300293,1028.39001465,1046.0300293,1030.35998535,1647200000,1030.35998535
2003-10-23,1035.43994141,1025.89001465,1030.35998535,1033.77001953,1604300000,1033.77001953
2003-10-24,1033.77001953,1018.32000732,1033.77001953,1028.91003418,1420300000,1028.91003418
2003-10-27,1037.75,1028.91003418,1028.91003418,1031.13000488,1371800000,1031.13000488
2003-10-28,1046.79003906,1031.13000488,1031.13000488,1046.79003906,1629200000,1046.79003906
2003-10-29,1049.82995605,1043.34997559,1046.79003906,1048.10998535,1562600000,1048.10998535
2003-10-30,1052.81005859,1043.81994629,1048.10998535,1046.93994141,1629700000,1046.93994141
2003-10-31,1053.08996582,1046.93994141,1046.93994141,1050.70996094,1498900000,1050.70996094
2003-11-03,1061.43994141,1050.70996094,1050.70996094,1059.02001953,1378200000,1059.02001953
2003-11-04,1059.02001953,1051.69995117,1059.02001953,1053.25,1417600000,1053.25
2003-11-05,1054.54003906,1044.88000488,1053.25,1051.81005859,1401800000,1051.81005859
2003-11-06,1058.93994141,1046.93005371,1051.81005859,1058.05004883,1453900000,1058.05004883
2003-11-07,1062.39001465,1052.17004395,1058.05004883,1053.20996094,1440500000,1053.20996094
2003-11-10,1053.65002441,1045.57995605,1053.20996094,1047.10998535,1243600000,1047.10998535
2003-11-11,1048.22998047,1043.45996094,1047.10998535,1046.56994629,1162500000,1046.56994629
2003-11-12,1059.09997559,1046.56994629,1046.56994629,1058.5300293,1349300000,1058.5300293
2003-11-13,1059.61999512,1052.95996094,1058.56005859,1058.41003418,1383000000,1058.41003418
2003-11-14,1063.65002441,1048.10998535,1058.41003418,1050.34997559,1356100000,1050.34997559
2003-11-17,1050.34997559,1035.2800293,1050.34997559,1043.63000488,1374300000,1043.63000488
2003-11-18,1048.77001953,1034.0,1043.63000488,1034.15002441,1354300000,1034.15002441
2003-11-19,1043.94995117,1034.15002441,1034.15002441,1042.43994141,1326200000,1042.43994141
2003-11-20,1046.47998047,1033.42004395,1042.43994141,1033.65002441,1326700000,1033.65002441
2003-11-21,1037.56994629,1031.19995117,1033.65002441,1035.2800293,1273800000,1035.2800293
2003-11-24,1052.07995605,1035.2800293,1035.2800293,1052.07995605,1302800000,1052.07995605
2003-11-25,1058.05004883,1049.31005859,1052.07995605,1053.89001465,1333700000,1053.89001465
2003-11-26,1058.44995117,1048.2800293,1053.89001465,1058.44995117,1097700000,1058.44995117
2003-11-28,1060.63000488,1056.77001953,1058.44995117,1058.19995117,487220000,1058.19995117
2003-12-01,1070.4699707,1058.19995117,1058.19995117,1070.11999512,1375000000,1070.11999512
2003-12-02,1071.2199707,1065.2199707,1070.11999512,1066.61999512,1383200000,1066.61999512
2003-12-03,1074.30004883,1064.63000488,1066.61999512,1064.72998047,1441700000,1064.72998047
2003-12-04,1070.36999512,1063.15002441,1064.72998047,1069.7199707,1463100000,1069.7199707
2003-12-05,1069.7199707,1060.08996582,1069.7199707,1061.5,1265900000,1061.5
2003-12-08,1069.58996582,1060.93005371,1061.5,1069.30004883,1218900000,1069.30004883
2003-12-09,1071.93994141,1059.16003418,1069.30004883,1060.18005371,1465500000,1060.18005371
2003-12-10,1063.02001953,1053.41003418,1060.18005371,1059.05004883,1444000000,1059.05004883
2003-12-11,1073.63000488,1059.05004883,1059.05004883,1071.20996094,1441100000,1071.20996094
2003-12-12,1074.76000977,1067.64001465,1071.20996094,1074.14001465,1223100000,1074.14001465
2003-12-15,1082.79003906,1068.0,1074.14001465,1068.04003906,1520800000,1068.04003906
2003-12-16,1075.93994141,1068.04003906,1068.04003906,1075.13000488,1547900000,1075.13000488
2003-12-17,1076.54003906,1071.14001465,1075.13000488,1076.47998047,1441700000,1076.47998047
2003-12-18,1089.5,1076.47998047,1076.47998047,1089.18005371,1579900000,1089.18005371
2003-12-19,1091.06005859,1084.18994141,1089.18005371,1088.66003418,1657300000,1088.66003418
2003-12-22,1092.93994141,1086.14001465,1088.66003418,1092.93994141,1251700000,1092.93994141
2003-12-23,1096.94995117,1091.72998047,1092.93994141,1096.02001953,1145300000,1096.02001953
2003-12-24,1096.40002441,1092.72998047,1096.02001953,1094.04003906,518060000,1094.04003906
2003-12-26,1098.4699707,1094.04003906,1094.04003906,1095.89001465,356070000,1095.89001465
2003-12-29,1109.47998047,1095.89001465,1095.89001465,1109.47998047,1058800000,1109.47998047
2003-12-30,1109.75,1106.41003418,1109.47998047,1109.64001465,1012600000,1109.64001465
2003-12-31,1112.56005859,1106.20996094,1109.64001465,1111.92004395,1027500000,1111.92004395
2004-01-02,1118.84997559,1105.07995605,1111.92004395,1108.47998047,1153200000,1108.47998047
2004-01-05,1122.2199707,1108.47998047,1108.47998047,1122.2199707,1578200000,1122.2199707
2004-01-06,1124.45996094,1118.43994141,1122.2199707,1123.67004395,1494500000,1123.67004395
2004-01-07,1126.32995605,1116.44995117,1123.67004395,1126.32995605,1704900000,1126.32995605
2004-01-08,1131.92004395,1124.91003418,1126.32995605,1131.92004395,1868400000,1131.92004395
2004-01-09,1131.92004395,1120.90002441,1131.92004395,1121.85998535,1720700000,1121.85998535
2004-01-12,1127.84997559,1120.90002441,1121.85998535,1127.22998047,1510200000,1127.22998047
2004-01-13,1129.06994629,1115.18994141,1127.22998047,1121.2199707,1595900000,1121.2199707
2004-01-14,1130.75,1121.2199707,1121.2199707,1130.52001953,1514600000,1130.52001953
2004-01-15,1137.10998535,1124.54003906,1130.52001953,1132.05004883,1695000000,1132.05004883
2004-01-16,1139.82995605,1132.05004883,1132.05004883,1139.82995605,1721100000,1139.82995605
2004-01-20,1142.93005371,1135.40002441,1139.82995605,1138.77001953,1698200000,1138.77001953
2004-01-21,1149.20996094,1134.61999512,1138.77001953,1147.61999512,1757600000,1147.61999512
2004-01-22,1150.51000977,1143.01000977,1147.61999512,1143.93994141,1693700000,1143.93994141
2004-01-23,1150.31005859,1136.84997559,1143.93994141,1141.55004883,1561200000,1141.55004883
2004-01-26,1155.38000488,1141.0,1141.55004883,1155.36999512,1480600000,1155.36999512
2004-01-27,1155.36999512,1144.05004883,1155.36999512,1144.05004883,1673100000,1144.05004883
2004-01-28,1149.14001465,1126.5,1144.05004883,1128.47998047,1842000000,1128.47998047
2004-01-29,1134.39001465,1122.38000488,1128.47998047,1134.10998535,1921900000,1134.10998535
2004-01-30,1134.17004395,1127.72998047,1134.10998535,1131.13000488,1635000000,1131.13000488
2004-02-02,1142.44995117,1127.86999512,1131.13000488,1135.26000977,1599200000,1135.26000977
2004-02-03,1137.43994141,1131.32995605,1135.26000977,1136.0300293,1476900000,1136.0300293
2004-02-04,1136.0300293,1124.73999023,1136.0300293,1126.52001953,1634800000,1126.52001953
2004-02-05,1131.17004395,1124.43994141,1126.52001953,1128.58996582,1566600000,1128.58996582
2004-02-06,1142.79003906,1128.39001465,1128.58996582,1142.76000977,1477600000,1142.76000977
2004-02-09,1144.45996094,1139.20996094,1142.76000977,1139.81005859,1303500000,1139.81005859
2004-02-10,1147.02001953,1138.69995117,1139.81005859,1145.54003906,1403900000,1145.54003906
2004-02-11,1158.89001465,1142.32995605,1145.54003906,1157.76000977,1699300000,1157.76000977
2004-02-12,1157.76000977,1151.43994141,1157.76000977,1152.10998535,1464300000,1152.10998535
2004-02-13,1156.88000488,1143.23999023,1152.10998535,1145.81005859,1329200000,1145.81005859
2004-02-17,1158.97998047,1145.81005859,1145.81005859,1156.98999023,1396500000,1156.98999023
2004-02-18,1157.40002441,1149.54003906,1156.98999023,1151.81994629,1382400000,1151.81994629
2004-02-19,1158.56994629,1146.84997559,1151.81994629,1147.06005859,1562800000,1147.06005859
2004-02-20,1149.81005859,1139.0,1147.06005859,1144.10998535,1479600000,1144.10998535
2004-02-23,1146.68994141,1136.97998047,1144.10998535,1140.98999023,1380400000,1140.98999023
2004-02-24,1144.54003906,1134.43005371,1140.98999023,1139.08996582,1543600000,1139.08996582
2004-02-25,1145.23999023,1138.95996094,1139.08996582,1143.67004395,1360700000,1143.67004395
2004-02-26,1147.22998047,1138.61999512,1143.67004395,1144.91003418,1383900000,1144.91003418
2004-02-27,1151.68005371,1141.80004883,1145.80004883,1144.93994141,1540400000,1144.93994141
2004-03-01,1157.44995117,1144.93994141,1144.93994141,1155.9699707,1497100000,1155.9699707
2004-03-02,1156.54003906,1147.31005859,1155.9699707,1149.09997559,1476000000,1149.09997559
2004-03-03,1152.43994141,1143.7800293,1149.09997559,1151.0300293,1334500000,1151.0300293
2004-03-04,1154.9699707,1149.81005859,1151.0300293,1154.86999512,1265800000,1154.86999512
2004-03-05,1163.22998047,1148.77001953,1154.86999512,1156.85998535,1398200000,1156.85998535
2004-03-08,1159.93994141,1146.9699707,1156.85998535,1147.19995117,1254400000,1147.19995117
2004-03-09,1147.31994629,1136.83996582,1147.19995117,1140.57995605,1499400000,1140.57995605
2004-03-10,1141.44995117,1122.5300293,1140.57995605,1123.89001465,1648400000,1123.89001465
2004-03-11,1125.95996094,1105.86999512,1123.89001465,1106.7800293,1889900000,1106.7800293
2004-03-12,1120.63000488,1106.7800293,1106.7800293,1120.56994629,1388500000,1120.56994629
2004-03-15,1120.56994629,1103.35998535,1120.56994629,1104.48999023,1600600000,1104.48999023
2004-03-16,1113.76000977,1102.60998535,1104.48999023,1110.69995117,1500700000,1110.69995117
2004-03-17,1125.76000977,1110.69995117,1110.69995117,1123.75,1490100000,1123.75
2004-03-18,1125.5,1113.25,1123.75,1122.31994629,1369200000,1122.31994629
2004-03-19,1122.7199707,1109.68994141,1122.31994629,1109.7800293,1457400000,1109.7800293
2004-03-22,1109.7800293,1089.54003906,1109.7800293,1095.40002441,1452300000,1095.40002441
2004-03-23,1101.52001953,1091.56994629,1095.40002441,1093.94995117,1458200000,1093.94995117
2004-03-24,1098.31994629,1087.16003418,1093.94995117,1091.32995605,1527800000,1091.32995605
2004-03-25,1110.38000488,1091.32995605,1091.32995605,1109.18994141,1471700000,1109.18994141
2004-03-26,1115.27001953,1106.13000488,1109.18994141,1108.06005859,1319100000,1108.06005859
2004-03-29,1124.36999512,1108.06005859,1108.06005859,1122.4699707,1405500000,1122.4699707
2004-03-30,1127.59997559,1119.66003418,1122.4699707,1127.0,1332400000,1127.0
2004-03-31,1130.82995605,1121.45996094,1127.0,1126.20996094,1560700000,1126.20996094
2004-04-01,1135.67004395,1126.19995117,1126.20996094,1132.17004395,1560700000,1132.17004395
2004-04-02,1144.81005859,1132.17004395,1132.17004395,1141.81005859,1629200000,1141.81005859
2004-04-05,1150.56994629,1141.64001465,1141.81005859,1150.56994629,1413700000,1150.56994629
2004-04-06,1150.56994629,1143.30004883,1150.56994629,1148.16003418,1397700000,1148.16003418
2004-04-07,1148.16003418,1138.41003418,1148.16003418,1140.5300293,1458800000,1140.5300293
2004-04-08,1148.9699707,1134.52001953,1140.5300293,1139.31994629,1199800000,1139.31994629
2004-04-12,1147.29003906,1139.31994629,1139.31994629,1145.19995117,1102400000,1145.19995117
2004-04-13,1147.7800293,1127.69995117,1145.19995117,1129.43994141,1423200000,1129.43994141
2004-04-14,1132.52001953,1122.15002441,1129.43994141,1128.17004395,1547700000,1128.17004395
2004-04-15,1134.07995605,1120.75,1128.17004395,1128.83996582,1568700000,1128.83996582
2004-04-16,1136.80004883,1126.90002441,1128.83996582,1134.60998535,1487800000,1134.60998535
2004-04-19,1136.18005371,1129.83996582,1134.56005859,1135.81994629,1194900000,1135.81994629
2004-04-20,1139.26000977,1118.08996582,1135.81994629,1118.15002441,1508500000,1118.15002441
2004-04-21,1125.7199707,1116.0300293,1118.15002441,1124.08996582,1738100000,1124.08996582
2004-04-22,1142.77001953,1121.94995117,1124.08996582,1139.93005371,1826700000,1139.93005371
2004-04-23,1141.92004395,1134.81005859,1139.93005371,1140.59997559,1396100000,1140.59997559
2004-04-26,1145.07995605,1132.91003418,1140.59997559,1135.5300293,1290600000,1135.5300293
2004-04-27,1146.56005859,1135.5300293,1135.5300293,1138.10998535,1518000000,1138.10998535
2004-04-28,1138.10998535,1121.69995117,1138.10998535,1122.41003418,1855600000,1122.41003418
2004-04-29,1128.80004883,1108.04003906,1122.41003418,1113.89001465,1859000000,1113.89001465
2004-04-30,1119.26000977,1107.22998047,1113.89001465,1107.30004883,1634700000,1107.30004883
2004-05-03,1118.7199707,1107.30004883,1107.30004883,1117.48999023,1571600000,1117.48999023
2004-05-04,1127.73999023,1112.89001465,1117.48999023,1119.55004883,1662100000,1119.55004883
2004-05-05,1125.06994629,1117.90002441,1119.55004883,1121.5300293,1469000000,1121.5300293
2004-05-06,1121.5300293,1106.30004883,1121.5300293,1113.98999023,1509300000,1113.98999023
2004-05-07,1117.30004883,1098.63000488,1113.98999023,1098.69995117,1653600000,1098.69995117
2004-05-10,1098.69995117,1079.63000488,1098.69995117,1087.11999512,1918400000,1087.11999512
2004-05-11,1095.68994141,1087.11999512,1087.11999512,1095.44995117,1533800000,1095.44995117
2004-05-12,1097.55004883,1076.31994629,1095.44995117,1097.2800293,1697600000,1097.2800293
2004-05-13,1102.77001953,1091.76000977,1097.2800293,1096.43994141,1411100000,1096.43994141
2004-05-14,1102.09997559,1088.23999023,1096.43994141,1095.69995117,1335900000,1095.69995117
2004-05-17,1095.69995117,1079.35998535,1095.69995117,1084.09997559,1430100000,1084.09997559
2004-05-18,1094.09997559,1084.09997559,1084.09997559,1091.48999023,1353000000,1091.48999023
2004-05-19,1105.93005371,1088.48999023,1091.48999023,1088.68005371,1548600000,1088.68005371
2004-05-20,1092.61999512,1085.43005371,1088.68005371,1089.18994141,1211000000,1089.18994141
2004-05-21,1099.64001465,1089.18994141,1089.18994141,1093.56005859,1258600000,1093.56005859
2004-05-24,1101.2800293,1091.77001953,1093.56005859,1095.41003418,1227500000,1095.41003418
2004-05-25,1113.80004883,1090.73999023,1095.41003418,1113.05004883,1545700000,1113.05004883
2004-05-26,1116.70996094,1109.91003418,1113.05004883,1114.93994141,1369400000,1114.93994141
2004-05-27,1123.94995117,1114.85998535,1114.93994141,1121.2800293,1447500000,1121.2800293
2004-05-28,1122.68994141,1118.09997559,1121.2800293,1120.68005371,1172600000,1120.68005371
2004-06-01,1122.69995117,1113.31994629,1120.68005371,1121.19995117,1238000000,1121.19995117
2004-06-02,1128.09997559,1118.64001465,1121.19995117,1124.98999023,1251700000,1124.98999023
2004-06-03,1125.31005859,1116.56994629,1124.98999023,1116.64001465,1232400000,1116.64001465
2004-06-04,1129.17004395,1116.64001465,1116.64001465,1122.5,1115300000,1122.5
2004-06-07,1140.54003906,1122.5,1122.5,1140.42004395,1211800000,1140.42004395
2004-06-08,1142.18005371,1135.44995117,1140.42004395,1142.18005371,1190300000,1142.18005371
2004-06-09,1142.18005371,1131.17004395,1142.18005371,1131.32995605,1276800000,1131.32995605
2004-06-10,1136.4699707,1131.32995605,1131.32995605,1136.4699707,1160600000,1136.4699707
2004-06-14,1136.4699707,1122.16003418,1136.4699707,1125.29003906,1179400000,1125.29003906
2004-06-15,1137.35998535,1125.29003906,1125.29003906,1132.01000977,1345900000,1132.01000977
2004-06-16,1135.2800293,1130.55004883,1132.01000977,1133.56005859,1168400000,1133.56005859
2004-06-17,1133.56005859,1126.89001465,1133.56005859,1132.05004883,1296700000,1132.05004883
2004-06-18,1138.95996094,1129.82995605,1132.05004883,1135.02001953,1500600000,1135.02001953
2004-06-21,1138.05004883,1129.64001465,1135.02001953,1130.30004883,1123900000,1130.30004883
2004-06-22,1135.05004883,1124.36999512,1130.30004883,1134.41003418,1382300000,1134.41003418
2004-06-23,1145.15002441,1131.72998047,1134.41003418,1144.06005859,1444200000,1144.06005859
2004-06-24,1146.33996582,1139.93994141,1144.06005859,1140.65002441,1394900000,1140.65002441
2004-06-25,1145.9699707,1134.23999023,1140.65002441,1134.43005371,1812900000,1134.43005371
2004-06-28,1142.59997559,1131.7199707,1134.43005371,1133.34997559,1354600000,1133.34997559
2004-06-29,1138.26000977,1131.81005859,1133.34997559,1136.19995117,1375000000,1136.19995117
2004-06-30,1144.19995117,1133.61999512,1136.19995117,1140.83996582,1473800000,1140.83996582
2004-07-01,1140.83996582,1123.06005859,1140.83996582,1128.93994141,1495700000,1128.93994141
2004-07-02,1129.15002441,1123.26000977,1128.93994141,1125.38000488,1085000000,1125.38000488
2004-07-06,1125.38000488,1113.20996094,1125.38000488,1116.20996094,1283300000,1116.20996094
2004-07-07,1122.36999512,1114.92004395,1116.20996094,1118.32995605,1328600000,1118.32995605
2004-07-08,1119.11999512,1108.7199707,1118.32995605,1109.10998535,1401100000,1109.10998535
2004-07-09,1115.56994629,1109.10998535,1109.10998535,1112.81005859,1186300000,1112.81005859
2004-07-12,1116.10998535,1106.70996094,1112.81005859,1114.34997559,1114600000,1114.34997559
2004-07-13,1116.30004883,1112.98999023,1114.34997559,1115.14001465,1199700000,1115.14001465
2004-07-14,1119.59997559,1107.82995605,1115.14001465,1111.4699707,1462000000,1111.4699707
2004-07-15,1114.63000488,1106.67004395,1111.4699707,1106.68994141,1408700000,1106.68994141
2004-07-16,1112.17004395,1101.06994629,1106.68994141,1101.39001465,1450300000,1101.39001465
2004-07-19,1105.52001953,1096.55004883,1101.39001465,1100.90002441,1319900000,1100.90002441
2004-07-20,1108.88000488,1099.09997559,1100.90002441,1108.67004395,1445800000,1108.67004395
2004-07-21,1116.27001953,1093.88000488,1108.67004395,1093.88000488,1679500000,1093.88000488
2004-07-22,1099.66003418,1084.16003418,1093.88000488,1096.83996582,1680800000,1096.83996582
2004-07-23,1096.83996582,1083.56005859,1096.83996582,1086.19995117,1337500000,1086.19995117
2004-07-26,1089.81994629,1078.7800293,1086.19995117,1084.06994629,1413400000,1084.06994629
2004-07-27,1096.65002441,1084.06994629,1084.06994629,1094.82995605,1610800000,1094.82995605
2004-07-28,1098.83996582,1082.17004395,1094.82995605,1095.42004395,1554300000,1095.42004395
2004-07-29,1103.51000977,1095.42004395,1095.42004395,1100.43005371,1530100000,1100.43005371
2004-07-30,1103.72998047,1096.95996094,1100.43005371,1101.7199707,1298200000,1101.7199707
2004-08-02,1108.59997559,1097.33996582,1101.7199707,1106.61999512,1276000000,1106.61999512
2004-08-03,1106.61999512,1099.26000977,1106.61999512,1099.68994141,1338300000,1099.68994141
2004-08-04,1102.44995117,1092.40002441,1099.68994141,1098.63000488,1369200000,1098.63000488
2004-08-05,1098.79003906,1079.97998047,1098.63000488,1080.69995117,1397400000,1080.69995117
2004-08-06,1080.69995117,1062.22998047,1080.69995117,1063.9699707,1521000000,1063.9699707
2004-08-09,1069.45996094,1063.9699707,1063.9699707,1065.2199707,1086000000,1065.2199707
2004-08-10,1079.04003906,1065.2199707,1065.2199707,1079.04003906,1245600000,1079.04003906
2004-08-11,1079.04003906,1065.92004395,1079.04003906,1075.79003906,1410400000,1075.79003906
2004-08-12,1075.79003906,1062.81994629,1075.79003906,1063.22998047,1405100000,1063.22998047
2004-08-13,1067.57995605,1060.7199707,1063.22998047,1064.80004883,1175100000,1064.80004883
2004-08-16,1080.66003418,1064.80004883,1064.80004883,1079.33996582,1206200000,1079.33996582
2004-08-17,1086.7800293,1079.33996582,1079.33996582,1081.70996094,1267800000,1081.70996094
2004-08-18,1095.17004395,1078.93005371,1081.70996094,1095.17004395,1282500000,1095.17004395
2004-08-19,1095.17004395,1086.2800293,1095.17004395,1091.22998047,1249400000,1091.22998047
2004-08-20,1100.26000977,1089.56994629,1091.22998047,1098.34997559,1199900000,1098.34997559
2004-08-23,1101.40002441,1094.72998047,1098.34997559,1095.68005371,1021900000,1095.68005371
2004-08-24,1100.93994141,1092.81994629,1095.68005371,1096.18994141,1092500000,1096.18994141
2004-08-25,1106.29003906,1093.23999023,1096.18994141,1104.95996094,1192200000,1104.95996094
2004-08-26,1106.7800293,1102.45996094,1104.95996094,1105.08996582,1023600000,1105.08996582
2004-08-27,1109.68005371,1104.61999512,1105.08996582,1107.77001953,845400000,1107.77001953
2004-08-30,1107.77001953,1099.15002441,1107.77001953,1099.15002441,843100000,1099.15002441
2004-08-31,1104.23999023,1094.7199707,1099.15002441,1104.23999023,1138200000,1104.23999023
2004-09-01,1109.23999023,1099.18005371,1104.23999023,1105.91003418,1142100000,1105.91003418
2004-09-02,1119.10998535,1105.59997559,1105.91003418,1118.31005859,1118400000,1118.31005859
2004-09-03,1120.80004883,1113.56994629,1118.31005859,1113.63000488,924170000,1113.63000488
2004-09-07,1124.07995605,1113.63000488,1113.63000488,1121.30004883,1214400000,1121.30004883
2004-09-08,1123.05004883,1116.27001953,1121.30004883,1116.27001953,1246300000,1116.27001953
2004-09-09,1121.30004883,1113.61999512,1116.27001953,1118.38000488,1371300000,1118.38000488
2004-09-10,1125.26000977,1114.39001465,1118.38000488,1123.92004395,1261200000,1123.92004395
2004-09-13,1129.7800293,1123.34997559,1123.92004395,1125.81994629,1299800000,1125.81994629
2004-09-14,1129.45996094,1124.7199707,1125.81994629,1128.32995605,1204500000,1128.32995605
2004-09-15,1128.32995605,1119.81994629,1128.32995605,1120.36999512,1256000000,1120.36999512
2004-09-16,1126.06005859,1120.36999512,1120.36999512,1123.5,1113900000,1123.5
2004-09-17,1130.14001465,1123.5,1123.5,1128.55004883,1422600000,1128.55004883
2004-09-20,1128.55004883,1120.33996582,1128.55004883,1122.19995117,1197600000,1122.19995117
2004-09-21,1131.54003906,1122.19995117,1122.19995117,1129.30004883,1325000000,1129.30004883
2004-09-22,1129.30004883,1112.67004395,1129.30004883,1113.56005859,1379900000,1113.56005859
2004-09-23,1113.60998535,1108.05004883,1113.56005859,1108.35998535,1286300000,1108.35998535
2004-09-24,1113.81005859,1108.35998535,1108.35998535,1110.10998535,1255400000,1110.10998535
2004-09-27,1110.10998535,1103.23999023,1110.10998535,1103.52001953,1263500000,1103.52001953
2004-09-28,1111.77001953,1101.29003906,1103.52001953,1110.06005859,1396600000,1110.06005859
2004-09-29,1114.80004883,1107.42004395,1110.06005859,1114.80004883,1402900000,1114.80004883
2004-09-30,1116.31005859,1109.68005371,1114.80004883,1114.57995605,1748000000,1114.57995605
2004-10-01,1131.64001465,1114.57995605,1114.57995605,1131.5,1582200000,1131.5
2004-10-04,1140.13000488,1131.5,1131.5,1135.17004395,1534000000,1135.17004395
2004-10-05,1137.86999512,1132.0300293,1135.17004395,1134.47998047,1418400000,1134.47998047
2004-10-06,1142.05004883,1132.93994141,1134.47998047,1142.05004883,1416700000,1142.05004883
2004-10-07,1142.05004883,1130.5,1142.05004883,1130.65002441,1447500000,1130.65002441
2004-10-08,1132.92004395,1120.18994141,1130.65002441,1122.14001465,1291600000,1122.14001465
2004-10-11,1126.19995117,1122.14001465,1122.14001465,1124.39001465,943800000,1124.39001465
2004-10-12,1124.39001465,1115.77001953,1124.39001465,1121.83996582,1320100000,1121.83996582
2004-10-13,1127.01000977,1109.63000488,1121.83996582,1113.65002441,1546200000,1113.65002441
2004-10-14,1114.95996094,1102.06005859,1113.65002441,1103.29003906,1489500000,1103.29003906
2004-10-15,1113.17004395,1102.14001465,1103.29003906,1108.19995117,1645100000,1108.19995117
2004-10-18,1114.45996094,1103.32995605,1108.19995117,1114.02001953,1373300000,1114.02001953
2004-10-19,1117.95996094,1103.15002441,1114.02001953,1103.22998047,1737500000,1103.22998047
2004-10-20,1104.08996582,1094.25,1103.22998047,1103.66003418,1685700000,1103.66003418
2004-10-21,1108.86999512,1098.4699707,1103.66003418,1106.48999023,1673000000,1106.48999023
2004-10-22,1108.14001465,1095.4699707,1106.48999023,1095.73999023,1469600000,1095.73999023
2004-10-25,1096.81005859,1090.29003906,1095.73999023,1094.80004883,1380500000,1094.80004883
2004-10-26,1111.09997559,1094.81005859,1094.81005859,1111.08996582,1685400000,1111.08996582
2004-10-27,1126.29003906,1107.43005371,1111.08996582,1125.40002441,1741900000,1125.40002441
2004-10-28,1130.67004395,1120.59997559,1125.33996582,1127.43994141,1628200000,1127.43994141
2004-10-29,1131.40002441,1124.61999512,1127.43994141,1130.19995117,1500800000,1130.19995117
2004-11-01,1133.41003418,1127.59997559,1130.19995117,1130.51000977,1395900000,1130.51000977
2004-11-02,1140.47998047,1128.11999512,1130.51000977,1130.56005859,1659000000,1130.56005859
2004-11-03,1147.56994629,1130.54003906,1130.54003906,1143.19995117,1767500000,1143.19995117
2004-11-04,1161.67004395,1142.33996582,1143.19995117,1161.67004395,1782700000,1161.67004395
2004-11-05,1170.86999512,1160.66003418,1161.67004395,1166.17004395,1724400000,1166.17004395
2004-11-08,1166.77001953,1162.31994629,1166.17004395,1164.89001465,1358700000,1164.89001465
2004-11-09,1168.95996094,1162.47998047,1164.89001465,1164.07995605,1450800000,1164.07995605
2004-11-10,1169.25,1162.51000977,1164.07995605,1162.91003418,1504300000,1162.91003418
2004-11-11,1174.80004883,1162.91003418,1162.91003418,1173.47998047,1393000000,1173.47998047
2004-11-12,1184.17004395,1171.43005371,1173.47998047,1184.17004395,1531600000,1184.17004395
2004-11-15,1184.47998047,1179.84997559,1184.17004395,1183.81005859,1453300000,1183.81005859
2004-11-16,1183.81005859,1175.31994629,1183.81005859,1175.43005371,1364400000,1175.43005371
2004-11-17,1188.45996094,1175.43005371,1175.43005371,1181.93994141,1684200000,1181.93994141
2004-11-18,1184.90002441,1180.15002441,1181.93994141,1183.55004883,1456700000,1183.55004883
2004-11-19,1184.0,1169.18994141,1183.55004883,1170.33996582,1526600000,1170.33996582
2004-11-22,1178.18005371,1167.89001465,1170.33996582,1177.23999023,1392700000,1177.23999023
2004-11-23,1179.52001953,1171.41003418,1177.23999023,1176.93994141,1428300000,1176.93994141
2004-11-24,1182.45996094,1176.93994141,1176.93994141,1181.76000977,1149600000,1181.76000977
2004-11-26,1186.61999512,1181.07995605,1181.76000977,1182.65002441,504580000,1182.65002441
2004-11-29,1186.93994141,1172.36999512,1182.65002441,1178.56994629,1378500000,1178.56994629
2004-11-30,1178.66003418,1173.81005859,1178.56994629,1173.81994629,1553500000,1173.81994629
2004-12-01,1191.36999512,1173.7800293,1173.7800293,1191.36999512,1772800000,1191.36999512
2004-12-02,1194.80004883,1186.7199707,1191.36999512,1190.32995605,1774900000,1190.32995605
2004-12-03,1197.45996094,1187.70996094,1190.32995605,1191.17004395,1566700000,1191.17004395
2004-12-06,1192.41003418,1185.18005371,1191.17004395,1190.25,1354400000,1190.25
2004-12-07,1192.17004395,1177.06994629,1190.25,1177.06994629,1533900000,1177.06994629
2004-12-08,1184.05004883,1177.06994629,1177.06994629,1182.81005859,1525200000,1182.81005859
2004-12-09,1190.51000977,1173.79003906,1182.81005859,1189.23999023,1624700000,1189.23999023
2004-12-10,1191.44995117,1185.23999023,1189.23999023,1188.0,1443700000,1188.0
2004-12-13,1198.73999023,1188.0,1188.0,1198.68005371,1436100000,1198.68005371
2004-12-14,1205.29003906,1197.83996582,1198.68005371,1203.38000488,1544400000,1203.38000488
2004-12-15,1206.60998535,1199.43994141,1203.38000488,1205.7199707,1695800000,1205.7199707
2004-12-16,1207.9699707,1198.41003418,1205.7199707,1203.20996094,1793900000,1203.20996094
2004-12-17,1203.20996094,1193.48999023,1203.20996094,1194.19995117,2335000000,1194.19995117
2004-12-20,1203.43005371,1193.35998535,1194.19995117,1194.65002441,1422800000,1194.65002441
2004-12-21,1205.93005371,1194.65002441,1194.65002441,1205.44995117,1483700000,1205.44995117
2004-12-22,1211.42004395,1203.84997559,1205.44995117,1209.56994629,1390800000,1209.56994629
2004-12-23,1213.66003418,1208.70996094,1209.56994629,1210.13000488,956100000,1210.13000488
2004-12-27,1214.13000488,1204.92004395,1210.13000488,1204.92004395,922000000,1204.92004395
2004-12-28,1213.54003906,1204.92004395,1204.92004395,1213.54003906,983000000,1213.54003906
2004-12-29,1213.84997559,1210.94995117,1213.54003906,1213.44995117,925900000,1213.44995117
2004-12-30,1216.4699707,1213.41003418,1213.44995117,1213.55004883,829800000,1213.55004883
2004-12-31,1217.32995605,1211.65002441,1213.55004883,1211.92004395,786900000,1211.92004395
2005-01-03,1217.80004883,1200.31994629,1211.92004395,1202.07995605,1510800000,1202.07995605
2005-01-04,1205.83996582,1185.39001465,1202.07995605,1188.05004883,1721000000,1188.05004883
2005-01-05,1192.72998047,1183.7199707,1188.05004883,1183.73999023,1738900000,1183.73999023
2005-01-06,1191.63000488,1183.27001953,1183.73999023,1187.89001465,1569100000,1187.89001465
2005-01-07,1192.19995117,1182.16003418,1187.89001465,1186.18994141,1477900000,1186.18994141
2005-01-10,1194.7800293,1184.80004883,1186.18994141,1190.25,1490400000,1190.25
2005-01-11,1190.25,1180.43005371,1190.25,1182.98999023,1488800000,1182.98999023
2005-01-12,1187.92004395,1175.64001465,1182.98999023,1187.69995117,1562100000,1187.69995117
2005-01-13,1187.69995117,1175.81005859,1187.69995117,1177.44995117,1510300000,1177.44995117
2005-01-14,1185.20996094,1177.44995117,1177.44995117,1184.52001953,1335400000,1184.52001953
2005-01-18,1195.97998047,1180.09997559,1184.52001953,1195.97998047,1596800000,1195.97998047
2005-01-19,1195.97998047,1184.41003418,1195.97998047,1184.63000488,1498700000,1184.63000488
2005-01-20,1184.63000488,1173.42004395,1184.63000488,1175.41003418,1692000000,1175.41003418
2005-01-21,1179.44995117,1167.81994629,1175.41003418,1167.86999512,1643500000,1167.86999512
2005-01-24,1173.0300293,1163.75,1167.86999512,1163.75,1494600000,1163.75
2005-01-25,1174.30004883,1163.75,1163.75,1168.41003418,1610400000,1168.41003418
2005-01-26,1175.95996094,1168.41003418,1168.41003418,1174.06994629,1635900000,1174.06994629
2005-01-27,1177.5,1170.15002441,1174.06994629,1174.55004883,1600600000,1174.55004883
2005-01-28,1175.60998535,1166.25,1174.55004883,1171.35998535,1641800000,1171.35998535
2005-01-31,1182.06994629,1171.35998535,1171.35998535,1181.27001953,1679800000,1181.27001953
2005-02-01,1190.39001465,1180.94995117,1181.27001953,1189.41003418,1681980000,1189.41003418
2005-02-02,1195.25,1188.92004395,1189.41003418,1193.18994141,1561740000,1193.18994141
2005-02-03,1193.18994141,1185.64001465,1193.18994141,1189.89001465,1554460000,1189.89001465
2005-02-04,1203.4699707,1189.67004395,1189.89001465,1203.0300293,1648160000,1203.0300293
2005-02-07,1204.15002441,1199.27001953,1203.0300293,1201.7199707,1347270000,1201.7199707
2005-02-08,1205.10998535,1200.16003418,1201.7199707,1202.30004883,1416170000,1202.30004883
2005-02-09,1203.82995605,1191.54003906,1202.30004883,1191.98999023,1511040000,1191.98999023
2005-02-10,1198.75,1191.54003906,1191.98999023,1197.01000977,1491670000,1197.01000977
2005-02-11,1208.38000488,1193.2800293,1197.01000977,1205.30004883,1562300000,1205.30004883
2005-02-14,1206.93005371,1203.58996582,1205.30004883,1206.14001465,1290180000,1206.14001465
2005-02-15,1212.43994141,1205.52001953,1206.14001465,1210.11999512,1527080000,1210.11999512
2005-02-16,1212.43994141,1205.06005859,1210.11999512,1210.33996582,1490100000,1210.33996582
2005-02-17,1211.32995605,1200.73999023,1210.33996582,1200.75,1580120000,1200.75
2005-02-18,1202.92004395,1197.34997559,1200.75,1201.58996582,1551200000,1201.58996582
2005-02-22,1202.47998047,1184.16003418,1201.58996582,1184.16003418,1744940000,1184.16003418
2005-02-23,1193.52001953,1184.16003418,1184.16003418,1190.80004883,1501090000,1190.80004883
2005-02-24,1200.42004395,1187.80004883,1190.80004883,1200.19995117,1518750000,1200.19995117
2005-02-25,1212.15002441,1199.60998535,1200.19995117,1211.36999512,1523680000,1211.36999512
2005-02-28,1211.36999512,1198.13000488,1211.36999512,1203.59997559,1795480000,1203.59997559
2005-03-01,1212.25,1203.59997559,1203.59997559,1210.41003418,1708060000,1210.41003418
2005-03-02,1215.79003906,1204.2199707,1210.41003418,1210.07995605,1568540000,1210.07995605
2005-03-03,1215.7199707,1204.44995117,1210.07995605,1210.4699707,1616240000,1210.4699707
2005-03-04,1224.76000977,1210.4699707,1210.4699707,1222.11999512,1636820000,1222.11999512
2005-03-07,1229.10998535,1222.11999512,1222.11999512,1225.31005859,1488830000,1225.31005859
2005-03-08,1225.68994141,1218.56994629,1225.31005859,1219.43005371,1523090000,1219.43005371
2005-03-09,1219.43005371,1206.66003418,1219.43005371,1207.01000977,1704970000,1207.01000977
2005-03-10,1211.22998047,1201.41003418,1207.01000977,1209.25,1604020000,1209.25
2005-03-11,1213.04003906,1198.15002441,1209.25,1200.07995605,1449820000,1200.07995605
2005-03-14,1206.82995605,1199.51000977,1200.07995605,1206.82995605,1437430000,1206.82995605
2005-03-15,1210.54003906,1197.75,1206.82995605,1197.75,1513530000,1197.75
2005-03-16,1197.75,1185.60998535,1197.75,1188.06994629,1653190000,1188.06994629
2005-03-17,1193.2800293,1186.33996582,1188.06994629,1190.20996094,1581930000,1190.20996094
2005-03-18,1191.97998047,1182.7800293,1190.20996094,1189.65002441,2344370000,1189.65002441
2005-03-21,1189.65002441,1178.81994629,1189.65002441,1183.7800293,1819440000,1183.7800293
2005-03-22,1189.58996582,1171.63000488,1183.7800293,1171.70996094,2114470000,1171.70996094
2005-03-23,1176.26000977,1168.69995117,1171.70996094,1172.5300293,2246870000,1172.5300293
2005-03-24,1180.10998535,1171.42004395,1172.5300293,1171.42004395,1721720000,1171.42004395
2005-03-28,1179.91003418,1171.42004395,1171.42004395,1174.2800293,1746220000,1174.2800293
2005-03-29,1179.39001465,1163.68994141,1174.2800293,1165.35998535,2223250000,1165.35998535
2005-03-30,1181.54003906,1165.35998535,1165.35998535,1181.41003418,2097110000,1181.41003418
2005-03-31,1184.5300293,1179.48999023,1181.41003418,1180.58996582,2214230000,1180.58996582
2005-04-01,1189.80004883,1169.91003418,1180.58996582,1172.92004395,2168690000,1172.92004395
2005-04-04,1178.60998535,1167.7199707,1172.79003906,1176.11999512,2079770000,1176.11999512
2005-04-05,1183.56005859,1176.11999512,1176.11999512,1181.39001465,1870800000,1181.39001465
2005-04-06,1189.33996582,1181.39001465,1181.39001465,1184.06994629,1797400000,1184.06994629
2005-04-07,1191.88000488,1183.81005859,1184.06994629,1191.14001465,1900620000,1191.14001465
2005-04-08,1191.75,1181.13000488,1191.14001465,1181.19995117,1661330000,1181.19995117
2005-04-11,1184.06994629,1178.68994141,1181.19995117,1181.20996094,1525310000,1181.20996094
2005-04-12,1190.17004395,1170.84997559,1181.20996094,1187.76000977,1979830000,1187.76000977
2005-04-13,1187.76000977,1171.40002441,1187.76000977,1173.79003906,2049740000,1173.79003906
2005-04-14,1174.67004395,1161.69995117,1173.79003906,1162.05004883,2355040000,1162.05004883
2005-04-15,1162.05004883,1141.92004395,1162.05004883,1142.61999512,2689960000,1142.61999512
2005-04-18,1148.92004395,1139.80004883,1142.61999512,1145.97998047,2180670000,1145.97998047
2005-04-19,1154.67004395,1145.97998047,1145.97998047,1152.7800293,2142700000,1152.7800293
2005-04-20,1155.5,1136.15002441,1152.7800293,1137.5,2217050000,1137.5
2005-04-21,1159.94995117,1137.5,1137.5,1159.94995117,2308560000,1159.94995117
2005-04-22,1159.94995117,1142.94995117,1159.94995117,1152.11999512,2045880000,1152.11999512
2005-04-25,1164.05004883,1152.11999512,1152.11999512,1162.09997559,1795030000,1162.09997559
2005-04-26,1164.80004883,1151.82995605,1162.09997559,1151.82995605,1959740000,1151.82995605
2005-04-27,1159.86999512,1144.42004395,1151.73999023,1156.38000488,2151520000,1156.38000488
2005-04-28,1156.38000488,1143.2199707,1156.38000488,1143.2199707,2182270000,1143.2199707
2005-04-29,1156.9699707,1139.18994141,1143.2199707,1156.84997559,2362360000,1156.84997559
2005-05-02,1162.86999512,1154.70996094,1156.84997559,1162.16003418,1980040000,1162.16003418
2005-05-03,1166.89001465,1156.70996094,1162.16003418,1161.17004395,2167020000,1161.17004395
2005-05-04,1176.01000977,1161.17004395,1161.17004395,1175.65002441,2306480000,1175.65002441
2005-05-05,1178.61999512,1166.77001953,1175.65002441,1172.63000488,1997100000,1172.63000488
2005-05-06,1177.75,1170.5,1172.63000488,1171.34997559,1707200000,1171.34997559
2005-05-09,1178.86999512,1169.38000488,1171.34997559,1178.83996582,1857020000,1178.83996582
2005-05-10,1178.83996582,1162.97998047,1178.83996582,1166.2199707,1889660000,1166.2199707
2005-05-11,1171.77001953,1157.70996094,1166.2199707,1171.10998535,1834970000,1171.10998535
2005-05-12,1173.36999512,1157.76000977,1171.10998535,1159.35998535,1995290000,1159.35998535
2005-05-13,1163.75,1146.18005371,1159.35998535,1154.05004883,2188590000,1154.05004883
2005-05-16,1165.75,1153.64001465,1154.05004883,1165.68994141,1856860000,1165.68994141
2005-05-17,1174.34997559,1159.85998535,1165.68994141,1173.80004883,1887260000,1173.80004883
2005-05-18,1187.90002441,1173.80004883,1173.80004883,1185.56005859,2266320000,1185.56005859
2005-05-19,1191.08996582,1184.48999023,1185.56005859,1191.07995605,1775860000,1191.07995605
2005-05-20,1191.2199707,1185.18994141,1191.07995605,1189.2800293,1631750000,1189.2800293
2005-05-23,1197.43994141,1188.76000977,1189.2800293,1193.85998535,1681170000,1193.85998535
2005-05-24,1195.29003906,1189.86999512,1193.85998535,1194.06994629,1681000000,1194.06994629
2005-05-25,1194.06994629,1185.95996094,1194.06994629,1190.01000977,1742180000,1190.01000977
2005-05-26,1198.94995117,1190.01000977,1190.01000977,1197.61999512,1654110000,1197.61999512
2005-05-27,1199.56005859,1195.2800293,1197.61999512,1198.7800293,1381430000,1198.7800293
2005-05-31,1198.7800293,1191.5,1198.7800293,1191.5,1840680000,1191.5
2005-06-01,1205.64001465,1191.0300293,1191.5,1202.2199707,1810100000,1202.2199707
2005-06-02,1204.67004395,1198.42004395,1202.27001953,1204.29003906,1813790000,1204.29003906
2005-06-03,1205.08996582,1194.55004883,1204.29003906,1196.02001953,1627520000,1196.02001953
2005-06-06,1198.7800293,1192.75,1196.02001953,1197.51000977,1547120000,1197.51000977
2005-06-07,1208.84997559,1197.26000977,1197.51000977,1197.26000977,1851370000,1197.26000977
2005-06-08,1201.9699707,1193.32995605,1197.26000977,1194.67004395,1715490000,1194.67004395
2005-06-09,1201.85998535,1191.08996582,1194.67004395,1200.93005371,1824120000,1200.93005371
2005-06-10,1202.79003906,1192.64001465,1200.93005371,1198.10998535,1664180000,1198.10998535
2005-06-13,1206.0300293,1194.51000977,1198.10998535,1200.81994629,1661350000,1200.81994629
2005-06-14,1207.5300293,1200.18005371,1200.81994629,1203.91003418,1698150000,1203.91003418
2005-06-15,1208.07995605,1198.66003418,1203.91003418,1206.57995605,1840440000,1206.57995605
2005-06-16,1212.09997559,1205.4699707,1206.55004883,1210.95996094,1776040000,1210.95996094
2005-06-17,1219.55004883,1210.93005371,1210.93005371,1216.95996094,2407370000,1216.95996094
2005-06-20,1219.09997559,1210.65002441,1216.95996094,1216.09997559,1714530000,1216.09997559
2005-06-21,1217.13000488,1211.85998535,1216.09997559,1213.60998535,1720700000,1213.60998535
2005-06-22,1219.58996582,1211.68994141,1213.60998535,1213.88000488,1823250000,1213.88000488
2005-06-23,1216.44995117,1200.7199707,1213.88000488,1200.72998047,2029920000,1200.72998047
2005-06-24,1200.90002441,1191.44995117,1200.72998047,1191.56994629,2418800000,1191.56994629
2005-06-27,1194.32995605,1188.30004883,1191.56994629,1190.68994141,1738620000,1190.68994141
2005-06-28,1202.54003906,1190.68994141,1190.68994141,1201.56994629,1772410000,1201.56994629
2005-06-29,1204.06994629,1198.69995117,1201.56994629,1199.84997559,1769280000,1199.84997559
2005-06-30,1203.27001953,1190.51000977,1199.84997559,1191.32995605,2109490000,1191.32995605
2005-07-01,1197.89001465,1191.32995605,1191.32995605,1194.43994141,1593820000,1194.43994141
2005-07-05,1206.33996582,1192.48999023,1194.43994141,1204.98999023,1805820000,1204.98999023
2005-07-06,1206.10998535,1194.7800293,1204.98999023,1194.93994141,1883470000,1194.93994141
2005-07-07,1198.45996094,1183.55004883,1194.93994141,1197.86999512,1952440000,1197.86999512
2005-07-08,1212.72998047,1197.19995117,1197.86999512,1211.85998535,1900810000,1211.85998535
2005-07-11,1220.0300293,1211.85998535,1211.85998535,1219.43994141,1846300000,1219.43994141
2005-07-12,1225.54003906,1216.59997559,1219.43994141,1222.20996094,1932010000,1222.20996094
2005-07-13,1224.45996094,1219.64001465,1222.20996094,1223.29003906,1812500000,1223.29003906
2005-07-14,1233.16003418,1223.29003906,1223.29003906,1226.5,2048710000,1226.5
2005-07-15,1229.5300293,1223.5,1226.5,1227.92004395,1716400000,1227.92004395
2005-07-18,1227.92004395,1221.13000488,1227.92004395,1221.13000488,1582100000,1221.13000488
2005-07-19,1230.33996582,1221.13000488,1221.13000488,1229.34997559,2041280000,1229.34997559
2005-07-20,1236.56005859,1222.91003418,1229.34997559,1235.19995117,2063340000,1235.19995117
2005-07-21,1235.82995605,1224.69995117,1235.19995117,1227.04003906,2129840000,1227.04003906
2005-07-22,1234.18994141,1226.15002441,1227.04003906,1233.68005371,1766990000,1233.68005371
2005-07-25,1238.35998535,1228.15002441,1233.68005371,1229.0300293,1717580000,1229.0300293
2005-07-26,1234.42004395,1229.0300293,1229.0300293,1231.16003418,1934180000,1231.16003418
2005-07-27,1237.64001465,1230.15002441,1231.16003418,1236.79003906,1945800000,1236.79003906
2005-07-28,1245.15002441,1235.81005859,1236.79003906,1243.7199707,2001680000,1243.7199707
2005-07-29,1245.04003906,1234.18005371,1243.7199707,1234.18005371,1789600000,1234.18005371
2005-08-01,1239.09997559,1233.80004883,1234.18005371,1235.34997559,1716870000,1235.34997559
2005-08-02,1244.68994141,1235.34997559,1235.34997559,1244.11999512,2043120000,1244.11999512
2005-08-03,1245.85998535,1240.56994629,1244.11999512,1245.04003906,1999980000,1245.04003906
2005-08-04,1245.04003906,1235.15002441,1245.04003906,1235.85998535,1981220000,1235.85998535
2005-08-05,1235.85998535,1225.61999512,1235.85998535,1226.42004395,1930280000,1226.42004395
2005-08-08,1232.2800293,1222.67004395,1226.42004395,1223.13000488,1804140000,1223.13000488
2005-08-09,1234.10998535,1223.13000488,1223.13000488,1231.38000488,1897520000,1231.38000488
2005-08-10,1242.68994141,1226.57995605,1231.38000488,1229.13000488,2172320000,1229.13000488
2005-08-11,1237.81005859,1228.32995605,1229.13000488,1237.81005859,1941560000,1237.81005859
2005-08-12,1237.81005859,1225.86999512,1237.81005859,1230.39001465,1709300000,1230.39001465
2005-08-15,1236.23999023,1226.19995117,1230.40002441,1233.86999512,1562880000,1233.86999512
2005-08-16,1233.86999512,1219.05004883,1233.86999512,1219.33996582,1820410000,1219.33996582
2005-08-17,1225.63000488,1218.06994629,1219.33996582,1220.23999023,1859150000,1220.23999023
2005-08-18,1222.64001465,1215.93005371,1220.23999023,1219.02001953,1808170000,1219.02001953
2005-08-19,1225.07995605,1219.02001953,1219.02001953,1219.70996094,1558790000,1219.70996094
2005-08-22,1228.95996094,1216.4699707,1219.70996094,1221.72998047,1621330000,1221.72998047
2005-08-23,1223.04003906,1214.43994141,1221.72998047,1217.58996582,1678620000,1217.58996582
2005-08-24,1224.15002441,1209.36999512,1217.56994629,1209.58996582,1930800000,1209.58996582
2005-08-25,1213.72998047,1209.56994629,1209.58996582,1212.36999512,1571110000,1212.36999512
2005-08-26,1212.40002441,1204.22998047,1212.40002441,1205.09997559,1541090000,1205.09997559
2005-08-29,1214.2800293,1201.5300293,1205.09997559,1212.2800293,1599450000,1212.2800293
2005-08-30,1212.2800293,1201.06994629,1212.2800293,1208.41003418,1916470000,1208.41003418
2005-08-31,1220.35998535,1204.40002441,1208.41003418,1220.32995605,2365510000,1220.32995605
2005-09-01,1227.29003906,1216.18005371,1220.32995605,1221.58996582,2229860000,1221.58996582
2005-09-02,1224.44995117,1217.75,1221.58996582,1218.02001953,1640160000,1218.02001953
2005-09-06,1233.60998535,1218.02001953,1218.02001953,1233.39001465,1932090000,1233.39001465
2005-09-07,1237.06005859,1230.93005371,1233.39001465,1236.35998535,2067700000,1236.35998535
2005-09-08,1236.35998535,1229.51000977,1236.35998535,1231.67004395,1955380000,1231.67004395
2005-09-09,1243.13000488,1231.67004395,1231.67004395,1241.47998047,1992560000,1241.47998047
2005-09-12,1242.59997559,1239.15002441,1241.47998047,1240.56005859,1938050000,1240.56005859
2005-09-13,1240.56994629,1231.19995117,1240.56994629,1231.19995117,2082360000,1231.19995117
2005-09-14,1234.73999023,1226.16003418,1231.19995117,1227.16003418,1986750000,1227.16003418
2005-09-15,1231.88000488,1224.84997559,1227.16003418,1227.72998047,2079340000,1227.72998047
2005-09-16,1237.94995117,1228.42004395,1228.42004395,1237.91003418,3152470000,1237.91003418
2005-09-19,1237.91003418,1227.65002441,1237.91003418,1231.02001953,2076540000,1231.02001953
2005-09-20,1236.48999023,1220.06994629,1231.02001953,1221.33996582,2319250000,1221.33996582
2005-09-21,1221.52001953,1209.89001465,1221.33996582,1210.19995117,2548150000,1210.19995117
2005-09-22,1216.64001465,1205.34997559,1210.19995117,1214.61999512,2424720000,1214.61999512
2005-09-23,1218.82995605,1209.80004883,1214.61999512,1215.29003906,1973020000,1215.29003906
2005-09-26,1222.56005859,1211.83996582,1215.29003906,1215.63000488,2022220000,1215.63000488
2005-09-27,1220.17004395,1211.10998535,1215.63000488,1215.66003418,1976270000,1215.66003418
2005-09-28,1220.97998047,1212.7199707,1215.66003418,1216.89001465,2106980000,1216.89001465
2005-09-29,1228.69995117,1211.54003906,1216.89001465,1227.68005371,2176120000,1227.68005371
2005-09-30,1229.56994629,1225.2199707,1227.68005371,1228.81005859,2097520000,1228.81005859
2005-10-03,1233.33996582,1225.15002441,1228.81005859,1226.69995117,2097490000,1226.69995117
2005-10-04,1229.88000488,1214.02001953,1226.69995117,1214.4699707,2341420000,1214.4699707
2005-10-05,1214.4699707,1196.25,1214.4699707,1196.39001465,2546780000,1196.39001465
2005-10-06,1202.14001465,1181.92004395,1196.39001465,1191.48999023,2792030000,1191.48999023
2005-10-07,1199.70996094,1191.45996094,1191.48999023,1195.90002441,2126080000,1195.90002441
2005-10-10,1196.52001953,1186.11999512,1195.90002441,1187.32995605,2195990000,1187.32995605
2005-10-11,1193.09997559,1183.16003418,1187.32995605,1184.86999512,2299040000,1184.86999512
2005-10-12,1190.02001953,1173.65002441,1184.86999512,1177.68005371,2491280000,1177.68005371
2005-10-13,1179.56005859,1168.19995117,1177.68005371,1176.83996582,2351150000,1176.83996582
2005-10-14,1187.13000488,1175.43994141,1176.83996582,1186.56994629,2188940000,1186.56994629
2005-10-17,1191.20996094,1184.47998047,1186.56994629,1190.09997559,2054570000,1190.09997559
2005-10-18,1190.09997559,1178.13000488,1190.09997559,1178.14001465,2197010000,1178.14001465
2005-10-19,1195.76000977,1170.55004883,1178.14001465,1195.76000977,2703590000,1195.76000977
2005-10-20,1197.30004883,1173.30004883,1195.76000977,1177.80004883,2617250000,1177.80004883
2005-10-21,1186.45996094,1174.92004395,1177.80004883,1179.58996582,2470920000,1179.58996582
2005-10-24,1199.39001465,1179.58996582,1179.58996582,1199.38000488,2197790000,1199.38000488
2005-10-25,1201.30004883,1189.29003906,1199.38000488,1196.54003906,2312470000,1196.54003906
2005-10-26,1204.01000977,1191.38000488,1196.54003906,1191.38000488,2467750000,1191.38000488
2005-10-27,1192.65002441,1178.89001465,1191.38000488,1178.90002441,2395370000,1178.90002441
2005-10-28,1198.41003418,1178.90002441,1178.90002441,1198.41003418,2379400000,1198.41003418
2005-10-31,1211.43005371,1198.41003418,1198.41003418,1207.01000977,2567470000,1207.01000977
2005-11-01,1207.33996582,1201.66003418,1207.01000977,1202.76000977,2457850000,1202.76000977
2005-11-02,1215.17004395,1201.06994629,1202.76000977,1214.76000977,2648090000,1214.76000977
2005-11-03,1224.69995117,1214.76000977,1214.76000977,1219.93994141,2716630000,1219.93994141
2005-11-04,1222.52001953,1214.44995117,1219.93994141,1220.14001465,2050510000,1220.14001465
2005-11-07,1224.18005371,1217.29003906,1220.14001465,1222.81005859,1987580000,1222.81005859
2005-11-08,1222.81005859,1216.07995605,1222.81005859,1218.58996582,1965050000,1218.58996582
2005-11-09,1226.58996582,1216.5300293,1218.58996582,1220.65002441,2214460000,1220.65002441
2005-11-10,1232.41003418,1215.05004883,1220.65002441,1230.95996094,2378460000,1230.95996094
2005-11-11,1235.69995117,1230.7199707,1230.95996094,1234.7199707,1773140000,1234.7199707
2005-11-14,1237.19995117,1231.7800293,1234.7199707,1233.76000977,1899780000,1233.76000977
2005-11-15,1237.93994141,1226.41003418,1233.76000977,1229.01000977,2359370000,1229.01000977
2005-11-16,1232.23999023,1227.18005371,1229.01000977,1231.20996094,2121580000,1231.20996094
2005-11-17,1242.95996094,1231.20996094,1231.20996094,1242.80004883,2298040000,1242.80004883
2005-11-18,1249.57995605,1240.70996094,1242.80004883,1248.27001953,2453290000,1248.27001953
2005-11-21,1255.89001465,1246.90002441,1248.27001953,1254.84997559,2117350000,1254.84997559
2005-11-22,1261.90002441,1251.40002441,1254.84997559,1261.22998047,2291420000,1261.22998047
2005-11-23,1270.64001465,1259.51000977,1261.22998047,1265.60998535,1985400000,1265.60998535
2005-11-25,1268.7800293,1265.54003906,1265.60998535,1268.25,724940000,1268.25
2005-11-28,1268.43994141,1257.17004395,1268.25,1257.45996094,2016900000,1257.45996094
2005-11-29,1266.18005371,1257.45996094,1257.45996094,1257.47998047,2268340000,1257.47998047
2005-11-30,1260.93005371,1249.39001465,1257.47998047,1249.47998047,2374690000,1249.47998047
2005-12-01,1266.17004395,1249.47998047,1249.47998047,1264.67004395,2614830000,1264.67004395
2005-12-02,1266.84997559,1261.42004395,1264.67004395,1265.07995605,2125580000,1265.07995605
2005-12-05,1265.07995605,1258.11999512,1265.07995605,1262.08996582,2325840000,1262.08996582
2005-12-06,1272.89001465,1262.08996582,1262.08996582,1263.69995117,2110740000,1263.69995117
2005-12-07,1264.84997559,1253.02001953,1263.69995117,1257.36999512,2093830000,1257.36999512
2005-12-08,1263.35998535,1250.91003418,1257.36999512,1255.83996582,2178300000,1255.83996582
2005-12-09,1263.07995605,1254.23999023,1255.83996582,1259.36999512,1896290000,1259.36999512
2005-12-12,1263.85998535,1255.52001953,1259.36999512,1260.43005371,1876550000,1260.43005371
2005-12-13,1272.10998535,1258.56005859,1260.43005371,1267.43005371,2390020000,1267.43005371
2005-12-14,1275.80004883,1267.06994629,1267.43005371,1272.73999023,2145520000,1272.73999023
2005-12-15,1275.17004395,1267.73999023,1272.73999023,1270.93994141,2180590000,1270.93994141
2005-12-16,1275.23999023,1267.31994629,1270.93994141,1267.31994629,2584190000,1267.31994629
2005-12-19,1270.51000977,1259.2800293,1267.31994629,1259.92004395,2208810000,1259.92004395
2005-12-20,1263.85998535,1257.20996094,1259.92004395,1259.61999512,1996690000,1259.61999512
2005-12-21,1269.36999512,1259.61999512,1259.61999512,1262.79003906,2065170000,1262.79003906
2005-12-22,1268.18994141,1262.5,1262.79003906,1268.11999512,1888500000,1268.11999512
2005-12-23,1269.76000977,1265.92004395,1268.11999512,1268.66003418,1285810000,1268.66003418
2005-12-27,1271.82995605,1256.54003906,1268.66003418,1256.54003906,1540470000,1256.54003906
2005-12-28,1261.09997559,1256.54003906,1256.54003906,1258.17004395,1422360000,1258.17004395
2005-12-29,1260.60998535,1254.18005371,1258.17004395,1254.42004395,1382540000,1254.42004395
2005-12-30,1254.42004395,1246.58996582,1254.42004395,1248.29003906,1443500000,1248.29003906
2006-01-03,1270.2199707,1245.73999023,1248.29003906,1268.80004883,2554570000,1268.80004883
2006-01-04,1275.36999512,1267.73999023,1268.80004883,1273.45996094,2515330000,1273.45996094
2006-01-05,1276.91003418,1270.30004883,1273.45996094,1273.47998047,2433340000,1273.47998047
2006-01-06,1286.08996582,1273.47998047,1273.47998047,1285.44995117,2446560000,1285.44995117
2006-01-09,1290.7800293,1284.81994629,1285.44995117,1290.15002441,2301490000,1290.15002441
2006-01-10,1290.15002441,1283.76000977,1290.15002441,1289.68994141,2373080000,1289.68994141
2006-01-11,1294.90002441,1288.11999512,1289.7199707,1294.18005371,2406130000,1294.18005371
2006-01-12,1294.18005371,1285.04003906,1294.18005371,1286.06005859,2318350000,1286.06005859
2006-01-13,1288.95996094,1282.7800293,1286.06005859,1287.60998535,2206510000,1287.60998535
2006-01-17,1287.60998535,1278.60998535,1287.60998535,1282.93005371,2179970000,1282.93005371
2006-01-18,1282.93005371,1272.07995605,1282.93005371,1277.93005371,2233200000,1277.93005371
2006-01-19,1287.79003906,1277.93005371,1277.93005371,1285.04003906,2444020000,1285.04003906
2006-01-20,1285.04003906,1260.92004395,1285.04003906,1261.48999023,2845810000,1261.48999023
2006-01-23,1268.18994141,1261.48999023,1261.48999023,1263.81994629,2256070000,1263.81994629
2006-01-24,1271.4699707,1263.81994629,1263.81994629,1266.85998535,2608720000,1266.85998535
2006-01-25,1271.86999512,1259.42004395,1266.85998535,1264.68005371,2617060000,1264.68005371
2006-01-26,1276.43994141,1264.68005371,1264.68005371,1273.82995605,2856780000,1273.82995605
2006-01-27,1286.38000488,1273.82995605,1273.82995605,1283.7199707,2623620000,1283.7199707
2006-01-30,1287.93994141,1283.51000977,1283.7199707,1285.18994141,2282730000,1285.18994141
2006-01-31,1285.19995117,1276.84997559,1285.19995117,1280.07995605,2708310000,1280.07995605
2006-02-01,1283.32995605,1277.56994629,1280.07995605,1282.45996094,2589410000,1282.45996094
2006-02-02,1282.45996094,1267.7199707,1282.45996094,1270.83996582,2565300000,1270.83996582
2006-02-03,1270.86999512,1261.02001953,1270.83996582,1264.0300293,2282210000,1264.0300293
2006-02-06,1267.04003906,1261.61999512,1264.0300293,1265.02001953,2132360000,1265.02001953
2006-02-07,1265.7800293,1253.60998535,1265.02001953,1254.7800293,2366370000,1254.7800293
2006-02-08,1266.4699707,1254.7800293,1254.7800293,1265.65002441,2456860000,1265.65002441
2006-02-09,1274.56005859,1262.80004883,1265.65002441,1263.7800293,2441920000,1263.7800293
2006-02-10,1269.89001465,1254.97998047,1263.81994629,1266.98999023,2290050000,1266.98999023
2006-02-13,1266.98999023,1258.33996582,1266.98999023,1262.85998535,1850080000,1262.85998535
2006-02-14,1278.20996094,1260.80004883,1262.85998535,1275.5300293,2437940000,1275.5300293
2006-02-15,1281.0,1271.06005859,1275.5300293,1280.0,2317590000,1280.0
2006-02-16,1289.39001465,1280.0,1280.0,1289.38000488,2251490000,1289.38000488
2006-02-17,1289.4699707,1284.06994629,1289.38000488,1287.23999023,2128260000,1287.23999023
2006-02-21,1291.92004395,1281.32995605,1287.23999023,1283.0300293,2104320000,1283.0300293
2006-02-22,1294.17004395,1283.0300293,1283.0300293,1292.67004395,2222380000,1292.67004395
2006-02-23,1293.83996582,1285.14001465,1292.67004395,1287.79003906,2144210000,1287.79003906
2006-02-24,1292.10998535,1285.61999512,1287.79003906,1289.43005371,1933010000,1289.43005371
2006-02-27,1297.56994629,1289.43005371,1289.43005371,1294.11999512,1975320000,1294.11999512
2006-02-28,1294.11999512,1278.66003418,1294.11999512,1280.66003418,2370860000,1280.66003418
2006-03-01,1291.80004883,1280.66003418,1280.66003418,1291.23999023,2308320000,1291.23999023
2006-03-02,1291.23999023,1283.20996094,1291.23999023,1289.14001465,2494590000,1289.14001465
2006-03-03,1297.32995605,1284.19995117,1289.14001465,1287.22998047,2152950000,1287.22998047
2006-03-06,1288.22998047,1275.67004395,1287.22998047,1278.26000977,2280190000,1278.26000977
2006-03-07,1278.26000977,1271.10998535,1278.26000977,1275.88000488,2268050000,1275.88000488
2006-03-08,1280.32995605,1268.42004395,1275.88000488,1278.4699707,2442870000,1278.4699707
2006-03-09,1282.73999023,1272.22998047,1278.4699707,1272.22998047,2140110000,1272.22998047
2006-03-10,1284.36999512,1271.10998535,1272.22998047,1281.42004395,2123450000,1281.42004395
2006-03-13,1287.36999512,1281.57995605,1281.57995605,1284.13000488,2070330000,1284.13000488
2006-03-14,1298.14001465,1282.67004395,1284.13000488,1297.47998047,2165270000,1297.47998047
2006-03-15,1304.40002441,1294.9699707,1297.47998047,1303.02001953,2293000000,1303.02001953
2006-03-16,1310.44995117,1303.02001953,1303.02001953,1305.32995605,2292180000,1305.32995605
2006-03-17,1309.79003906,1305.31994629,1305.32995605,1307.25,2549620000,1307.25
2006-03-20,1310.0,1303.58996582,1307.25,1305.07995605,1976830000,1305.07995605
2006-03-21,1310.88000488,1295.81994629,1305.07995605,1297.22998047,2147370000,1297.22998047
2006-03-22,1305.9699707,1295.81005859,1297.22998047,1305.04003906,2039810000,1305.04003906
2006-03-23,1305.04003906,1298.10998535,1305.04003906,1301.67004395,1980940000,1301.67004395
2006-03-24,1306.5300293,1298.89001465,1301.67004395,1302.94995117,2326070000,1302.94995117
2006-03-27,1303.73999023,1299.08996582,1302.94995117,1301.60998535,2029700000,1301.60998535
2006-03-28,1306.23999023,1291.83996582,1301.60998535,1293.22998047,2148580000,1293.22998047
2006-03-29,1305.59997559,1293.22998047,1293.22998047,1302.89001465,2143540000,1302.89001465
2006-03-30,1310.15002441,1296.7199707,1302.89001465,1300.25,2294560000,1300.25
2006-03-31,1303.0,1294.86999512,1300.25,1294.86999512,2236710000,1294.86999512
2006-04-03,1309.18994141,1296.65002441,1302.88000488,1297.81005859,2494080000,1297.81005859
2006-04-04,1307.55004883,1294.70996094,1297.81005859,1305.93005371,2147660000,1305.93005371
2006-04-05,1312.81005859,1304.81994629,1305.93005371,1311.56005859,2420020000,1311.56005859
2006-04-06,1311.98999023,1302.43994141,1311.56005859,1309.04003906,2281680000,1309.04003906
2006-04-07,1314.06994629,1294.18005371,1309.04003906,1295.5,2082470000,1295.5
2006-04-10,1300.73999023,1293.17004395,1295.51000977,1296.61999512,1898320000,1296.61999512
2006-04-11,1300.70996094,1282.95996094,1296.59997559,1286.56994629,2232880000,1286.56994629
2006-04-12,1290.93005371,1286.44995117,1286.56994629,1288.11999512,1938100000,1288.11999512
2006-04-13,1292.08996582,1283.36999512,1288.11999512,1289.11999512,1891940000,1289.11999512
2006-04-17,1292.44995117,1280.73999023,1289.11999512,1285.32995605,1794650000,1285.32995605
2006-04-18,1309.02001953,1285.32995605,1285.32995605,1307.2800293,2595440000,1307.2800293
2006-04-19,1310.39001465,1302.79003906,1307.65002441,1309.93005371,2447310000,1309.93005371
2006-04-20,1318.16003418,1306.38000488,1309.93005371,1311.45996094,2512920000,1311.45996094
2006-04-21,1317.67004395,1306.58996582,1311.45996094,1311.2800293,2392630000,1311.2800293
2006-04-24,1311.2800293,1303.79003906,1311.2800293,1308.10998535,2117330000,1308.10998535
2006-04-25,1310.79003906,1299.17004395,1308.10998535,1301.73999023,2366380000,1301.73999023
2006-04-26,1310.9699707,1301.73999023,1301.73999023,1305.41003418,2502690000,1305.41003418
2006-04-27,1315.0,1295.56994629,1305.41003418,1309.7199707,2772010000,1309.7199707
2006-04-28,1316.04003906,1306.16003418,1309.7199707,1310.60998535,2419920000,1310.60998535
2006-05-01,1317.20996094,1303.45996094,1310.60998535,1305.18994141,2437040000,1305.18994141
2006-05-02,1313.66003418,1305.18994141,1305.18994141,1313.20996094,2403470000,1313.20996094
2006-05-03,1313.4699707,1303.92004395,1313.20996094,1308.11999512,2395230000,1308.11999512
2006-05-04,1315.14001465,1307.84997559,1307.84997559,1312.25,2431450000,1312.25
2006-05-05,1326.5300293,1312.25,1312.25,1325.76000977,2294760000,1325.76000977
2006-05-08,1326.69995117,1322.86999512,1325.76000977,1324.66003418,2151300000,1324.66003418
2006-05-09,1326.59997559,1322.47998047,1324.66003418,1325.14001465,2157290000,1325.14001465
2006-05-10,1325.51000977,1317.43994141,1324.56994629,1322.84997559,2268550000,1322.84997559
2006-05-11,1322.63000488,1303.44995117,1322.63000488,1305.92004395,2531520000,1305.92004395
2006-05-12,1305.88000488,1290.38000488,1305.88000488,1291.23999023,2567970000,1291.23999023
2006-05-15,1294.81005859,1284.51000977,1291.18994141,1294.5,2505660000,1294.5
2006-05-16,1297.88000488,1288.51000977,1294.5,1292.07995605,2386210000,1292.07995605
2006-05-17,1291.72998047,1267.31005859,1291.72998047,1270.31994629,2830200000,1270.31994629
2006-05-18,1274.89001465,1261.75,1270.25,1261.81005859,2537490000,1261.81005859
2006-05-19,1272.15002441,1256.2800293,1261.81005859,1267.0300293,2982300000,1267.0300293
2006-05-22,1268.77001953,1252.97998047,1267.0300293,1262.06994629,2773010000,1262.06994629
2006-05-23,1273.67004395,1256.15002441,1262.06005859,1256.57995605,2605250000,1256.57995605
2006-05-24,1264.5300293,1245.33996582,1256.56005859,1258.56994629,2999030000,1258.56994629
2006-05-25,1273.26000977,1258.41003418,1258.41003418,1272.88000488,2372730000,1272.88000488
2006-05-26,1280.54003906,1272.5,1272.70996094,1280.16003418,1814020000,1280.16003418
2006-05-30,1280.04003906,1259.86999512,1280.04003906,1259.86999512,2176190000,1259.86999512
2006-05-31,1270.08996582,1259.38000488,1259.38000488,1270.08996582,2692160000,1270.08996582
2006-06-01,1285.70996094,1269.18994141,1270.05004883,1285.70996094,2360160000,1285.70996094
2006-06-02,1290.68005371,1280.2199707,1285.70996094,1288.2199707,2295540000,1288.2199707
2006-06-05,1288.16003418,1264.66003418,1288.16003418,1265.29003906,2313470000,1265.29003906
2006-06-06,1269.88000488,1254.45996094,1265.22998047,1263.84997559,2697650000,1263.84997559
2006-06-07,1272.4699707,1255.77001953,1263.60998535,1256.15002441,2644170000,1256.15002441
2006-06-08,1259.84997559,1235.18005371,1256.07995605,1257.93005371,3543790000,1257.93005371
2006-06-09,1262.57995605,1250.0300293,1257.93005371,1252.30004883,2214000000,1252.30004883
2006-06-12,1255.2199707,1236.43005371,1252.27001953,1237.43994141,2247010000,1237.43994141
2006-06-13,1243.36999512,1222.52001953,1236.07995605,1223.68994141,3215770000,1223.68994141
2006-06-14,1231.45996094,1219.29003906,1223.66003418,1230.04003906,2667990000,1230.04003906
2006-06-15,1258.64001465,1230.01000977,1230.01000977,1256.16003418,2775480000,1256.16003418
2006-06-16,1256.27001953,1246.32995605,1256.16003418,1251.54003906,2783390000,1251.54003906
2006-06-19,1255.93005371,1237.17004395,1251.54003906,1240.13000488,2517200000,1240.13000488
2006-06-20,1249.01000977,1238.86999512,1240.11999512,1240.11999512,2232950000,1240.11999512
2006-06-21,1257.95996094,1240.08996582,1240.08996582,1252.19995117,2361230000,1252.19995117
2006-06-22,1251.92004395,1241.5300293,1251.92004395,1245.59997559,2148180000,1245.59997559
2006-06-23,1253.13000488,1241.43005371,1245.58996582,1244.5,2017270000,1244.5
2006-06-26,1250.92004395,1243.68005371,1244.5,1250.56005859,1878580000,1250.56005859
2006-06-27,1253.36999512,1238.93994141,1250.55004883,1239.19995117,2203130000,1239.19995117
2006-06-28,1247.06005859,1237.58996582,1238.98999023,1246.0,2085490000,1246.0
2006-06-29,1272.88000488,1245.93994141,1245.93994141,1272.86999512,2621250000,1272.86999512
2006-06-30,1276.30004883,1270.19995117,1272.85998535,1270.19995117,3049560000,1270.19995117
2006-07-03,1280.38000488,1270.06005859,1270.06005859,1280.18994141,1114470000,1280.18994141
2006-07-05,1280.05004883,1265.91003418,1280.05004883,1270.91003418,2165070000,1270.91003418
2006-07-06,1278.31994629,1270.57995605,1270.57995605,1274.07995605,2009160000,1274.07995605
2006-07-07,1275.38000488,1263.13000488,1274.07995605,1265.47998047,1988150000,1265.47998047
2006-07-10,1274.06005859,1264.45996094,1265.45996094,1267.33996582,1854590000,1267.33996582
2006-07-11,1273.64001465,1259.65002441,1267.26000977,1272.43005371,2310850000,1272.43005371
2006-07-12,1273.31005859,1257.29003906,1272.39001465,1258.59997559,2250450000,1258.59997559
2006-07-13,1258.57995605,1241.43005371,1258.57995605,1242.2800293,2545760000,1242.2800293
2006-07-14,1242.69995117,1228.44995117,1242.29003906,1236.19995117,2467120000,1236.19995117
2006-07-17,1240.06994629,1231.48999023,1236.19995117,1234.48999023,2146410000,1234.48999023
2006-07-18,1239.85998535,1224.54003906,1234.47998047,1236.85998535,2481750000,1236.85998535
2006-07-19,1261.81005859,1236.73999023,1236.73999023,1259.81005859,2701980000,1259.81005859
2006-07-20,1262.56005859,1249.13000488,1259.81005859,1249.13000488,2345580000,1249.13000488
2006-07-21,1250.95996094,1238.7199707,1249.11999512,1240.29003906,2704090000,1240.29003906
2006-07-24,1262.5,1240.25,1240.25,1260.91003418,2312720000,1260.91003418
2006-07-25,1272.39001465,1257.18994141,1260.91003418,1268.88000488,2563930000,1268.88000488
2006-07-26,1273.89001465,1261.93994141,1268.86999512,1268.40002441,2667710000,1268.40002441
2006-07-27,1275.84997559,1261.92004395,1268.19995117,1263.19995117,2776710000,1263.19995117
2006-07-28,1280.42004395,1263.15002441,1263.15002441,1278.55004883,2480420000,1278.55004883
2006-07-31,1278.66003418,1274.31005859,1278.5300293,1276.66003418,2461300000,1276.66003418
2006-08-01,1278.66003418,1265.70996094,1278.5300293,1270.92004395,2527690000,1270.92004395
2006-08-02,1283.42004395,1270.72998047,1270.72998047,1277.41003418,2610750000,1277.41003418
2006-08-03,1283.95996094,1271.25,1278.2199707,1280.27001953,2728440000,1280.27001953
2006-08-04,1292.92004395,1273.81994629,1280.26000977,1279.35998535,2530970000,1279.35998535
2006-08-07,1279.31005859,1273.0,1279.31005859,1275.77001953,2045660000,1275.77001953
2006-08-08,1282.75,1268.36999512,1275.67004395,1271.47998047,2457840000,1271.47998047
2006-08-09,1283.73999023,1264.72998047,1271.13000488,1265.94995117,2555180000,1265.94995117
2006-08-10,1272.55004883,1261.30004883,1265.7199707,1271.81005859,2402190000,1271.81005859
2006-08-11,1271.64001465,1262.07995605,1271.64001465,1266.73999023,2004540000,1266.73999023
2006-08-14,1278.90002441,1266.67004395,1266.67004395,1268.20996094,2118020000,1268.20996094
2006-08-15,1286.22998047,1268.18994141,1268.18994141,1285.57995605,2334100000,1285.57995605
2006-08-16,1296.20996094,1285.27001953,1285.27001953,1295.43005371,2554570000,1295.43005371
2006-08-17,1300.7800293,1292.70996094,1295.36999512,1297.47998047,2458340000,1297.47998047
2006-08-18,1302.30004883,1293.56994629,1297.47998047,1302.30004883,2033910000,1302.30004883
2006-08-21,1302.30004883,1295.51000977,1302.30004883,1297.52001953,1759240000,1297.52001953
2006-08-22,1302.48999023,1294.43994141,1297.52001953,1298.81994629,1908740000,1298.81994629
2006-08-23,1301.5,1289.81994629,1298.72998047,1292.98999023,1893670000,1292.98999023
2006-08-24,1297.22998047,1291.40002441,1292.9699707,1296.06005859,1930320000,1296.06005859
2006-08-25,1298.88000488,1292.39001465,1295.92004395,1295.08996582,1667580000,1295.08996582
2006-08-28,1305.02001953,1293.9699707,1295.08996582,1301.7800293,1834920000,1301.7800293
2006-08-29,1305.02001953,1295.29003906,1301.56994629,1304.2800293,2093720000,1304.2800293
2006-08-30,1306.73999023,1302.15002441,1303.69995117,1305.36999512,2060690000,1305.36999512
2006-08-31,1306.10998535,1302.44995117,1304.25,1303.81994629,1974540000,1303.81994629
2006-09-01,1312.0300293,1303.80004883,1303.80004883,1311.01000977,1800520000,1311.01000977
2006-09-05,1314.67004395,1308.81994629,1310.93994141,1313.25,2114480000,1313.25
2006-09-06,1313.04003906,1299.2800293,1313.04003906,1300.26000977,2329870000,1300.26000977
2006-09-07,1301.25,1292.13000488,1300.20996094,1294.02001953,2325850000,1294.02001953
2006-09-08,1300.14001465,1294.02001953,1294.02001953,1298.92004395,2132890000,1298.92004395
2006-09-11,1302.35998535,1290.93005371,1298.85998535,1299.54003906,2506430000,1299.54003906
2006-09-12,1314.2800293,1299.5300293,1299.5300293,1313.0,2791580000,1313.0
2006-09-13,1319.92004395,1311.11999512,1312.73999023,1318.06994629,2597220000,1318.06994629
2006-09-14,1318.0,1313.25,1318.0,1316.2800293,2351220000,1316.2800293
2006-09-15,1324.65002441,1316.2800293,1316.2800293,1319.66003418,3198030000,1319.66003418
2006-09-18,1324.86999512,1318.16003418,1319.84997559,1321.18005371,2325080000,1321.18005371
2006-09-19,1322.04003906,1312.17004395,1321.17004395,1317.64001465,2390850000,1317.64001465
2006-09-20,1328.5300293,1318.2800293,1318.2800293,1325.18005371,2543070000,1325.18005371
2006-09-21,1328.18994141,1315.44995117,1324.89001465,1318.0300293,2627440000,1318.0300293
2006-09-22,1318.0300293,1310.93994141,1318.0300293,1314.7800293,2162880000,1314.7800293
2006-09-25,1329.34997559,1311.57995605,1314.7800293,1326.36999512,2710240000,1326.36999512
2006-09-26,1336.59997559,1325.30004883,1326.34997559,1336.34997559,2673350000,1336.34997559
2006-09-27,1340.07995605,1333.54003906,1336.11999512,1336.58996582,2749190000,1336.58996582
2006-09-28,1340.2800293,1333.75,1336.56005859,1338.88000488,2397820000,1338.88000488
2006-09-29,1339.88000488,1335.64001465,1339.15002441,1335.84997559,2273430000,1335.84997559
2006-10-02,1338.54003906,1330.2800293,1335.81994629,1331.31994629,2154480000,1331.31994629
2006-10-03,1338.31005859,1327.09997559,1331.31994629,1334.10998535,2682690000,1334.10998535
2006-10-04,1350.19995117,1331.47998047,1333.81005859,1350.19995117,3019880000,1350.19995117
2006-10-05,1353.79003906,1347.75,1349.83996582,1353.2199707,2817240000,1353.2199707
2006-10-06,1353.2199707,1344.20996094,1353.2199707,1349.58996582,2523000000,1349.58996582
2006-10-09,1352.68994141,1346.55004883,1349.57995605,1350.66003418,1935170000,1350.66003418
2006-10-10,1354.22998047,1348.59997559,1350.61999512,1353.42004395,2376140000,1353.42004395
2006-10-11,1353.9699707,1343.56994629,1353.2800293,1349.94995117,2521000000,1349.94995117
2006-10-12,1363.76000977,1349.93994141,1349.93994141,1362.82995605,2514350000,1362.82995605
2006-10-13,1366.63000488,1360.5,1362.81994629,1365.61999512,2482920000,1365.61999512
2006-10-16,1370.19995117,1364.47998047,1365.60998535,1369.06005859,2305920000,1369.06005859
2006-10-17,1369.05004883,1356.86999512,1369.05004883,1364.05004883,2519620000,1364.05004883
2006-10-18,1372.86999512,1360.94995117,1363.93005371,1365.80004883,2658840000,1365.80004883
2006-10-19,1368.08996582,1362.06005859,1365.94995117,1366.95996094,2619830000,1366.95996094
2006-10-20,1368.66003418,1362.09997559,1366.93994141,1368.59997559,2526410000,1368.59997559
2006-10-23,1377.40002441,1363.93994141,1368.57995605,1377.02001953,2480430000,1377.02001953
2006-10-24,1377.7800293,1372.42004395,1377.02001953,1377.38000488,2876890000,1377.38000488
2006-10-25,1383.60998535,1376.0,1377.35998535,1382.2199707,2953540000,1382.2199707
2006-10-26,1389.44995117,1379.4699707,1382.20996094,1389.07995605,2793350000,1389.07995605
2006-10-27,1388.89001465,1375.84997559,1388.89001465,1377.33996582,2458450000,1377.33996582
2006-10-30,1381.2199707,1373.45996094,1377.30004883,1377.93005371,2770440000,1377.93005371
2006-10-31,1381.20996094,1372.18994141,1377.93005371,1377.93994141,2803030000,1377.93994141
2006-11-01,1381.94995117,1366.26000977,1377.76000977,1367.81005859,2821160000,1367.81005859
2006-11-02,1368.39001465,1362.20996094,1367.43994141,1367.33996582,2646180000,1367.33996582
2006-11-03,1371.68005371,1360.97998047,1367.31005859,1364.30004883,2419730000,1364.30004883
2006-11-06,1381.40002441,1364.27001953,1364.27001953,1379.7800293,2533550000,1379.7800293
2006-11-07,1388.18994141,1379.18994141,1379.75,1382.83996582,2636390000,1382.83996582
2006-11-08,1388.60998535,1379.32995605,1382.5,1385.7199707,2814820000,1385.7199707
2006-11-09,1388.92004395,1377.31005859,1385.43005371,1378.32995605,3012050000,1378.32995605
2006-11-10,1381.04003906,1375.59997559,1378.32995605,1380.90002441,2290200000,1380.90002441
2006-11-13,1387.60998535,1378.80004883,1380.57995605,1384.42004395,2386340000,1384.42004395
2006-11-14,1394.48999023,1379.06994629,1384.35998535,1393.2199707,3027480000,1393.2199707
2006-11-15,1401.34997559,1392.13000488,1392.91003418,1396.56994629,2831130000,1396.56994629
2006-11-16,1403.76000977,1396.5300293,1396.5300293,1399.76000977,2835730000,1399.76000977
2006-11-17,1401.20996094,1394.55004883,1399.76000977,1401.19995117,2726100000,1401.19995117
2006-11-20,1404.36999512,1397.84997559,1401.17004395,1400.5,2546710000,1400.5
2006-11-21,1403.48999023,1399.98999023,1400.43005371,1402.81005859,2597940000,1402.81005859
2006-11-22,1407.89001465,1402.26000977,1402.68994141,1406.08996582,2237710000,1406.08996582
2006-11-24,1405.93994141,1399.25,1405.93994141,1400.94995117,832550000,1400.94995117
2006-11-27,1400.94995117,1381.43994141,1400.94995117,1381.95996094,2711210000,1381.95996094
2006-11-28,1387.91003418,1377.82995605,1381.60998535,1386.7199707,2639750000,1386.7199707
2006-11-29,1401.14001465,1386.10998535,1386.10998535,1399.47998047,2790970000,1399.47998047
2006-11-30,1406.30004883,1393.82995605,1399.4699707,1400.63000488,4006230000,1400.63000488
2006-12-01,1402.45996094,1385.93005371,1400.63000488,1396.70996094,2800980000,1396.70996094
2006-12-04,1411.22998047,1396.67004395,1396.67004395,1409.11999512,2766320000,1409.11999512
2006-12-05,1415.27001953,1408.7800293,1409.09997559,1414.76000977,2755700000,1414.76000977
2006-12-06,1415.93005371,1411.05004883,1414.40002441,1412.90002441,2725280000,1412.90002441
2006-12-07,1418.27001953,1406.80004883,1412.85998535,1407.29003906,2743150000,1407.29003906
2006-12-08,1414.08996582,1403.67004395,1407.27001953,1409.83996582,2440460000,1409.83996582
2006-12-11,1415.59997559,1408.56005859,1409.81005859,1413.04003906,2289900000,1413.04003906
2006-12-12,1413.7800293,1404.75,1413.0,1411.56005859,2738170000,1411.56005859
2006-12-13,1416.64001465,1411.05004883,1411.31994629,1413.20996094,2552260000,1413.20996094
2006-12-14,1427.22998047,1413.16003418,1413.16003418,1425.48999023,2729700000,1425.48999023
2006-12-15,1431.63000488,1425.47998047,1425.47998047,1427.08996582,3229580000,1427.08996582
2006-12-18,1431.81005859,1420.65002441,1427.07995605,1422.47998047,2568140000,1422.47998047
2006-12-19,1428.30004883,1414.88000488,1422.42004395,1425.55004883,2717060000,1425.55004883
2006-12-20,1429.05004883,1423.51000977,1425.51000977,1423.5300293,2387630000,1423.5300293
2006-12-21,1426.40002441,1415.90002441,1423.19995117,1418.30004883,2322410000,1418.30004883
2006-12-22,1418.81994629,1410.2800293,1418.09997559,1410.76000977,1647590000,1410.76000977
2006-12-26,1417.91003418,1410.44995117,1410.75,1416.90002441,1310310000,1416.90002441
2006-12-27,1427.7199707,1416.63000488,1416.63000488,1426.83996582,1667370000,1426.83996582
2006-12-28,1427.26000977,1422.05004883,1426.77001953,1424.72998047,1508570000,1424.72998047
2006-12-29,1427.0,1416.83996582,1424.70996094,1418.30004883,1678200000,1418.30004883
2007-01-03,1429.42004395,1407.85998535,1418.0300293,1416.59997559,3429160000,1416.59997559
2007-01-04,1421.83996582,1408.43005371,1416.59997559,1418.33996582,3004460000,1418.33996582
2007-01-05,1418.33996582,1405.75,1418.33996582,1409.70996094,2919400000,1409.70996094
2007-01-08,1414.97998047,1403.9699707,1409.26000977,1412.83996582,2763340000,1412.83996582
2007-01-09,1415.60998535,1405.42004395,1412.83996582,1412.10998535,3038380000,1412.10998535
2007-01-10,1415.98999023,1405.31994629,1408.69995117,1414.84997559,2764660000,1414.84997559
2007-01-11,1427.11999512,1414.83996582,1414.83996582,1423.81994629,2857870000,1423.81994629
2007-01-12,1431.22998047,1422.57995605,1423.81994629,1430.72998047,2686480000,1430.72998047
2007-01-16,1433.93005371,1428.61999512,1430.72998047,1431.90002441,2599530000,1431.90002441
2007-01-17,1435.27001953,1428.56994629,1431.77001953,1430.61999512,2690270000,1430.61999512
2007-01-18,1432.95996094,1424.20996094,1430.58996582,1426.36999512,2822430000,1426.36999512
2007-01-19,1431.56994629,1425.18994141,1426.34997559,1430.5,2777480000,1430.5
2007-01-22,1431.39001465,1420.40002441,1430.4699707,1422.94995117,2540120000,1422.94995117
2007-01-23,1431.32995605,1421.66003418,1422.94995117,1427.98999023,2975070000,1427.98999023
2007-01-24,1440.14001465,1427.95996094,1427.95996094,1440.13000488,2783180000,1440.13000488
2007-01-25,1440.68994141,1422.33996582,1440.11999512,1423.90002441,2994330000,1423.90002441
2007-01-26,1427.27001953,1416.95996094,1423.90002441,1422.18005371,2626620000,1422.18005371
2007-01-29,1426.93994141,1418.45996094,1422.0300293,1420.61999512,2730480000,1420.61999512
2007-01-30,1428.81994629,1420.60998535,1420.60998535,1428.81994629,2706250000,1428.81994629
2007-01-31,1441.60998535,1424.7800293,1428.65002441,1438.23999023,2976690000,1438.23999023
2007-02-01,1446.64001465,1437.90002441,1437.90002441,1445.93994141,2914890000,1445.93994141
2007-02-02,1449.32995605,1444.48999023,1445.93994141,1448.39001465,2569450000,1448.39001465
2007-02-05,1449.38000488,1443.84997559,1448.32995605,1446.98999023,2439430000,1446.98999023
2007-02-06,1450.18994141,1443.40002441,1446.97998047,1448.0,2608710000,1448.0
2007-02-07,1452.98999023,1446.43994141,1447.41003418,1450.02001953,2618820000,1450.02001953
2007-02-08,1450.44995117,1442.81005859,1449.98999023,1448.31005859,2816180000,1448.31005859
2007-02-09,1452.44995117,1433.43994141,1448.25,1438.06005859,2951810000,1438.06005859
2007-02-12,1439.10998535,1431.43994141,1438.0,1433.36999512,2395680000,1433.36999512
2007-02-13,1444.41003418,1433.2199707,1433.2199707,1444.26000977,2652150000,1444.26000977
2007-02-14,1457.65002441,1443.91003418,1443.91003418,1455.30004883,2699290000,1455.30004883
2007-02-15,1457.9699707,1453.18994141,1455.15002441,1456.81005859,2490920000,1456.81005859
2007-02-16,1456.77001953,1451.56994629,1456.77001953,1455.54003906,2399450000,1455.54003906
2007-02-20,1460.5300293,1449.19995117,1455.5300293,1459.68005371,2337860000,1459.68005371
2007-02-21,1459.59997559,1452.02001953,1459.59997559,1457.63000488,2606980000,1457.63000488
2007-02-22,1461.56994629,1450.51000977,1457.29003906,1456.38000488,1950770000,1456.38000488
2007-02-23,1456.2199707,1448.35998535,1456.2199707,1451.18994141,2579950000,1451.18994141
2007-02-26,1456.94995117,1445.47998047,1451.04003906,1449.36999512,2822170000,1449.36999512
2007-02-27,1449.25,1389.42004395,1449.25,1399.04003906,4065230000,1399.04003906
2007-02-28,1415.89001465,1396.65002441,1398.64001465,1406.81994629,3925250000,1406.81994629
2007-03-01,1409.45996094,1380.86999512,1406.80004883,1403.17004395,3874910000,1403.17004395
2007-03-02,1403.40002441,1386.86999512,1403.16003418,1387.17004395,3312260000,1387.17004395
2007-03-05,1391.85998535,1373.9699707,1387.10998535,1374.11999512,3480520000,1374.11999512
2007-03-06,1397.90002441,1374.06005859,1374.06005859,1395.41003418,3358160000,1395.41003418
2007-03-07,1401.16003418,1390.64001465,1395.02001953,1391.9699707,3141350000,1391.9699707
2007-03-08,1407.93005371,1391.88000488,1391.88000488,1401.89001465,3014850000,1401.89001465
2007-03-09,1410.15002441,1397.30004883,1401.89001465,1402.83996582,2623050000,1402.83996582
2007-03-12,1409.33996582,1398.40002441,1402.80004883,1406.59997559,2664000000,1406.59997559
2007-03-13,1406.22998047,1377.70996094,1406.22998047,1377.94995117,3485570000,1377.94995117
2007-03-14,1388.08996582,1363.97998047,1377.85998535,1387.17004395,3758350000,1387.17004395
2007-03-15,1395.72998047,1385.16003418,1387.10998535,1392.2800293,2821900000,1392.2800293
2007-03-16,1397.51000977,1383.63000488,1392.2800293,1386.94995117,3393640000,1386.94995117
2007-03-19,1403.19995117,1386.94995117,1386.94995117,1402.06005859,2777180000,1402.06005859
2007-03-20,1411.5300293,1400.69995117,1402.04003906,1410.93994141,2795940000,1410.93994141
2007-03-21,1437.77001953,1409.75,1410.92004395,1435.04003906,3184770000,1435.04003906
2007-03-22,1437.66003418,1429.88000488,1435.04003906,1434.54003906,3129970000,1434.54003906
2007-03-23,1438.89001465,1433.20996094,1434.54003906,1436.10998535,2619020000,1436.10998535
2007-03-26,1437.65002441,1423.2800293,1436.10998535,1437.5,2754660000,1437.5
2007-03-27,1437.48999023,1425.54003906,1437.48999023,1428.60998535,2673040000,1428.60998535
2007-03-28,1428.34997559,1414.06994629,1428.34997559,1417.22998047,3000440000,1417.22998047
2007-03-29,1426.23999023,1413.27001953,1417.17004395,1422.5300293,2854710000,1422.5300293
2007-03-30,1429.2199707,1408.90002441,1422.52001953,1420.85998535,2903960000,1420.85998535
2007-04-02,1425.48999023,1416.36999512,1420.82995605,1424.55004883,2875880000,1424.55004883
2007-04-03,1440.56994629,1424.27001953,1424.27001953,1437.77001953,2921760000,1437.77001953
2007-04-04,1440.16003418,1435.07995605,1437.75,1439.36999512,2616320000,1439.36999512
2007-04-05,1444.88000488,1436.67004395,1438.93994141,1443.76000977,2357230000,1443.76000977
2007-04-09,1448.09997559,1443.2800293,1443.77001953,1444.60998535,2349410000,1444.60998535
2007-04-10,1448.72998047,1443.98999023,1444.57995605,1448.39001465,2510110000,1448.39001465
2007-04-11,1448.39001465,1436.15002441,1448.22998047,1438.86999512,2950190000,1438.86999512
2007-04-12,1448.02001953,1433.91003418,1438.86999512,1447.80004883,2770570000,1447.80004883
2007-04-13,1453.10998535,1444.15002441,1447.80004883,1452.84997559,2690020000,1452.84997559
2007-04-16,1468.61999512,1452.83996582,1452.83996582,1468.32995605,2870140000,1468.32995605
2007-04-17,1474.34997559,1467.15002441,1468.4699707,1471.47998047,2920570000,1471.47998047
2007-04-18,1476.56994629,1466.41003418,1471.4699707,1472.5,2971330000,1472.5
2007-04-19,1474.22998047,1464.4699707,1472.47998047,1470.72998047,2913610000,1470.72998047
2007-04-20,1484.73999023,1470.68994141,1470.68994141,1484.34997559,3329940000,1484.34997559
2007-04-23,1487.31994629,1480.18994141,1484.32995605,1480.93005371,2575020000,1480.93005371
2007-04-24,1483.81994629,1473.73999023,1480.93005371,1480.41003418,3119750000,1480.41003418
2007-04-25,1496.58996582,1480.2800293,1480.2800293,1495.42004395,3252590000,1495.42004395
2007-04-26,1498.02001953,1491.17004395,1495.27001953,1494.25,3211800000,1494.25
2007-04-27,1497.31994629,1488.67004395,1494.20996094,1494.06994629,2732810000,1494.06994629
2007-04-30,1497.16003418,1482.29003906,1494.06994629,1482.36999512,3093420000,1482.36999512
2007-05-01,1487.27001953,1476.69995117,1482.36999512,1486.30004883,3400350000,1486.30004883
2007-05-02,1499.09997559,1486.13000488,1486.13000488,1495.92004395,3189800000,1495.92004395
2007-05-03,1503.33996582,1495.56005859,1495.56005859,1502.39001465,3007970000,1502.39001465
2007-05-04,1510.33996582,1501.80004883,1502.34997559,1505.61999512,2761930000,1505.61999512
2007-05-07,1511.0,1505.54003906,1505.56994629,1509.47998047,2545090000,1509.47998047
2007-05-08,1509.35998535,1500.66003418,1509.35998535,1507.7199707,2795720000,1507.7199707
2007-05-09,1513.80004883,1503.77001953,1507.31994629,1512.57995605,2935550000,1512.57995605
2007-05-10,1512.32995605,1491.42004395,1512.32995605,1491.4699707,3031240000,1491.4699707
2007-05-11,1506.23999023,1491.4699707,1491.4699707,1505.84997559,2720780000,1505.84997559
2007-05-14,1510.90002441,1498.33996582,1505.76000977,1503.15002441,2776130000,1503.15002441
2007-05-15,1514.82995605,1500.43005371,1503.10998535,1501.18994141,3071020000,1501.18994141
2007-05-16,1514.15002441,1500.75,1500.75,1514.14001465,2915350000,1514.14001465
2007-05-17,1517.14001465,1509.29003906,1514.01000977,1512.75,2868640000,1512.75
2007-05-18,1522.75,1512.73999023,1512.73999023,1522.75,2959050000,1522.75
2007-05-21,1529.86999512,1522.70996094,1522.75,1525.09997559,3465360000,1525.09997559
2007-05-22,1529.23999023,1522.05004883,1525.09997559,1524.11999512,2860500000,1524.11999512
2007-05-23,1532.43005371,1521.90002441,1524.08996582,1522.2800293,3084260000,1522.2800293
2007-05-24,1529.31005859,1505.18005371,1522.09997559,1507.51000977,3365530000,1507.51000977
2007-05-25,1517.41003418,1507.5,1507.5,1515.72998047,2316250000,1515.72998047
2007-05-29,1521.80004883,1512.02001953,1515.55004883,1518.10998535,2571790000,1518.10998535
2007-05-30,1530.22998047,1510.06005859,1517.59997559,1530.22998047,2980210000,1530.22998047
2007-05-31,1535.56005859,1528.26000977,1530.18994141,1530.61999512,3335530000,1530.61999512
2007-06-01,1540.56005859,1530.61999512,1530.61999512,1536.33996582,2927020000,1536.33996582
2007-06-04,1540.5300293,1532.31005859,1536.2800293,1539.18005371,2738930000,1539.18005371
2007-06-05,1539.11999512,1525.61999512,1539.11999512,1530.94995117,2939450000,1530.94995117
2007-06-06,1530.56994629,1514.13000488,1530.56994629,1517.38000488,2964190000,1517.38000488
2007-06-07,1517.35998535,1490.36999512,1517.35998535,1490.7199707,3538470000,1490.7199707
2007-06-08,1507.76000977,1487.41003418,1490.70996094,1507.67004395,2993460000,1507.67004395
2007-06-11,1515.5300293,1503.34997559,1507.64001465,1509.11999512,2525280000,1509.11999512
2007-06-12,1511.32995605,1492.9699707,1509.11999512,1493.0,3056200000,1493.0
2007-06-13,1515.69995117,1492.65002441,1492.65002441,1515.67004395,3077930000,1515.67004395
2007-06-14,1526.44995117,1515.57995605,1515.57995605,1522.9699707,2813630000,1522.9699707
2007-06-15,1538.70996094,1522.9699707,1522.9699707,1532.91003418,3406030000,1532.91003418
2007-06-18,1535.43994141,1529.31005859,1532.90002441,1531.05004883,2480240000,1531.05004883
2007-06-19,1535.84997559,1525.67004395,1531.02001953,1533.69995117,2873590000,1533.69995117
2007-06-20,1537.31994629,1512.35998535,1533.68005371,1512.83996582,3286900000,1512.83996582
2007-06-21,1522.90002441,1504.75,1512.5,1522.18994141,3161110000,1522.18994141
2007-06-22,1522.18994141,1500.73999023,1522.18994141,1502.56005859,4284320000,1502.56005859
2007-06-25,1514.29003906,1492.68005371,1502.56005859,1497.73999023,3287250000,1497.73999023
2007-06-26,1506.11999512,1490.54003906,1497.68005371,1492.89001465,3398530000,1492.89001465
2007-06-27,1506.80004883,1484.18005371,1492.61999512,1506.33996582,3398150000,1506.33996582
2007-06-28,1514.83996582,1503.41003418,1506.31994629,1505.70996094,3006710000,1505.70996094
2007-06-29,1517.5300293,1493.60998535,1505.69995117,1503.34997559,3165410000,1503.34997559
2007-07-02,1519.44995117,1504.66003418,1504.66003418,1519.43005371,2648990000,1519.43005371
2007-07-03,1526.01000977,1519.11999512,1519.11999512,1524.86999512,1560790000,1524.86999512
2007-07-05,1526.56994629,1517.7199707,1524.85998535,1525.40002441,2622950000,1525.40002441
2007-07-06,1532.40002441,1520.4699707,1524.95996094,1530.43994141,2441520000,1530.43994141
2007-07-09,1534.26000977,1527.44995117,1530.43005371,1531.84997559,2715330000,1531.84997559
2007-07-10,1531.84997559,1510.01000977,1531.84997559,1510.11999512,3244280000,1510.11999512
2007-07-11,1519.33996582,1506.09997559,1509.93005371,1518.76000977,3082920000,1518.76000977
2007-07-12,1547.92004395,1518.73999023,1518.73999023,1547.69995117,3489600000,1547.69995117
2007-07-13,1555.09997559,1544.84997559,1547.68005371,1552.5,2801120000,1552.5
2007-07-16,1555.90002441,1546.68994141,1552.5,1549.52001953,2704110000,1549.52001953
2007-07-17,1555.31994629,1547.73999023,1549.52001953,1549.36999512,3007140000,1549.36999512
2007-07-18,1549.19995117,1533.67004395,1549.19995117,1546.17004395,3609220000,1546.17004395
2007-07-19,1555.19995117,1546.13000488,1546.13000488,1553.07995605,3251450000,1553.07995605
2007-07-20,1553.18994141,1529.19995117,1553.18994141,1534.09997559,3745780000,1534.09997559
2007-07-23,1547.22998047,1534.06005859,1534.06005859,1541.56994629,3102700000,1541.56994629
2007-07-24,1541.56994629,1508.61999512,1541.56994629,1511.04003906,4115830000,1511.04003906
2007-07-25,1524.31005859,1503.72998047,1511.0300293,1518.08996582,4283200000,1518.08996582
2007-07-26,1518.08996582,1465.30004883,1518.08996582,1482.66003418,4472550000,1482.66003418
2007-07-27,1488.5300293,1458.94995117,1482.43994141,1458.94995117,4784650000,1458.94995117
2007-07-30,1477.88000488,1454.31994629,1458.93005371,1473.91003418,4128780000,1473.91003418
2007-07-31,1488.30004883,1454.25,1473.90002441,1455.27001953,4524520000,1455.27001953
2007-08-01,1468.38000488,1439.58996582,1455.18005371,1465.81005859,5256780000,1465.81005859
2007-08-02,1476.43005371,1460.57995605,1465.45996094,1472.19995117,4368850000,1472.19995117
2007-08-03,1473.22998047,1432.80004883,1472.18005371,1433.06005859,4272110000,1433.06005859
2007-08-06,1467.67004395,1427.39001465,1433.04003906,1467.67004395,5067200000,1467.67004395
2007-08-07,1488.30004883,1455.80004883,1467.61999512,1476.70996094,4909390000,1476.70996094
2007-08-08,1503.89001465,1476.2199707,1476.2199707,1497.48999023,5499560000,1497.48999023
2007-08-09,1497.20996094,1453.08996582,1497.20996094,1453.08996582,5889600000,1453.08996582
2007-08-10,1462.02001953,1429.73999023,1453.08996582,1453.64001465,5345780000,1453.64001465
2007-08-13,1466.29003906,1451.54003906,1453.42004395,1452.92004395,3696280000,1452.92004395
2007-08-14,1456.73999023,1426.19995117,1452.86999512,1426.54003906,3814630000,1426.54003906
2007-08-15,1440.7800293,1404.35998535,1426.15002441,1406.69995117,4290930000,1406.69995117
2007-08-16,1415.9699707,1370.59997559,1406.64001465,1411.27001953,6509300000,1411.27001953
2007-08-17,1450.32995605,1411.26000977,1411.26000977,1445.93994141,3570040000,1445.93994141
2007-08-20,1451.75,1430.54003906,1445.93994141,1445.55004883,3321340000,1445.55004883
2007-08-21,1455.31994629,1439.76000977,1445.55004883,1447.11999512,3012150000,1447.11999512
2007-08-22,1464.85998535,1447.0300293,1447.0300293,1464.06994629,3309120000,1464.06994629
2007-08-23,1472.06005859,1453.88000488,1464.05004883,1462.5,3084390000,1462.5
2007-08-24,1479.40002441,1460.54003906,1462.33996582,1479.36999512,2541400000,1479.36999512
2007-08-27,1479.35998535,1465.97998047,1479.35998535,1466.79003906,2406180000,1466.79003906
2007-08-28,1466.7199707,1432.01000977,1466.7199707,1432.35998535,3078090000,1432.35998535
2007-08-29,1463.76000977,1432.01000977,1432.01000977,1463.76000977,2824070000,1463.76000977
2007-08-30,1468.43005371,1451.25,1463.67004395,1457.64001465,2582960000,1457.64001465
2007-08-31,1481.4699707,1457.60998535,1457.60998535,1473.98999023,2731610000,1473.98999023
2007-09-04,1496.40002441,1472.15002441,1473.95996094,1489.42004395,2766600000,1489.42004395
2007-09-05,1488.76000977,1466.33996582,1488.76000977,1472.29003906,2991600000,1472.29003906
2007-09-06,1481.48999023,1467.41003418,1472.0300293,1478.55004883,2459590000,1478.55004883
2007-09-07,1478.55004883,1449.06994629,1478.55004883,1453.55004883,3191080000,1453.55004883
2007-09-10,1462.25,1439.29003906,1453.5,1451.69995117,2835720000,1451.69995117
2007-09-11,1472.47998047,1451.68994141,1451.68994141,1471.48999023,3015330000,1471.48999023
2007-09-12,1479.5,1465.75,1471.09997559,1471.56005859,2885720000,1471.56005859
2007-09-13,1489.57995605,1471.4699707,1471.4699707,1483.94995117,2877080000,1483.94995117
2007-09-14,1485.98999023,1473.18005371,1483.94995117,1484.25,2641740000,1484.25
2007-09-17,1484.23999023,1471.81994629,1484.23999023,1476.65002441,2598390000,1476.65002441
2007-09-18,1519.89001465,1476.63000488,1476.63000488,1519.7800293,3708940000,1519.7800293
2007-09-19,1538.73999023,1519.75,1519.75,1529.0300293,3846750000,1529.0300293
2007-09-20,1529.14001465,1516.42004395,1528.68994141,1518.75,2957700000,1518.75
2007-09-21,1530.89001465,1518.75,1518.75,1525.75,3679460000,1525.75
2007-09-24,1530.18005371,1516.15002441,1525.75,1517.72998047,3131310000,1517.72998047
2007-09-25,1518.27001953,1507.13000488,1516.33996582,1517.20996094,3187770000,1517.20996094
2007-09-26,1529.39001465,1518.61999512,1518.61999512,1525.42004395,3237390000,1525.42004395
2007-09-27,1532.45996094,1525.81005859,1527.31994629,1531.38000488,2872180000,1531.38000488
2007-09-28,1533.73999023,1521.98999023,1531.23999023,1526.75,2925350000,1526.75
2007-10-01,1549.02001953,1527.25,1527.29003906,1547.04003906,3281990000,1547.04003906
2007-10-02,1548.01000977,1540.36999512,1546.95996094,1546.63000488,3101910000,1546.63000488
2007-10-03,1545.83996582,1536.33996582,1545.80004883,1539.58996582,3065320000,1539.58996582
2007-10-04,1544.02001953,1537.63000488,1539.91003418,1542.83996582,2690430000,1542.83996582
2007-10-05,1561.91003418,1543.83996582,1543.83996582,1557.58996582,2919030000,1557.58996582
2007-10-08,1556.51000977,1549.0,1556.51000977,1552.57995605,2040650000,1552.57995605
2007-10-09,1565.26000977,1551.81994629,1553.18005371,1565.15002441,2932040000,1565.15002441
2007-10-10,1565.42004395,1555.45996094,1564.97998047,1562.4699707,3044760000,1562.4699707
2007-10-11,1576.08996582,1546.7199707,1564.7199707,1554.41003418,3911260000,1554.41003418
2007-10-12,1563.0300293,1554.08996582,1555.41003418,1561.80004883,2788690000,1561.80004883
2007-10-15,1564.73999023,1540.81005859,1562.25,1548.70996094,3139290000,1548.70996094
2007-10-16,1547.81005859,1536.29003906,1547.81005859,1538.5300293,3234560000,1538.5300293
2007-10-17,1550.66003418,1526.01000977,1544.43994141,1541.23999023,3638070000,1541.23999023
2007-10-18,1542.79003906,1531.76000977,1539.29003906,1540.07995605,3203210000,1540.07995605
2007-10-19,1540.0,1500.26000977,1540.0,1500.63000488,4160970000,1500.63000488
2007-10-22,1508.06005859,1490.40002441,1497.79003906,1506.32995605,3471830000,1506.32995605
2007-10-23,1520.01000977,1503.60998535,1509.30004883,1519.58996582,3309120000,1519.58996582
2007-10-24,1517.22998047,1489.56005859,1516.60998535,1515.88000488,4003300000,1515.88000488
2007-10-25,1523.23999023,1500.45996094,1516.15002441,1514.40002441,4183960000,1514.40002441
2007-10-26,1535.5300293,1520.18005371,1522.17004395,1535.2800293,3612120000,1535.2800293
2007-10-29,1544.67004395,1536.43005371,1536.92004395,1540.97998047,3124480000,1540.97998047
2007-10-30,1539.42004395,1529.55004883,1539.42004395,1531.02001953,3212520000,1531.02001953
2007-10-31,1552.76000977,1529.40002441,1532.15002441,1549.38000488,3953070000,1549.38000488
2007-11-01,1545.79003906,1506.66003418,1545.79003906,1508.43994141,4241470000,1508.43994141
2007-11-02,1513.15002441,1492.5300293,1511.06994629,1509.65002441,4285990000,1509.65002441
2007-11-05,1510.83996582,1489.94995117,1505.60998535,1502.17004395,3819330000,1502.17004395
2007-11-06,1520.77001953,1499.06994629,1505.32995605,1520.27001953,3879160000,1520.27001953
2007-11-07,1515.45996094,1475.04003906,1515.45996094,1475.61999512,4353160000,1475.61999512
2007-11-08,1482.5,1450.31005859,1475.27001953,1474.77001953,5439720000,1474.77001953
2007-11-09,1474.08996582,1448.51000977,1467.58996582,1453.69995117,4587050000,1453.69995117
2007-11-12,1464.93994141,1438.5300293,1453.66003418,1439.18005371,4192520000,1439.18005371
2007-11-13,1481.36999512,1441.34997559,1441.34997559,1481.05004883,4141310000,1481.05004883
2007-11-14,1492.14001465,1466.4699707,1483.40002441,1470.57995605,4031470000,1470.57995605
2007-11-15,1472.67004395,1443.48999023,1468.04003906,1451.15002441,3941010000,1451.15002441
2007-11-16,1462.18005371,1443.98999023,1453.08996582,1458.73999023,4168870000,1458.73999023
2007-11-19,1456.69995117,1430.42004395,1456.69995117,1433.27001953,4119650000,1433.27001953
2007-11-20,1452.64001465,1419.2800293,1434.51000977,1439.69995117,4875150000,1439.69995117
2007-11-21,1436.40002441,1415.64001465,1434.70996094,1416.77001953,4076230000,1416.77001953
2007-11-23,1440.85998535,1417.61999512,1417.61999512,1440.69995117,1612720000,1440.69995117
2007-11-26,1446.08996582,1406.09997559,1440.73999023,1407.2199707,3706470000,1407.2199707
2007-11-27,1429.48999023,1407.43005371,1409.58996582,1428.22998047,4320720000,1428.22998047
2007-11-28,1471.61999512,1432.94995117,1432.94995117,1469.02001953,4508020000,1469.02001953
2007-11-29,1473.81005859,1458.35998535,1467.41003418,1469.7199707,3524730000,1469.7199707
2007-11-30,1488.93994141,1470.89001465,1471.82995605,1481.14001465,4422200000,1481.14001465
2007-12-03,1481.16003418,1470.07995605,1479.63000488,1472.42004395,3323250000,1472.42004395
2007-12-04,1471.33996582,1460.66003418,1471.33996582,1462.79003906,3343620000,1462.79003906
2007-12-05,1486.08996582,1465.2199707,1465.2199707,1485.01000977,3663660000,1485.01000977
2007-12-06,1508.02001953,1482.18994141,1484.58996582,1507.33996582,3568570000,1507.33996582
2007-12-07,1510.63000488,1502.66003418,1508.59997559,1504.66003418,3177710000,1504.66003418
2007-12-10,1518.27001953,1504.95996094,1505.10998535,1515.95996094,2911760000,1515.95996094
2007-12-11,1523.56994629,1475.98999023,1516.68005371,1477.65002441,4080180000,1477.65002441
2007-12-12,1511.95996094,1468.22998047,1487.57995605,1486.58996582,4482120000,1486.58996582
2007-12-13,1489.40002441,1469.20996094,1483.27001953,1488.41003418,3635170000,1488.41003418
2007-12-14,1486.67004395,1467.7800293,1486.18994141,1467.94995117,3401050000,1467.94995117
2007-12-17,1465.05004883,1445.43005371,1465.05004883,1445.90002441,3569030000,1445.90002441
2007-12-18,1460.16003418,1435.65002441,1445.92004395,1454.97998047,3723690000,1454.97998047
2007-12-19,1464.42004395,1445.31005859,1454.69995117,1453.0,3401300000,1453.0
2007-12-20,1461.5300293,1447.2199707,1456.42004395,1460.11999512,3526890000,1460.11999512
2007-12-21,1485.40002441,1463.18994141,1463.18994141,1484.45996094,4508590000,1484.45996094
2007-12-24,1497.63000488,1484.55004883,1484.55004883,1496.44995117,1267420000,1496.44995117
2007-12-26,1498.84997559,1488.19995117,1495.11999512,1497.66003418,2010500000,1497.66003418
2007-12-27,1495.05004883,1475.85998535,1495.05004883,1476.27001953,2365770000,1476.27001953
2007-12-28,1488.01000977,1471.69995117,1479.82995605,1478.48999023,2420510000,1478.48999023
2007-12-31,1475.82995605,1465.13000488,1475.25,1468.35998535,2440880000,1468.35998535
2008-01-02,1471.77001953,1442.06994629,1467.9699707,1447.16003418,3452650000,1447.16003418
2008-01-03,1456.80004883,1443.72998047,1447.55004883,1447.16003418,3429500000,1447.16003418
2008-01-04,1444.01000977,1411.18994141,1444.01000977,1411.63000488,4166000000,1411.63000488
2008-01-07,1423.86999512,1403.44995117,1414.06994629,1416.18005371,4221260000,1416.18005371
2008-01-08,1430.2800293,1388.30004883,1415.70996094,1390.18994141,4705390000,1390.18994141
2008-01-09,1409.18994141,1378.69995117,1390.25,1409.13000488,5351030000,1409.13000488
2008-01-10,1429.08996582,1395.31005859,1406.7800293,1420.32995605,5170490000,1420.32995605
2008-01-11,1419.91003418,1394.82995605,1419.91003418,1401.02001953,4495840000,1401.02001953
2008-01-14,1417.89001465,1402.91003418,1402.91003418,1416.25,3682090000,1416.25
2008-01-15,1411.88000488,1380.59997559,1411.88000488,1380.94995117,4601640000,1380.94995117
2008-01-16,1391.98999023,1364.27001953,1377.41003418,1373.19995117,5440620000,1373.19995117
2008-01-17,1377.7199707,1330.67004395,1374.79003906,1333.25,5303130000,1333.25
2008-01-18,1350.2800293,1312.51000977,1333.90002441,1325.18994141,6004840000,1325.18994141
2008-01-22,1322.08996582,1274.29003906,1312.93994141,1310.5,6544690000,1310.5
2008-01-23,1339.08996582,1270.05004883,1310.41003418,1338.59997559,3241680000,1338.59997559
2008-01-24,1355.15002441,1334.31005859,1340.13000488,1352.06994629,5735300000,1352.06994629
2008-01-25,1368.56005859,1327.5,1357.31994629,1330.60998535,4882250000,1330.60998535
2008-01-28,1353.9699707,1322.26000977,1330.69995117,1353.95996094,4100930000,1353.95996094
2008-01-29,1364.93005371,1350.18994141,1355.93994141,1362.30004883,4232960000,1362.30004883
2008-01-30,1385.85998535,1352.94995117,1362.2199707,1355.81005859,4742760000,1355.81005859
2008-01-31,1385.61999512,1334.07995605,1351.97998047,1378.55004883,4970290000,1378.55004883
2008-02-01,1396.02001953,1375.93005371,1378.59997559,1395.42004395,4650770000,1395.42004395
2008-02-04,1395.38000488,1379.68994141,1395.38000488,1380.81994629,3495780000,1380.81994629
2008-02-05,1380.2800293,1336.64001465,1380.2800293,1336.64001465,4315740000,1336.64001465
2008-02-06,1351.95996094,1324.33996582,1339.47998047,1326.44995117,4008120000,1326.44995117
2008-02-07,1347.16003418,1316.75,1324.01000977,1336.91003418,4589160000,1336.91003418
2008-02-08,1341.2199707,1321.06005859,1336.88000488,1331.29003906,3768490000,1331.29003906
2008-02-11,1341.40002441,1320.31994629,1331.92004395,1339.13000488,3593140000,1339.13000488
2008-02-12,1362.09997559,1339.35998535,1340.55004883,1348.85998535,4044640000,1348.85998535
2008-02-13,1369.22998047,1350.7800293,1353.11999512,1367.20996094,3856420000,1367.20996094
2008-02-14,1368.16003418,1347.31005859,1367.32995605,1348.85998535,3644760000,1348.85998535
2008-02-15,1350.0,1338.13000488,1347.52001953,1349.98999023,3583300000,1349.98999023
2008-02-19,1367.2800293,1345.05004883,1355.85998535,1348.7800293,3613550000,1348.7800293
2008-02-20,1363.70996094,1336.55004883,1348.39001465,1360.0300293,3870520000,1360.0300293
2008-02-21,1367.93994141,1339.33996582,1362.20996094,1342.5300293,3696660000,1342.5300293
2008-02-22,1354.30004883,1327.04003906,1344.2199707,1353.10998535,3572660000,1353.10998535
2008-02-25,1374.35998535,1346.0300293,1352.75,1371.80004883,3866350000,1371.80004883
2008-02-26,1387.33996582,1363.29003906,1371.76000977,1381.29003906,4096060000,1381.29003906
2008-02-27,1388.33996582,1372.0,1378.94995117,1380.02001953,3904700000,1380.02001953
2008-02-28,1378.16003418,1363.16003418,1378.16003418,1367.68005371,3938580000,1367.68005371
2008-02-29,1364.06994629,1325.42004395,1364.06994629,1330.63000488,4426730000,1330.63000488
2008-03-03,1335.13000488,1320.04003906,1330.44995117,1331.33996582,4117570000,1331.33996582
2008-03-04,1331.0300293,1307.39001465,1329.57995605,1326.75,4757180000,1326.75
2008-03-05,1344.18994141,1320.2199707,1327.68994141,1333.69995117,4277710000,1333.69995117
2008-03-06,1332.19995117,1303.42004395,1332.19995117,1304.33996582,4323460000,1304.33996582
2008-03-07,1313.23999023,1282.43005371,1301.5300293,1293.36999512,4565410000,1293.36999512
2008-03-10,1295.01000977,1272.66003418,1293.16003418,1273.36999512,4261240000,1273.36999512
2008-03-11,1320.65002441,1274.40002441,1274.40002441,1320.65002441,5109080000,1320.65002441
2008-03-12,1333.26000977,1307.85998535,1321.13000488,1308.77001953,4414280000,1308.77001953
2008-03-13,1321.68005371,1282.10998535,1305.26000977,1315.47998047,5073360000,1315.47998047
2008-03-14,1321.4699707,1274.85998535,1316.05004883,1288.14001465,5153780000,1288.14001465
2008-03-17,1287.5,1256.97998047,1283.20996094,1276.59997559,5683010000,1276.59997559
2008-03-18,1330.73999023,1277.16003418,1277.16003418,1330.73999023,5335630000,1330.73999023
2008-03-19,1341.51000977,1298.42004395,1330.9699707,1298.42004395,5358550000,1298.42004395
2008-03-20,1330.67004395,1295.2199707,1299.67004395,1329.51000977,6145220000,1329.51000977
2008-03-24,1359.68005371,1330.29003906,1330.29003906,1349.88000488,4499000000,1349.88000488
2008-03-25,1357.4699707,1341.20996094,1349.06994629,1352.98999023,4145120000,1352.98999023
2008-03-26,1352.44995117,1336.41003418,1352.44995117,1341.13000488,4055670000,1341.13000488
2008-03-27,1345.61999512,1325.66003418,1340.33996582,1325.76000977,4037930000,1325.76000977
2008-03-28,1334.86999512,1312.94995117,1327.02001953,1315.2199707,3686980000,1315.2199707
2008-03-31,1328.52001953,1312.81005859,1315.92004395,1322.69995117,4188990000,1322.69995117
2008-04-01,1370.18005371,1326.41003418,1326.41003418,1370.18005371,4745120000,1370.18005371
2008-04-02,1377.94995117,1361.55004883,1369.95996094,1367.5300293,4320440000,1367.5300293
2008-04-03,1375.66003418,1358.68005371,1365.68994141,1369.31005859,3920100000,1369.31005859
2008-04-04,1380.91003418,1362.82995605,1369.84997559,1370.40002441,3703100000,1370.40002441
2008-04-07,1386.73999023,1369.02001953,1373.68994141,1372.54003906,3747780000,1372.54003906
2008-04-08,1370.16003418,1360.61999512,1370.16003418,1365.54003906,3602500000,1365.54003906
2008-04-09,1368.39001465,1349.9699707,1365.5,1354.48999023,3556670000,1354.48999023
2008-04-10,1367.23999023,1350.10998535,1355.36999512,1360.55004883,3686150000,1360.55004883
2008-04-11,1357.97998047,1331.20996094,1357.97998047,1332.82995605,3723790000,1332.82995605
2008-04-14,1335.64001465,1326.16003418,1332.19995117,1328.31994629,3565020000,1328.31994629
2008-04-15,1337.7199707,1324.34997559,1331.7199707,1334.43005371,3581230000,1334.43005371
2008-04-16,1365.48999023,1337.02001953,1337.02001953,1364.70996094,4260370000,1364.70996094
2008-04-17,1368.59997559,1357.25,1363.36999512,1365.56005859,3713880000,1365.56005859
2008-04-18,1395.90002441,1369.0,1369.0,1390.32995605,4222380000,1390.32995605
2008-04-21,1390.22998047,1379.25,1387.7199707,1388.17004395,3420570000,1388.17004395
2008-04-22,1386.43005371,1369.83996582,1386.43005371,1375.93994141,3821900000,1375.93994141
2008-04-23,1387.86999512,1372.23999023,1378.40002441,1379.93005371,4103610000,1379.93005371
2008-04-24,1397.7199707,1371.08996582,1380.52001953,1388.81994629,4461660000,1388.81994629
2008-04-25,1399.10998535,1379.97998047,1387.88000488,1397.83996582,3891150000,1397.83996582
2008-04-28,1402.90002441,1394.40002441,1397.95996094,1396.36999512,3607000000,1396.36999512
2008-04-29,1397.0,1386.69995117,1395.60998535,1390.93994141,3815320000,1390.93994141
2008-04-30,1404.56994629,1384.25,1391.2199707,1385.58996582,4508890000,1385.58996582
2008-05-01,1410.06994629,1383.06994629,1385.9699707,1409.33996582,4448780000,1409.33996582
2008-05-02,1422.7199707,1406.25,1409.16003418,1413.90002441,3953030000,1413.90002441
2008-05-05,1415.33996582,1404.36999512,1415.33996582,1407.48999023,3410090000,1407.48999023
2008-05-06,1421.56994629,1397.09997559,1405.59997559,1418.26000977,3924100000,1418.26000977
2008-05-07,1419.54003906,1391.16003418,1417.48999023,1392.56994629,4075860000,1392.56994629
2008-05-08,1402.34997559,1389.39001465,1394.29003906,1397.68005371,3827550000,1397.68005371
2008-05-09,1394.90002441,1384.10998535,1394.90002441,1388.2800293,3518620000,1388.2800293
2008-05-12,1404.06005859,1386.19995117,1389.40002441,1403.57995605,3370630000,1403.57995605
2008-05-13,1406.30004883,1396.26000977,1404.40002441,1403.04003906,4018590000,1403.04003906
2008-05-14,1420.18994141,1405.65002441,1405.65002441,1408.66003418,3979370000,1408.66003418
2008-05-15,1424.40002441,1406.86999512,1408.35998535,1423.56994629,3836480000,1423.56994629
2008-05-16,1425.81994629,1414.34997559,1423.89001465,1425.34997559,3842590000,1425.34997559
2008-05-19,1440.23999023,1421.63000488,1425.2800293,1426.63000488,3683970000,1426.63000488
2008-05-20,1424.48999023,1409.08996582,1424.48999023,1413.40002441,3854320000,1413.40002441
2008-05-21,1419.11999512,1388.81005859,1414.06005859,1390.70996094,4517990000,1390.70996094
2008-05-22,1399.06994629,1390.22998047,1390.82995605,1394.34997559,3955960000,1394.34997559
2008-05-23,1392.19995117,1373.7199707,1392.19995117,1375.93005371,3516380000,1375.93005371
2008-05-27,1387.40002441,1373.06994629,1375.9699707,1385.34997559,3588860000,1385.34997559
2008-05-28,1391.25,1378.16003418,1386.54003906,1390.83996582,3927240000,1390.83996582
2008-05-29,1406.31994629,1388.58996582,1390.5,1398.26000977,3894440000,1398.26000977
2008-05-30,1404.45996094,1398.07995605,1398.35998535,1400.38000488,3845630000,1400.38000488
2008-06-02,1399.61999512,1377.79003906,1399.61999512,1385.67004395,3714320000,1385.67004395
2008-06-03,1393.11999512,1370.11999512,1386.42004395,1377.65002441,4396380000,1377.65002441
2008-06-04,1388.18005371,1371.73999023,1376.26000977,1377.19995117,4338640000,1377.19995117
2008-06-05,1404.05004883,1377.47998047,1377.47998047,1404.05004883,4350790000,1404.05004883
2008-06-06,1400.06005859,1359.90002441,1400.06005859,1360.68005371,4771660000,1360.68005371
2008-06-09,1370.63000488,1350.61999512,1360.82995605,1361.76000977,4404570000,1361.76000977
2008-06-10,1366.83996582,1351.56005859,1358.97998047,1358.43994141,4635070000,1358.43994141
2008-06-11,1357.08996582,1335.4699707,1357.08996582,1335.48999023,4779980000,1335.48999023
2008-06-12,1353.0300293,1331.29003906,1335.7800293,1339.86999512,4734240000,1339.86999512
2008-06-13,1360.0300293,1341.70996094,1341.81005859,1360.0300293,4080420000,1360.0300293
2008-06-16,1364.69995117,1352.06994629,1358.84997559,1360.14001465,3706940000,1360.14001465
2008-06-17,1366.58996582,1350.54003906,1360.70996094,1350.93005371,3801960000,1350.93005371
2008-06-18,1349.58996582,1333.40002441,1349.58996582,1337.81005859,4573570000,1337.81005859
2008-06-19,1347.66003418,1330.5,1336.89001465,1342.82995605,4811670000,1342.82995605
2008-06-20,1341.02001953,1314.45996094,1341.02001953,1317.93005371,5324900000,1317.93005371
2008-06-23,1323.7800293,1315.31005859,1319.77001953,1318.0,4186370000,1318.0
2008-06-24,1326.02001953,1304.42004395,1317.22998047,1314.29003906,4705050000,1314.29003906
2008-06-25,1335.63000488,1314.54003906,1314.54003906,1321.9699707,4825640000,1321.9699707
2008-06-26,1316.29003906,1283.15002441,1316.29003906,1283.15002441,5231280000,1283.15002441
2008-06-27,1289.44995117,1272.0,1283.59997559,1278.38000488,6208260000,1278.38000488
2008-06-30,1290.31005859,1274.85998535,1278.06005859,1280.0,5032330000,1280.0
2008-07-01,1285.31005859,1260.68005371,1276.68994141,1284.91003418,5846290000,1284.91003418
2008-07-02,1292.17004395,1261.51000977,1285.81994629,1261.52001953,5276090000,1261.52001953
2008-07-03,1271.47998047,1252.01000977,1262.95996094,1262.90002441,3247590000,1262.90002441
2008-07-07,1273.94995117,1240.68005371,1262.90002441,1252.31005859,5265420000,1252.31005859
2008-07-08,1274.17004395,1242.83996582,1251.83996582,1273.69995117,6034110000,1273.69995117
2008-07-09,1277.35998535,1244.56994629,1273.38000488,1244.68994141,5181000000,1244.68994141
2008-07-10,1257.65002441,1236.76000977,1245.25,1253.39001465,5840430000,1253.39001465
2008-07-11,1257.27001953,1225.34997559,1248.66003418,1239.48999023,6742200000,1239.48999023
2008-07-14,1253.5,1225.01000977,1241.60998535,1228.30004883,5434860000,1228.30004883
2008-07-15,1234.34997559,1200.43994141,1226.82995605,1214.91003418,7363640000,1214.91003418
2008-07-16,1245.52001953,1211.39001465,1214.65002441,1245.35998535,6738630000,1245.35998535
2008-07-17,1262.31005859,1241.48999023,1246.31005859,1260.31994629,7365210000,1260.31994629
2008-07-18,1262.22998047,1251.81005859,1258.2199707,1260.68005371,5653280000,1260.68005371
2008-07-21,1267.73999023,1255.69995117,1261.81994629,1260.0,4630640000,1260.0
2008-07-22,1277.42004395,1248.82995605,1257.07995605,1277.0,6180230000,1277.0
2008-07-23,1291.17004395,1276.06005859,1278.86999512,1282.18994141,6705830000,1282.18994141
2008-07-24,1283.2199707,1251.47998047,1283.2199707,1252.54003906,6127980000,1252.54003906
2008-07-25,1263.22998047,1251.75,1253.51000977,1257.76000977,4672560000,1257.76000977
2008-07-28,1260.08996582,1234.36999512,1257.76000977,1234.36999512,4282960000,1234.36999512
2008-07-29,1263.19995117,1236.38000488,1236.38000488,1263.19995117,5414240000,1263.19995117
2008-07-30,1284.32995605,1264.52001953,1264.52001953,1284.26000977,5631330000,1284.26000977
2008-07-31,1284.93005371,1265.9699707,1281.36999512,1267.38000488,5346050000,1267.38000488
2008-08-01,1270.52001953,1254.54003906,1269.42004395,1260.31005859,4684870000,1260.31005859
2008-08-04,1260.48999023,1247.44995117,1253.27001953,1249.01000977,4562280000,1249.01000977
2008-08-05,1284.88000488,1254.67004395,1254.86999512,1284.88000488,1219310000,1284.88000488
2008-08-06,1291.67004395,1276.0,1283.98999023,1289.18994141,4873420000,1289.18994141
2008-08-07,1286.51000977,1264.29003906,1286.51000977,1266.06994629,5319380000,1266.06994629
2008-08-08,1297.84997559,1262.10998535,1266.29003906,1296.31994629,4966810000,1296.31994629
2008-08-11,1313.15002441,1291.41003418,1294.42004395,1305.31994629,5067310000,1305.31994629
2008-08-12,1304.79003906,1285.64001465,1304.79003906,1289.58996582,4711290000,1289.58996582
2008-08-13,1294.0300293,1274.85998535,1288.64001465,1285.82995605,4787600000,1285.82995605
2008-08-14,1300.10998535,1276.83996582,1282.10998535,1292.93005371,4064000000,1292.93005371
2008-08-15,1302.05004883,1290.73999023,1293.84997559,1298.19995117,4041820000,1298.19995117
2008-08-18,1300.2199707,1274.51000977,1298.14001465,1278.59997559,3829290000,1278.59997559
2008-08-19,1276.65002441,1263.10998535,1276.65002441,1266.68994141,4159760000,1266.68994141
2008-08-20,1276.01000977,1261.16003418,1267.33996582,1274.54003906,4555030000,1274.54003906
2008-08-21,1281.40002441,1265.2199707,1271.06994629,1277.7199707,4032590000,1277.7199707
2008-08-22,1293.08996582,1277.58996582,1277.58996582,1292.19995117,3741070000,1292.19995117
2008-08-25,1290.4699707,1264.86999512,1290.4699707,1266.83996582,3420600000,1266.83996582
2008-08-26,1275.65002441,1263.20996094,1267.0300293,1271.51000977,3587570000,1271.51000977
2008-08-27,1285.05004883,1270.0300293,1271.29003906,1281.66003418,3499610000,1281.66003418
2008-08-28,1300.68005371,1283.79003906,1283.79003906,1300.68005371,3854280000,1300.68005371
2008-08-29,1297.58996582,1282.73999023,1296.48999023,1282.82995605,3288120000,1282.82995605
2008-09-02,1303.04003906,1272.19995117,1287.82995605,1277.57995605,4783560000,1277.57995605
2008-09-03,1280.59997559,1265.58996582,1276.60998535,1274.97998047,5056980000,1274.97998047
2008-09-04,1271.80004883,1232.82995605,1271.80004883,1236.82995605,5212500000,1236.82995605
2008-09-05,1244.93994141,1217.22998047,1233.20996094,1242.31005859,5017080000,1242.31005859
2008-09-08,1274.42004395,1247.11999512,1249.5,1267.79003906,7351340000,1267.79003906
2008-09-09,1268.66003418,1224.51000977,1267.97998047,1224.51000977,7380630000,1224.51000977
2008-09-10,1243.90002441,1221.59997559,1227.5,1232.04003906,6543440000,1232.04003906
2008-09-11,1249.97998047,1211.54003906,1229.04003906,1249.05004883,6869250000,1249.05004883
2008-09-12,1255.08996582,1233.81005859,1245.88000488,1251.69995117,6273260000,1251.69995117
2008-09-15,1250.92004395,1192.69995117,1250.92004395,1192.69995117,8279510000,1192.69995117
2008-09-16,1214.83996582,1169.2800293,1188.31005859,1213.59997559,9459830000,1213.59997559
2008-09-17,1210.33996582,1155.88000488,1210.33996582,1156.39001465,9431870000,1156.39001465
2008-09-18,1211.14001465,1133.5,1157.07995605,1206.51000977,10082690000,1206.51000977
2008-09-19,1265.11999512,1213.10998535,1213.10998535,1255.07995605,9387170000,1255.07995605
2008-09-22,1255.36999512,1205.60998535,1255.36999512,1207.08996582,5368130000,1207.08996582
2008-09-23,1221.15002441,1187.06005859,1207.60998535,1188.2199707,5185730000,1188.2199707
2008-09-24,1197.41003418,1179.79003906,1188.79003906,1185.86999512,4820360000,1185.86999512
2008-09-25,1220.0300293,1187.86999512,1187.86999512,1209.18005371,5877640000,1209.18005371
2008-09-26,1215.77001953,1187.54003906,1204.4699707,1213.27001953,5383610000,1213.27001953
2008-09-29,1209.06994629,1106.42004395,1209.06994629,1106.42004395,7305060000,1106.42004395
2008-09-30,1168.0300293,1113.7800293,1113.7800293,1166.35998535,4937680000,1166.35998535
2008-10-01,1167.0300293,1140.77001953,1164.17004395,1161.06005859,5782130000,1161.06005859
2008-10-02,1160.64001465,1111.43005371,1160.64001465,1114.2800293,6285640000,1114.2800293
2008-10-03,1153.81994629,1098.14001465,1115.16003418,1099.22998047,6716120000,1099.22998047
2008-10-06,1097.56005859,1007.9699707,1097.56005859,1056.89001465,7956020000,1056.89001465
2008-10-07,1072.91003418,996.229980469,1057.59997559,996.229980469,7069210000,996.229980469
2008-10-08,1021.05999756,970.969970703,988.909973145,984.940002441,8716330000,984.940002441
2008-10-09,1005.25,909.190002441,988.41998291,909.91998291,6819000000,909.91998291
2008-10-10,936.359985352,839.799987793,902.309997559,899.219970703,11456230000,899.219970703
2008-10-13,1006.92999268,912.75,912.75,1003.34997559,7263370000,1003.34997559
2008-10-14,1044.31005859,972.070007324,1009.9699707,998.010009766,8161990000,998.010009766
2008-10-15,994.599975586,903.989990234,994.599975586,907.840026855,6542330000,907.840026855
2008-10-16,947.710021973,865.83001709,909.530029297,946.429992676,7984500000,946.429992676
2008-10-17,984.640014648,918.739990234,942.289978027,940.549987793,6581780000,940.549987793
2008-10-20,985.400024414,943.510009766,943.510009766,985.400024414,5175640000,985.400024414
2008-10-21,985.440002441,952.469970703,980.400024414,955.049987793,5121830000,955.049987793
2008-10-22,951.66998291,875.809997559,951.66998291,896.780029297,6147980000,896.780029297
2008-10-23,922.83001709,858.440002441,899.08001709,908.109985352,7189900000,908.109985352
2008-10-24,896.299987793,852.849975586,895.219970703,876.770019531,6550050000,876.770019531
2008-10-27,893.780029297,846.75,874.280029297,848.91998291,5558050000,848.91998291
2008-10-28,940.510009766,845.270019531,848.91998291,940.510009766,7096950000,940.510009766
2008-10-29,969.969970703,922.260009766,939.510009766,930.090026855,7077800000,930.090026855
2008-10-30,963.229980469,928.5,939.380004883,954.090026855,6175830000,954.090026855
2008-10-31,984.380004883,944.590026855,953.109985352,968.75,6394350000,968.75
2008-11-03,975.570007324,958.820007324,968.66998291,966.299987793,4492280000,966.299987793
2008-11-04,1007.51000977,971.309997559,971.309997559,1005.75,5531290000,1005.75
2008-11-05,1001.84002686,949.859985352,1001.84002686,952.770019531,5426640000,952.770019531
2008-11-06,952.400024414,899.729980469,952.400024414,904.880004883,6102230000,904.880004883
2008-11-07,931.460021973,906.900024414,907.440002441,930.989990234,4931640000,930.989990234
2008-11-10,951.950012207,907.469970703,936.75,919.210021973,4572000000,919.210021973
2008-11-11,917.150024414,884.900024414,917.150024414,898.950012207,4998340000,898.950012207
2008-11-12,893.390014648,850.479980469,893.390014648,852.299987793,5764180000,852.299987793
2008-11-13,913.010009766,818.690002441,853.130004883,911.289978027,7849120000,911.289978027
2008-11-14,916.880004883,869.880004883,904.359985352,873.289978027,5881030000,873.289978027
2008-11-17,882.289978027,848.979980469,873.229980469,850.75,4927490000,850.75
2008-11-18,865.900024414,826.840026855,852.340026855,859.119995117,6679470000,859.119995117
2008-11-19,864.570007324,806.179992676,859.030029297,806.58001709,6548600000,806.58001709
2008-11-20,820.520019531,747.780029297,805.869995117,752.440002441,9093740000,752.440002441
2008-11-21,801.200012207,741.020019531,755.840026855,800.030029297,9495900000,800.030029297
2008-11-24,865.599975586,801.200012207,801.200012207,851.809997559,7879440000,851.809997559
2008-11-25,868.940002441,834.989990234,853.400024414,857.390014648,6952700000,857.390014648
2008-11-26,887.679992676,841.369995117,852.900024414,887.679992676,5793260000,887.679992676
2008-11-28,896.25,881.210021973,886.890014648,896.239990234,2740860000,896.239990234
2008-12-01,888.609985352,815.690002441,888.609985352,816.210021973,6052010000,816.210021973
2008-12-02,850.539978027,817.940002441,817.940002441,848.809997559,6170100000,848.809997559
2008-12-03,873.119995117,827.599975586,843.599975586,870.739990234,6221880000,870.739990234
2008-12-04,875.599975586,833.599975586,869.75,845.219970703,5860390000,845.219970703
2008-12-05,879.41998291,818.409973145,844.429992676,876.070007324,6165370000,876.070007324
2008-12-08,918.570007324,882.710021973,882.710021973,909.700012207,6553600000,909.700012207
2008-12-09,916.260009766,885.380004883,906.479980469,888.66998291,5693110000,888.66998291
2008-12-10,908.270019531,885.450012207,892.16998291,899.239990234,5942130000,899.239990234
2008-12-11,904.630004883,868.729980469,898.349975586,873.590026855,5513840000,873.590026855
2008-12-12,883.239990234,851.349975586,871.789978027,879.729980469,5959590000,879.729980469
2008-12-15,884.630004883,857.719970703,881.070007324,868.570007324,4982390000,868.570007324
2008-12-16,914.659973145,871.530029297,871.530029297,913.179992676,6009780000,913.179992676
2008-12-17,918.849975586,895.940002441,908.159973145,904.41998291,5907380000,904.41998291
2008-12-18,911.020019531,877.440002441,905.979980469,885.280029297,5675000000,885.280029297
2008-12-19,905.469970703,883.020019531,886.960021973,887.880004883,6705310000,887.880004883
2008-12-22,887.369995117,857.090026855,887.200012207,871.630004883,4869850000,871.630004883
2008-12-23,880.440002441,860.099975586,874.309997559,863.159973145,4051970000,863.159973145
2008-12-24,869.789978027,861.440002441,863.869995117,868.150024414,1546550000,868.150024414
2008-12-26,873.739990234,866.520019531,869.510009766,872.799987793,1880050000,872.799987793
2008-12-29,873.700012207,857.070007324,872.369995117,869.41998291,3323430000,869.41998291
2008-12-30,891.119995117,870.58001709,870.58001709,890.640014648,3627800000,890.640014648
2008-12-31,910.320007324,889.66998291,890.590026855,903.25,4172940000,903.25
2009-01-02,934.729980469,899.349975586,902.989990234,931.799987793,4048270000,931.799987793
2009-01-05,936.630004883,919.530029297,929.16998291,927.450012207,5413910000,927.450012207
2009-01-06,943.849975586,927.280029297,931.16998291,934.700012207,5392620000,934.700012207
2009-01-07,927.450012207,902.369995117,927.450012207,906.650024414,4704940000,906.650024414
2009-01-08,910.0,896.809997559,905.729980469,909.729980469,4991550000,909.729980469
2009-01-09,911.929992676,888.309997559,909.909973145,890.349975586,4716500000,890.349975586
2009-01-12,890.400024414,864.320007324,890.400024414,870.260009766,4725050000,870.260009766
2009-01-13,877.020019531,862.020019531,869.789978027,871.789978027,5567460000,871.789978027
2009-01-14,867.280029297,836.929992676,867.280029297,842.619995117,5407880000,842.619995117
2009-01-15,851.590026855,817.039978027,841.989990234,843.739990234,7807350000,843.739990234
2009-01-16,858.130004883,830.659973145,844.450012207,850.119995117,6786040000,850.119995117
2009-01-20,849.640014648,804.469970703,849.640014648,805.219970703,6375230000,805.219970703
2009-01-21,841.719970703,804.299987793,806.770019531,840.239990234,6467830000,840.239990234
2009-01-22,839.739990234,811.289978027,839.739990234,827.5,5843830000,827.5
2009-01-23,838.609985352,806.070007324,822.159973145,831.950012207,5832160000,831.950012207
2009-01-26,852.530029297,827.690002441,832.5,836.570007324,6039940000,836.570007324
2009-01-27,850.450012207,835.400024414,837.299987793,845.710021973,5353260000,845.710021973
2009-01-28,877.859985352,845.729980469,845.729980469,874.090026855,6199180000,874.090026855
2009-01-29,868.890014648,844.150024414,868.890014648,845.140014648,5067060000,845.140014648
2009-01-30,851.659973145,821.66998291,845.690002441,825.880004883,5350580000,825.880004883
2009-02-02,830.780029297,812.869995117,823.090026855,825.440002441,5673270000,825.440002441
2009-02-03,842.599975586,821.979980469,825.690002441,838.510009766,5886310000,838.510009766
2009-02-04,851.849975586,829.179992676,837.770019531,832.229980469,6420450000,832.229980469
2009-02-05,850.549987793,819.909973145,831.75,845.849975586,6624030000,845.849975586
2009-02-06,870.75,845.41998291,846.090026855,868.599975586,6484100000,868.599975586
2009-02-09,875.010009766,861.650024414,868.239990234,869.890014648,5574370000,869.890014648
2009-02-10,868.049987793,822.989990234,866.869995117,827.159973145,6770170000,827.159973145
2009-02-11,838.219970703,822.299987793,827.409973145,833.739990234,5926460000,833.739990234
2009-02-12,835.479980469,808.059997559,829.909973145,835.190002441,6476460000,835.190002441
2009-02-13,839.429992676,825.210021973,833.950012207,826.840026855,5296650000,826.840026855
2009-02-17,818.609985352,789.16998291,818.609985352,789.16998291,5907820000,789.16998291
2009-02-18,796.16998291,780.429992676,791.059997559,788.41998291,5740710000,788.41998291
2009-02-19,797.58001709,777.030029297,787.909973145,778.940002441,5746940000,778.940002441
2009-02-20,778.690002441,754.25,775.869995117,770.049987793,8210590000,770.049987793
2009-02-23,777.849975586,742.369995117,773.25,743.33001709,6509300000,743.33001709
2009-02-24,775.489990234,744.690002441,744.690002441,773.140014648,7234490000,773.140014648
2009-02-25,780.119995117,752.890014648,770.640014648,764.900024414,7483640000,764.900024414
2009-02-26,779.41998291,751.75,765.760009766,752.83001709,7599970000,752.83001709
2009-02-27,751.270019531,734.520019531,749.929992676,735.090026855,8926480000,735.090026855
2009-03-02,729.570007324,699.700012207,729.570007324,700.820007324,7868290000,700.820007324
2009-03-03,711.66998291,692.299987793,704.440002441,696.33001709,7583230000,696.33001709
2009-03-04,724.119995117,698.599975586,698.599975586,712.869995117,7673620000,712.869995117
2009-03-05,708.270019531,677.929992676,708.270019531,682.549987793,7507250000,682.549987793
2009-03-06,699.090026855,666.789978027,684.039978027,683.380004883,7331830000,683.380004883
2009-03-09,695.270019531,672.880004883,680.760009766,676.530029297,7277320000,676.530029297
2009-03-10,719.599975586,679.280029297,679.280029297,719.599975586,8618330000,719.599975586
2009-03-11,731.91998291,713.849975586,719.590026855,721.359985352,7287810000,721.359985352
2009-03-12,752.630004883,714.760009766,720.890014648,750.739990234,7326630000,750.739990234
2009-03-13,758.289978027,742.460021973,751.969970703,756.549987793,6787090000,756.549987793
2009-03-16,774.530029297,753.369995117,758.840026855,753.890014648,7883540000,753.890014648
2009-03-17,778.119995117,749.929992676,753.880004883,778.119995117,6156800000,778.119995117
2009-03-18,803.039978027,765.640014648,776.010009766,794.349975586,9098450000,794.349975586
2009-03-19,803.239990234,781.820007324,797.91998291,784.039978027,9033870000,784.039978027
2009-03-20,788.909973145,766.200012207,784.58001709,768.539978027,7643720000,768.539978027
2009-03-23,823.369995117,772.309997559,772.309997559,822.91998291,7715770000,822.91998291
2009-03-24,823.650024414,805.479980469,820.599975586,806.119995117,6767980000,806.119995117
2009-03-25,826.780029297,791.369995117,806.809997559,813.880004883,7687180000,813.880004883
2009-03-26,832.979980469,814.059997559,814.059997559,832.859985352,6992960000,832.859985352
2009-03-27,828.679992676,813.429992676,828.679992676,815.940002441,5600210000,815.940002441
2009-03-30,809.070007324,779.809997559,809.070007324,787.530029297,5912660000,787.530029297
2009-03-31,810.479980469,790.880004883,790.880004883,797.869995117,6089100000,797.869995117
2009-04-01,813.619995117,783.320007324,793.590026855,811.08001709,6034140000,811.08001709
2009-04-02,845.609985352,814.530029297,814.530029297,834.380004883,7542810000,834.380004883
2009-04-03,842.5,826.700012207,835.130004883,842.5,5855640000,842.5
2009-04-06,839.75,822.789978027,839.75,835.479980469,6210000000,835.479980469
2009-04-07,834.119995117,814.530029297,834.119995117,815.549987793,5155580000,815.549987793
2009-04-08,828.41998291,814.840026855,816.760009766,825.159973145,5938460000,825.159973145
2009-04-09,856.909973145,829.289978027,829.289978027,856.559997559,7600710000,856.559997559
2009-04-13,864.309997559,845.349975586,855.33001709,858.729980469,6434890000,858.729980469
2009-04-14,856.880004883,840.25,856.880004883,841.5,7569840000,841.5
2009-04-15,852.929992676,835.58001709,839.440002441,852.059997559,6241100000,852.059997559
2009-04-16,870.349975586,847.039978027,854.539978027,865.299987793,6598670000,865.299987793
2009-04-17,875.630004883,860.869995117,865.179992676,869.599975586,7352010000,869.599975586
2009-04-20,868.270019531,832.390014648,868.270019531,832.390014648,6973960000,832.390014648
2009-04-21,850.090026855,826.83001709,831.25,850.08001709,7436490000,850.08001709
2009-04-22,861.780029297,840.570007324,847.260009766,843.549987793,7327860000,843.549987793
2009-04-23,852.869995117,835.450012207,844.619995117,851.91998291,6563100000,851.91998291
2009-04-24,871.799987793,853.909973145,853.909973145,866.229980469,7114440000,866.229980469
2009-04-27,868.83001709,854.650024414,862.820007324,857.510009766,5613460000,857.510009766
2009-04-28,864.479980469,847.119995117,854.479980469,855.159973145,6328000000,855.159973145
2009-04-29,882.059997559,856.849975586,856.849975586,873.640014648,6101620000,873.640014648
2009-04-30,888.700012207,868.510009766,876.590026855,872.809997559,6862540000,872.809997559
2009-05-01,880.479980469,866.099975586,872.739990234,877.520019531,5312170000,877.520019531
2009-05-04,907.849975586,879.210021973,879.210021973,907.239990234,7038840000,907.239990234
2009-05-05,907.700012207,897.340026855,906.099975586,903.799987793,6882860000,903.799987793
2009-05-06,920.280029297,903.950012207,903.950012207,919.530029297,8555040000,919.530029297
2009-05-07,929.58001709,901.359985352,919.58001709,907.390014648,9120100000,907.390014648
2009-05-08,930.16998291,909.030029297,909.030029297,929.229980469,8163280000,929.229980469
2009-05-11,922.989990234,908.679992676,922.989990234,909.239990234,6150600000,909.239990234
2009-05-12,915.570007324,896.460021973,910.520019531,908.349975586,6871750000,908.349975586
2009-05-13,905.400024414,882.799987793,905.400024414,883.91998291,7091820000,883.91998291
2009-05-14,898.359985352,882.520019531,884.239990234,893.070007324,6134870000,893.070007324
2009-05-15,896.969970703,878.940002441,892.760009766,882.880004883,5439720000,882.880004883
2009-05-18,910.0,886.070007324,886.070007324,909.710021973,5702150000,909.710021973
2009-05-19,916.390014648,905.219970703,909.66998291,908.130004883,6616270000,908.130004883
2009-05-20,924.599975586,901.369995117,908.619995117,903.469970703,8205060000,903.469970703
2009-05-21,900.41998291,879.609985352,900.41998291,888.33001709,6019840000,888.33001709
2009-05-22,896.650024414,883.75,888.679992676,887.0,5155320000,887.0
2009-05-26,911.760009766,881.460021973,887.0,910.33001709,5667050000,910.33001709
2009-05-27,913.840026855,891.869995117,909.950012207,893.059997559,5698800000,893.059997559
2009-05-28,909.450012207,887.599975586,892.960021973,906.83001709,5738980000,906.83001709
2009-05-29,920.020019531,903.559997559,907.020019531,919.140014648,6050420000,919.140014648
2009-06-01,947.770019531,923.260009766,923.260009766,942.869995117,6370440000,942.869995117
2009-06-02,949.380004883,938.460021973,942.869995117,944.739990234,5987340000,944.739990234
2009-06-03,942.510009766,923.849975586,942.510009766,931.760009766,5323770000,931.760009766
2009-06-04,942.469970703,929.320007324,932.489990234,942.460021973,5352890000,942.460021973
2009-06-05,951.690002441,934.130004883,945.66998291,940.090026855,5277910000,940.090026855
2009-06-08,946.33001709,926.440002441,938.119995117,939.140014648,4483430000,939.140014648
2009-06-09,946.91998291,936.150024414,940.349975586,942.429992676,4439950000,942.429992676
2009-06-10,949.770019531,927.969970703,942.729980469,939.150024414,5379420000,939.150024414
2009-06-11,956.229980469,939.039978027,939.039978027,944.890014648,5500840000,944.890014648
2009-06-12,946.299987793,935.659973145,943.440002441,946.210021973,4528120000,946.210021973
2009-06-15,942.450012207,919.650024414,942.450012207,923.719970703,4697880000,923.719970703
2009-06-16,928.0,911.599975586,925.599975586,911.969970703,4951200000,911.969970703
2009-06-17,918.440002441,903.780029297,911.890014648,910.710021973,5523650000,910.710021973
2009-06-18,921.929992676,907.940002441,910.859985352,918.369995117,4684010000,918.369995117
2009-06-19,927.090026855,915.799987793,919.960021973,921.229980469,5713390000,921.229980469
2009-06-22,918.130004883,893.039978027,918.130004883,893.039978027,4903940000,893.039978027
2009-06-23,898.690002441,888.859985352,893.460021973,895.099975586,5071020000,895.099975586
2009-06-24,910.849975586,896.309997559,896.309997559,900.940002441,4636720000,900.940002441
2009-06-25,921.41998291,896.270019531,899.450012207,920.260009766,4911240000,920.260009766
2009-06-26,922.0,913.030029297,918.840026855,918.900024414,6076660000,918.900024414
2009-06-29,927.989990234,916.179992676,919.859985352,927.229980469,4211760000,927.229980469
2009-06-30,930.010009766,912.859985352,927.150024414,919.320007324,4627570000,919.320007324
2009-07-01,931.91998291,920.820007324,920.820007324,923.33001709,3919400000,923.33001709
2009-07-02,921.239990234,896.41998291,921.239990234,896.41998291,3931000000,896.41998291
2009-07-06,898.719970703,886.359985352,894.270019531,898.719970703,4712580000,898.719970703
2009-07-07,898.599975586,879.929992676,898.599975586,881.030029297,4673300000,881.030029297
2009-07-08,886.799987793,869.320007324,881.900024414,879.559997559,5721780000,879.559997559
2009-07-09,887.859985352,878.450012207,881.280029297,882.679992676,4347170000,882.679992676
2009-07-10,883.570007324,872.809997559,880.030029297,879.130004883,3912080000,879.130004883
2009-07-13,901.049987793,875.320007324,879.570007324,901.049987793,4499440000,901.049987793
2009-07-14,905.840026855,896.5,900.770019531,905.840026855,4149030000,905.840026855
2009-07-15,933.950012207,910.150024414,910.150024414,932.679992676,5238830000,932.679992676
2009-07-16,943.960021973,927.450012207,930.16998291,940.739990234,4898640000,940.739990234
2009-07-17,941.890014648,934.650024414,940.559997559,940.380004883,5141380000,940.380004883
2009-07-20,951.619995117,940.989990234,942.070007324,951.130004883,4853150000,951.130004883
2009-07-21,956.530029297,943.219970703,951.969970703,954.58001709,5309300000,954.58001709
2009-07-22,959.83001709,947.75,953.400024414,954.070007324,4634100000,954.070007324
2009-07-23,979.41998291,953.270019531,954.070007324,976.289978027,5761650000,976.289978027
2009-07-24,979.789978027,965.950012207,972.159973145,979.260009766,4458300000,979.260009766
2009-07-27,982.489990234,972.289978027,978.630004883,982.179992676,4631290000,982.179992676
2009-07-28,982.349975586,969.349975586,981.479980469,979.619995117,5490350000,979.619995117
2009-07-29,977.760009766,968.650024414,977.659973145,975.150024414,5178770000,975.150024414
2009-07-30,996.679992676,976.010009766,976.010009766,986.75,6035180000,986.75
2009-07-31,993.179992676,982.849975586,986.799987793,987.479980469,5139070000,987.479980469
2009-08-03,1003.60998535,990.219970703,990.219970703,1002.63000488,5603440000,1002.63000488
2009-08-04,1007.11999512,996.679992676,1001.40997314,1005.65002441,5713700000,1005.65002441
2009-08-05,1006.64001465,994.309997559,1005.40997314,1002.7199707,7242120000,1002.7199707
2009-08-06,1008.0,992.489990234,1004.05999756,997.08001709,6753380000,997.08001709
2009-08-07,1018.0,999.83001709,999.83001709,1010.47998047,6827090000,1010.47998047
2009-08-10,1010.11999512,1000.98999023,1008.89001465,1007.09997559,5406080000,1007.09997559
2009-08-11,1005.77001953,992.400024414,1005.77001953,994.349975586,5773160000,994.349975586
2009-08-12,1012.7800293,993.359985352,994.0,1005.80999756,5498170000,1005.80999756
2009-08-13,1013.14001465,1000.82000732,1005.85998535,1012.72998047,5250660000,1012.72998047
2009-08-14,1012.59997559,994.599975586,1012.22998047,1004.09002686,4940750000,1004.09002686
2009-08-17,998.179992676,978.510009766,998.179992676,979.729980469,4088570000,979.729980469
2009-08-18,991.200012207,980.619995117,980.619995117,989.66998291,4198970000,989.66998291
2009-08-19,999.609985352,980.619995117,986.880004883,996.460021973,4257000000,996.460021973
2009-08-20,1008.91998291,996.390014648,996.409973145,1007.36999512,4893160000,1007.36999512
2009-08-21,1027.58996582,1009.05999756,1009.05999756,1026.13000488,5885550000,1026.13000488
2009-08-24,1035.81994629,1022.47998047,1026.58996582,1025.56994629,6302450000,1025.56994629
2009-08-25,1037.75,1026.20996094,1026.63000488,1028.0,5768740000,1028.0
2009-08-26,1032.4699707,1021.57000732,1027.34997559,1028.11999512,5080060000,1028.11999512
2009-08-27,1033.32995605,1016.20001221,1027.81005859,1030.97998047,5785880000,1030.97998047
2009-08-28,1039.4699707,1023.13000488,1031.61999512,1028.93005371,5785780000,1028.93005371
2009-08-31,1025.20996094,1014.61999512,1025.20996094,1020.61999512,5004560000,1020.61999512
2009-09-01,1028.44995117,996.280029297,1019.52001953,998.039978027,6862360000,998.039978027
2009-09-02,1000.34002686,991.969970703,996.070007324,994.75,5842730000,994.75
2009-09-03,1003.42999268,992.25,996.119995117,1003.23999023,4624280000,1003.23999023
2009-09-04,1016.47998047,1001.65002441,1003.84002686,1016.40002441,4097370000,1016.40002441
2009-09-08,1026.06994629,1018.66998291,1018.66998291,1025.39001465,5235160000,1025.39001465
2009-09-09,1036.33996582,1023.9699707,1025.35998535,1033.36999512,5202550000,1033.36999512
2009-09-10,1044.14001465,1028.04003906,1032.98999023,1044.14001465,5191380000,1044.14001465
2009-09-11,1048.18005371,1038.40002441,1043.92004395,1042.72998047,4922600000,1042.72998047
2009-09-14,1049.73999023,1035.0,1040.15002441,1049.33996582,4979610000,1049.33996582
2009-09-15,1056.04003906,1043.42004395,1049.0300293,1052.63000488,6185620000,1052.63000488
2009-09-16,1068.76000977,1052.86999512,1053.98999023,1068.76000977,6793530000,1068.76000977
2009-09-17,1074.77001953,1061.19995117,1067.86999512,1065.48999023,6668110000,1065.48999023
2009-09-18,1071.52001953,1064.27001953,1066.59997559,1068.30004883,5607970000,1068.30004883
2009-09-21,1067.2800293,1057.45996094,1067.14001465,1064.66003418,4615280000,1064.66003418
2009-09-22,1073.81005859,1066.34997559,1066.34997559,1071.66003418,5246600000,1071.66003418
2009-09-23,1080.15002441,1060.39001465,1072.68994141,1060.86999512,5531930000,1060.86999512
2009-09-24,1066.29003906,1045.84997559,1062.56005859,1050.7800293,5505610000,1050.7800293
2009-09-25,1053.4699707,1041.17004395,1049.47998047,1044.38000488,4507090000,1044.38000488
2009-09-28,1065.13000488,1045.38000488,1045.38000488,1062.97998047,3726950000,1062.97998047
2009-09-29,1069.61999512,1057.82995605,1063.68994141,1060.60998535,4949900000,1060.60998535
2009-09-30,1063.40002441,1046.4699707,1061.02001953,1057.07995605,5998860000,1057.07995605
2009-10-01,1054.91003418,1029.44995117,1054.91003418,1029.84997559,5791450000,1029.84997559
2009-10-02,1030.59997559,1019.95001221,1029.70996094,1025.20996094,5583240000,1025.20996094
2009-10-05,1042.57995605,1025.92004395,1026.86999512,1040.45996094,4313310000,1040.45996094
2009-10-06,1060.55004883,1042.02001953,1042.02001953,1054.7199707,5029840000,1054.7199707
2009-10-07,1058.02001953,1050.09997559,1053.65002441,1057.57995605,4238220000,1057.57995605
2009-10-08,1070.67004395,1060.0300293,1060.0300293,1065.47998047,4988400000,1065.47998047
2009-10-09,1071.51000977,1063.0,1065.2800293,1071.48999023,3763780000,1071.48999023
2009-10-12,1079.45996094,1071.63000488,1071.63000488,1076.18994141,3710430000,1076.18994141
2009-10-13,1075.30004883,1066.70996094,1074.95996094,1073.18994141,4320480000,1073.18994141
2009-10-14,1093.17004395,1078.68005371,1078.68005371,1092.02001953,5406420000,1092.02001953
2009-10-15,1096.56005859,1086.41003418,1090.35998535,1096.56005859,5369780000,1096.56005859
2009-10-16,1094.67004395,1081.5300293,1094.67004395,1087.68005371,4894740000,1087.68005371
2009-10-19,1100.17004395,1086.47998047,1088.2199707,1097.91003418,4619240000,1097.91003418
2009-10-20,1098.64001465,1086.16003418,1098.64001465,1091.06005859,5396930000,1091.06005859
2009-10-21,1101.35998535,1080.77001953,1090.35998535,1081.40002441,5616290000,1081.40002441
2009-10-22,1095.20996094,1074.31005859,1080.95996094,1092.91003418,5192410000,1092.91003418
2009-10-23,1095.82995605,1075.48999023,1095.61999512,1079.59997559,4767460000,1079.59997559
2009-10-26,1091.75,1065.22998047,1080.35998535,1066.94995117,6363380000,1066.94995117
2009-10-27,1072.47998047,1060.61999512,1067.54003906,1063.41003418,5337380000,1063.41003418
2009-10-28,1063.26000977,1042.18994141,1061.51000977,1042.63000488,6600350000,1042.63000488
2009-10-29,1066.82995605,1043.68994141,1043.68994141,1066.10998535,5595040000,1066.10998535
2009-10-30,1065.41003418,1033.38000488,1065.41003418,1036.18994141,6512420000,1036.18994141
2009-11-02,1052.18005371,1029.38000488,1036.18005371,1042.88000488,6202640000,1042.88000488
2009-11-03,1046.35998535,1033.93994141,1040.92004395,1045.41003418,5487500000,1045.41003418
2009-11-04,1061.0,1045.15002441,1047.14001465,1046.5,5635510000,1046.5
2009-11-05,1066.65002441,1047.30004883,1047.30004883,1066.63000488,4848350000,1066.63000488
2009-11-06,1071.47998047,1059.31994629,1064.94995117,1069.30004883,4277130000,1069.30004883
2009-11-09,1093.18994141,1072.31005859,1072.31005859,1093.07995605,4460030000,1093.07995605
2009-11-10,1096.42004395,1087.40002441,1091.85998535,1093.01000977,4394770000,1093.01000977
2009-11-11,1105.36999512,1093.81005859,1096.04003906,1098.51000977,4286700000,1098.51000977
2009-11-12,1101.9699707,1084.90002441,1098.31005859,1087.23999023,4160250000,1087.23999023
2009-11-13,1097.79003906,1085.32995605,1087.58996582,1093.47998047,3792610000,1093.47998047
2009-11-16,1113.68994141,1094.13000488,1094.13000488,1109.30004883,4565850000,1109.30004883
2009-11-17,1110.52001953,1102.18994141,1109.2199707,1110.31994629,3824070000,1110.31994629
2009-11-18,1111.09997559,1102.69995117,1109.43994141,1109.80004883,4293340000,1109.80004883
2009-11-19,1106.43994141,1088.40002441,1106.43994141,1094.90002441,4178030000,1094.90002441
2009-11-20,1094.66003418,1086.81005859,1094.66003418,1091.38000488,3751230000,1091.38000488
2009-11-23,1112.38000488,1094.85998535,1094.85998535,1106.23999023,3827920000,1106.23999023
2009-11-24,1107.56005859,1097.63000488,1105.82995605,1105.65002441,3700820000,1105.65002441
2009-11-25,1111.18005371,1104.75,1106.48999023,1110.63000488,3036350000,1110.63000488
2009-11-27,1105.4699707,1083.73999023,1105.4699707,1091.48999023,2362910000,1091.48999023
2009-11-30,1097.23999023,1086.25,1091.06994629,1095.63000488,3895520000,1095.63000488
2009-12-01,1112.2800293,1098.89001465,1098.89001465,1108.85998535,4249310000,1108.85998535
2009-12-02,1115.57995605,1105.29003906,1109.0300293,1109.23999023,3941340000,1109.23999023
2009-12-03,1117.2800293,1098.73999023,1110.58996582,1099.92004395,4810030000,1099.92004395
2009-12-04,1119.13000488,1096.52001953,1100.43005371,1105.97998047,5781140000,1105.97998047
2009-12-07,1110.7199707,1100.82995605,1105.52001953,1103.25,4103360000,1103.25
2009-12-08,1103.04003906,1088.60998535,1103.04003906,1091.93994141,4748030000,1091.93994141
2009-12-09,1097.04003906,1085.89001465,1091.06994629,1095.94995117,4115410000,1095.94995117
2009-12-10,1106.25,1098.68994141,1098.68994141,1102.34997559,3996490000,1102.34997559
2009-12-11,1108.5,1101.33996582,1103.95996094,1106.41003418,3791090000,1106.41003418
2009-12-14,1114.76000977,1107.83996582,1107.83996582,1114.10998535,4548490000,1114.10998535
2009-12-15,1114.10998535,1105.34997559,1114.10998535,1107.93005371,5045100000,1107.93005371
2009-12-16,1116.20996094,1107.95996094,1108.60998535,1109.18005371,4829820000,1109.18005371
2009-12-17,1106.35998535,1095.88000488,1106.35998535,1096.07995605,7615070000,1096.07995605
2009-12-18,1103.73999023,1093.88000488,1097.85998535,1102.4699707,6325890000,1102.4699707
2009-12-21,1117.68005371,1105.31005859,1105.31005859,1114.05004883,3977340000,1114.05004883
2009-12-22,1120.27001953,1114.51000977,1114.51000977,1118.02001953,3641130000,1118.02001953
2009-12-23,1121.57995605,1116.0,1118.83996582,1120.58996582,3166870000,1120.58996582
2009-12-24,1126.47998047,1121.07995605,1121.07995605,1126.47998047,1267710000,1126.47998047
2009-12-28,1130.38000488,1123.51000977,1127.5300293,1127.7800293,2716400000,1127.7800293
2009-12-29,1130.38000488,1126.07995605,1128.55004883,1126.19995117,2491020000,1126.19995117
2009-12-30,1126.42004395,1121.93994141,1125.5300293,1126.42004395,2277300000,1126.42004395
2009-12-31,1127.64001465,1114.81005859,1126.59997559,1115.09997559,2076990000,1115.09997559
2010-01-04,1133.86999512,1116.56005859,1116.56005859,1132.98999023,3991400000,1132.98999023
2010-01-05,1136.63000488,1129.66003418,1132.66003418,1136.52001953,2491020000,1136.52001953
2010-01-06,1139.18994141,1133.94995117,1135.70996094,1137.14001465,4972660000,1137.14001465
2010-01-07,1142.45996094,1131.31994629,1136.27001953,1141.68994141,5270680000,1141.68994141
2010-01-08,1145.39001465,1136.2199707,1140.52001953,1144.97998047,4389590000,1144.97998047
2010-01-11,1149.73999023,1142.02001953,1145.95996094,1146.97998047,4255780000,1146.97998047
2010-01-12,1143.81005859,1131.77001953,1143.81005859,1136.2199707,4716160000,1136.2199707
2010-01-13,1148.40002441,1133.18005371,1137.31005859,1145.68005371,4170360000,1145.68005371
2010-01-14,1150.41003418,1143.80004883,1145.68005371,1148.45996094,3915200000,1148.45996094
2010-01-15,1147.77001953,1131.39001465,1147.7199707,1136.0300293,4758730000,1136.0300293
2010-01-19,1150.44995117,1135.77001953,1136.0300293,1150.22998047,4724830000,1150.22998047
2010-01-20,1147.94995117,1129.25,1147.94995117,1138.04003906,4810560000,1138.04003906
2010-01-21,1141.57995605,1114.83996582,1138.68005371,1116.47998047,6874290000,1116.47998047
2010-01-22,1115.48999023,1090.18005371,1115.48999023,1091.76000977,6208650000,1091.76000977
2010-01-25,1102.9699707,1092.40002441,1092.40002441,1096.7800293,4481390000,1096.7800293
2010-01-26,1103.68994141,1089.85998535,1095.80004883,1092.17004395,4731910000,1092.17004395
2010-01-27,1099.51000977,1083.10998535,1091.93994141,1097.5,5319120000,1097.5
2010-01-28,1100.2199707,1078.45996094,1096.93005371,1084.5300293,5452400000,1084.5300293
2010-01-29,1096.44995117,1071.58996582,1087.60998535,1073.86999512,5412850000,1073.86999512
2010-02-01,1089.38000488,1073.89001465,1073.89001465,1089.18994141,4077610000,1089.18994141
2010-02-02,1104.72998047,1087.95996094,1090.05004883,1103.31994629,4749540000,1103.31994629
2010-02-03,1102.7199707,1093.9699707,1100.67004395,1097.2800293,4285450000,1097.2800293
2010-02-04,1097.25,1062.7800293,1097.25,1063.10998535,5859690000,1063.10998535
2010-02-05,1067.13000488,1044.5,1064.11999512,1066.18994141,6438900000,1066.18994141
2010-02-08,1071.19995117,1056.51000977,1065.51000977,1056.73999023,4089820000,1056.73999023
2010-02-09,1079.2800293,1060.06005859,1060.06005859,1070.52001953,5114260000,1070.52001953
2010-02-10,1073.67004395,1059.33996582,1069.68005371,1068.13000488,4251450000,1068.13000488
2010-02-11,1080.04003906,1060.58996582,1067.09997559,1078.4699707,4400870000,1078.4699707
2010-02-12,1077.81005859,1062.9699707,1075.94995117,1075.51000977,4160680000,1075.51000977
2010-02-16,1095.67004395,1079.13000488,1079.13000488,1094.86999512,4080770000,1094.86999512
2010-02-17,1101.0300293,1094.7199707,1096.14001465,1099.51000977,4259230000,1099.51000977
2010-02-18,1108.23999023,1097.47998047,1099.0300293,1106.75,3878620000,1106.75
2010-02-19,1112.42004395,1100.80004883,1105.48999023,1109.17004395,3944280000,1109.17004395
2010-02-22,1112.29003906,1105.38000488,1110.0,1108.01000977,3814440000,1108.01000977
2010-02-23,1108.57995605,1092.18005371,1107.48999023,1094.59997559,4521050000,1094.59997559
2010-02-24,1106.42004395,1095.5,1095.89001465,1105.23999023,4168360000,1105.23999023
2010-02-25,1103.5,1086.02001953,1101.23999023,1102.93994141,4521130000,1102.93994141
2010-02-26,1107.23999023,1097.56005859,1103.09997559,1104.48999023,3945190000,1104.48999023
2010-03-01,1116.10998535,1105.35998535,1105.35998535,1115.70996094,3847640000,1115.70996094
2010-03-02,1123.45996094,1116.51000977,1117.01000977,1118.31005859,4134680000,1118.31005859
2010-03-03,1125.64001465,1116.57995605,1119.35998535,1118.79003906,3951320000,1118.79003906
2010-03-04,1123.72998047,1116.66003418,1119.11999512,1122.9699707,3945010000,1122.9699707
2010-03-05,1139.38000488,1125.11999512,1125.11999512,1138.69995117,4133000000,1138.69995117
2010-03-08,1141.05004883,1136.77001953,1138.40002441,1138.5,3774680000,1138.5
2010-03-09,1145.36999512,1134.90002441,1137.56005859,1140.44995117,5185570000,1140.44995117
2010-03-10,1148.26000977,1140.08996582,1140.2199707,1145.60998535,5469120000,1145.60998535
2010-03-11,1150.23999023,1138.98999023,1143.95996094,1150.23999023,4669060000,1150.23999023
2010-03-12,1153.41003418,1146.9699707,1151.70996094,1149.98999023,4928160000,1149.98999023
2010-03-15,1150.97998047,1141.44995117,1148.5300293,1150.51000977,4164110000,1150.51000977
2010-03-16,1160.2800293,1150.34997559,1150.82995605,1159.45996094,4369770000,1159.45996094
2010-03-17,1169.83996582,1159.93994141,1159.93994141,1166.20996094,4963200000,1166.20996094
2010-03-18,1167.77001953,1161.16003418,1166.13000488,1165.82995605,4234510000,1165.82995605
2010-03-19,1169.19995117,1155.32995605,1166.68005371,1159.90002441,5212410000,1159.90002441
2010-03-22,1167.81994629,1152.88000488,1157.25,1165.81005859,4261680000,1165.81005859
2010-03-23,1174.7199707,1163.82995605,1166.4699707,1174.17004395,4411640000,1174.17004395
2010-03-24,1173.04003906,1166.01000977,1172.69995117,1167.7199707,4705750000,1167.7199707
2010-03-25,1180.68994141,1165.08996582,1170.0300293,1165.72998047,5668900000,1165.72998047
2010-03-26,1173.93005371,1161.47998047,1167.57995605,1166.58996582,4708420000,1166.58996582
2010-03-29,1174.84997559,1167.70996094,1167.70996094,1173.2199707,4375580000,1173.2199707
2010-03-30,1177.82995605,1168.92004395,1173.75,1173.27001953,4085000000,1173.27001953
2010-03-31,1174.56005859,1165.77001953,1171.75,1169.43005371,4484340000,1169.43005371
2010-04-01,1181.43005371,1170.68994141,1171.22998047,1178.09997559,4006870000,1178.09997559
2010-04-05,1187.72998047,1178.70996094,1178.70996094,1187.43994141,3881620000,1187.43994141
2010-04-06,1191.80004883,1182.77001953,1186.01000977,1189.43994141,4086180000,1189.43994141
2010-04-07,1189.59997559,1177.25,1188.22998047,1182.44995117,5101430000,1182.44995117
2010-04-08,1188.55004883,1175.11999512,1181.75,1186.43994141,4726970000,1186.43994141
2010-04-09,1194.66003418,1187.15002441,1187.4699707,1194.36999512,4511570000,1194.36999512
2010-04-12,1199.19995117,1194.70996094,1194.93994141,1196.47998047,4607090000,1196.47998047
2010-04-13,1199.04003906,1188.81994629,1195.93994141,1197.30004883,5403580000,1197.30004883
2010-04-14,1210.65002441,1198.68994141,1198.68994141,1210.65002441,5760040000,1210.65002441
2010-04-15,1213.92004395,1208.5,1210.77001953,1211.67004395,5995330000,1211.67004395
2010-04-16,1210.17004395,1186.77001953,1210.17004395,1192.13000488,8108470000,1192.13000488
2010-04-19,1197.86999512,1183.68005371,1192.06005859,1197.52001953,6597740000,1197.52001953
2010-04-20,1208.57995605,1199.04003906,1199.04003906,1207.17004395,5316590000,1207.17004395
2010-04-21,1210.98999023,1198.84997559,1207.16003418,1205.93994141,5724310000,1205.93994141
2010-04-22,1210.27001953,1190.18994141,1202.52001953,1208.67004395,6035780000,1208.67004395
2010-04-23,1217.2800293,1205.09997559,1207.86999512,1217.2800293,5326060000,1217.2800293
2010-04-26,1219.80004883,1211.06994629,1217.06994629,1212.05004883,5647760000,1212.05004883
2010-04-27,1211.38000488,1181.61999512,1209.92004395,1183.70996094,7454540000,1183.70996094
2010-04-28,1195.05004883,1181.81005859,1184.58996582,1191.35998535,6342310000,1191.35998535
2010-04-29,1209.35998535,1193.30004883,1193.30004883,1206.7800293,6059410000,1206.7800293
2010-04-30,1207.98999023,1186.31994629,1206.77001953,1186.68994141,6048260000,1186.68994141
2010-05-03,1205.13000488,1188.57995605,1188.57995605,1202.26000977,4938050000,1202.26000977
2010-05-04,1197.5,1168.11999512,1197.5,1173.59997559,6594720000,1173.59997559
2010-05-05,1175.94995117,1158.15002441,1169.23999023,1165.86999512,6795940000,1165.86999512
2010-05-06,1167.57995605,1065.79003906,1164.38000488,1128.15002441,10617810000,1128.15002441
2010-05-07,1135.13000488,1094.15002441,1127.04003906,1110.88000488,9472910000,1110.88000488
2010-05-10,1163.84997559,1122.27001953,1122.27001953,1159.72998047,6893700000,1159.72998047
2010-05-11,1170.47998047,1147.70996094,1156.39001465,1155.79003906,5842550000,1155.79003906
2010-05-12,1172.86999512,1155.43005371,1155.43005371,1171.67004395,5225460000,1171.67004395
2010-05-13,1173.56994629,1156.14001465,1170.04003906,1157.43994141,4870640000,1157.43994141
2010-05-14,1157.18994141,1126.14001465,1157.18994141,1135.68005371,6126400000,1135.68005371
2010-05-17,1141.88000488,1114.95996094,1136.52001953,1136.93994141,5922920000,1136.93994141
2010-05-18,1148.66003418,1117.19995117,1138.7800293,1120.80004883,6170840000,1120.80004883
2010-05-19,1124.27001953,1100.66003418,1119.56994629,1115.05004883,6765800000,1115.05004883
2010-05-20,1107.33996582,1071.57995605,1107.33996582,1071.58996582,8328570000,1071.58996582
2010-05-21,1090.16003418,1055.90002441,1067.26000977,1087.68994141,5452130000,1087.68994141
2010-05-24,1089.94995117,1072.69995117,1084.7800293,1073.65002441,5224040000,1073.65002441
2010-05-25,1074.75,1040.7800293,1067.42004395,1074.0300293,7329580000,1074.0300293
2010-05-26,1090.75,1065.58996582,1075.51000977,1067.94995117,4521050000,1067.94995117
2010-05-27,1103.52001953,1074.27001953,1074.27001953,1103.06005859,5698460000,1103.06005859
2010-05-28,1102.58996582,1084.7800293,1102.58996582,1089.41003418,4871210000,1089.41003418
2010-06-01,1094.77001953,1069.89001465,1087.30004883,1070.70996094,5271480000,1070.70996094
2010-06-02,1098.56005859,1072.0300293,1073.01000977,1098.38000488,5026360000,1098.38000488
2010-06-03,1105.67004395,1091.81005859,1098.81994629,1102.82995605,4995970000,1102.82995605
2010-06-04,1098.43005371,1060.5,1098.43005371,1064.88000488,6180580000,1064.88000488
2010-06-07,1071.35998535,1049.85998535,1065.83996582,1050.4699707,5467560000,1050.4699707
2010-06-08,1063.15002441,1042.17004395,1050.81005859,1062.0,6192750000,1062.0
2010-06-09,1077.73999023,1052.25,1062.75,1055.68994141,5983200000,1055.68994141
2010-06-10,1087.84997559,1058.77001953,1058.77001953,1086.83996582,5144780000,1086.83996582
2010-06-11,1092.25,1077.11999512,1082.65002441,1091.59997559,4059280000,1091.59997559
2010-06-14,1105.91003418,1089.0300293,1095.0,1089.63000488,4425830000,1089.63000488
2010-06-15,1115.58996582,1091.20996094,1091.20996094,1115.22998047,4644490000,1115.22998047
2010-06-16,1118.73999023,1107.13000488,1114.02001953,1114.60998535,5002600000,1114.60998535
2010-06-17,1117.7199707,1105.86999512,1115.97998047,1116.04003906,4557760000,1116.04003906
2010-06-18,1121.01000977,1113.93005371,1116.16003418,1117.51000977,4555360000,1117.51000977
2010-06-21,1131.22998047,1108.23999023,1122.79003906,1113.19995117,4514360000,1113.19995117
2010-06-22,1118.5,1094.18005371,1113.90002441,1095.31005859,4514380000,1095.31005859
2010-06-23,1099.64001465,1085.31005859,1095.56994629,1092.04003906,4526150000,1092.04003906
2010-06-24,1090.93005371,1071.59997559,1090.93005371,1073.68994141,4814830000,1073.68994141
2010-06-25,1083.56005859,1067.89001465,1075.09997559,1076.76000977,5128840000,1076.76000977
2010-06-28,1082.59997559,1071.44995117,1077.5,1074.56994629,3896410000,1074.56994629
2010-06-29,1071.09997559,1035.18005371,1071.09997559,1041.23999023,6136700000,1041.23999023
2010-06-30,1048.07995605,1028.32995605,1040.56005859,1030.70996094,5067080000,1030.70996094
2010-07-01,1033.57995605,1010.90997314,1031.09997559,1027.36999512,6435770000,1027.36999512
2010-07-02,1032.94995117,1015.92999268,1027.65002441,1022.58001709,3968500000,1022.58001709
2010-07-06,1042.5,1018.34997559,1028.08996582,1028.06005859,4691240000,1028.06005859
2010-07-07,1060.89001465,1028.54003906,1028.54003906,1060.27001953,4931220000,1060.27001953
2010-07-08,1071.25,1058.23999023,1062.92004395,1070.25,4548460000,1070.25
2010-07-09,1078.16003418,1068.09997559,1070.5,1077.95996094,3506570000,1077.95996094
2010-07-12,1080.7800293,1070.44995117,1077.22998047,1078.75,3426990000,1078.75
2010-07-13,1099.45996094,1080.65002441,1080.65002441,1095.33996582,4640460000,1095.33996582
2010-07-14,1099.07995605,1087.68005371,1095.60998535,1095.17004395,4521050000,1095.17004395
2010-07-15,1098.66003418,1080.5300293,1094.45996094,1096.47998047,4552470000,1096.47998047
2010-07-16,1093.84997559,1063.31994629,1093.84997559,1064.88000488,5297350000,1064.88000488
2010-07-19,1074.69995117,1061.10998535,1066.84997559,1071.25,4089500000,1071.25
2010-07-20,1083.93994141,1056.88000488,1064.5300293,1083.47998047,4713280000,1083.47998047
2010-07-21,1088.95996094,1065.25,1086.67004395,1069.58996582,4747180000,1069.58996582
2010-07-22,1097.5,1072.14001465,1072.14001465,1093.67004395,4826900000,1093.67004395
2010-07-23,1103.72998047,1087.88000488,1092.17004395,1102.66003418,4524570000,1102.66003418
2010-07-26,1115.01000977,1101.30004883,1102.89001465,1115.01000977,4009650000,1115.01000977
2010-07-27,1120.94995117,1109.7800293,1117.35998535,1113.83996582,4725690000,1113.83996582
2010-07-28,1114.66003418,1103.10998535,1112.83996582,1106.13000488,4002390000,1106.13000488
2010-07-29,1115.90002441,1092.81994629,1108.06994629,1101.5300293,4612420000,1101.5300293
2010-07-30,1106.43994141,1088.01000977,1098.43994141,1101.59997559,4006450000,1101.59997559
2010-08-02,1127.30004883,1107.5300293,1107.5300293,1125.85998535,4144180000,1125.85998535
2010-08-03,1125.43994141,1116.76000977,1125.33996582,1120.45996094,4071820000,1120.45996094
2010-08-04,1128.75,1119.45996094,1121.06005859,1127.23999023,4057850000,1127.23999023
2010-08-05,1126.56005859,1118.81005859,1125.7800293,1125.81005859,3685560000,1125.81005859
2010-08-06,1123.06005859,1107.17004395,1122.06994629,1121.64001465,3857890000,1121.64001465
2010-08-09,1129.23999023,1120.91003418,1122.80004883,1127.79003906,3979360000,1127.79003906
2010-08-10,1127.16003418,1111.57995605,1122.92004395,1121.06005859,3979360000,1121.06005859
2010-08-11,1116.89001465,1088.55004883,1116.89001465,1089.4699707,4511860000,1089.4699707
2010-08-12,1086.7199707,1076.68994141,1081.47998047,1083.60998535,4521050000,1083.60998535
2010-08-13,1086.25,1079.0,1082.2199707,1079.25,3328890000,1079.25
2010-08-16,1082.61999512,1069.48999023,1077.48999023,1079.38000488,3142450000,1079.38000488
2010-08-17,1100.14001465,1081.16003418,1081.16003418,1092.54003906,3968210000,1092.54003906
2010-08-18,1099.77001953,1085.76000977,1092.07995605,1094.16003418,3724260000,1094.16003418
2010-08-19,1092.43994141,1070.66003418,1092.43994141,1075.63000488,4290540000,1075.63000488
2010-08-20,1075.63000488,1063.91003418,1075.63000488,1071.68994141,3761570000,1071.68994141
2010-08-23,1081.57995605,1067.07995605,1073.35998535,1067.35998535,3210950000,1067.35998535
2010-08-24,1063.19995117,1046.68005371,1063.19995117,1051.86999512,4436330000,1051.86999512
2010-08-25,1059.38000488,1039.82995605,1048.97998047,1055.32995605,4360190000,1055.32995605
2010-08-26,1061.44995117,1045.40002441,1056.2800293,1047.2199707,3646710000,1047.2199707
2010-08-27,1065.20996094,1039.69995117,1049.27001953,1064.58996582,4102460000,1064.58996582
2010-08-30,1064.40002441,1048.79003906,1062.90002441,1048.92004395,2917990000,1048.92004395
2010-08-31,1055.14001465,1040.88000488,1046.88000488,1049.32995605,4038770000,1049.32995605
2010-09-01,1081.30004883,1049.7199707,1049.7199707,1080.29003906,4396880000,1080.29003906
2010-09-02,1090.09997559,1080.39001465,1080.66003418,1090.09997559,3704210000,1090.09997559
2010-09-03,1105.09997559,1093.60998535,1093.60998535,1104.51000977,3534500000,1104.51000977
2010-09-07,1102.59997559,1091.15002441,1102.59997559,1091.83996582,3107380000,1091.83996582
2010-09-08,1103.26000977,1092.35998535,1092.35998535,1098.86999512,3224640000,1098.86999512
2010-09-09,1110.27001953,1101.15002441,1101.15002441,1104.18005371,3387770000,1104.18005371
2010-09-10,1110.88000488,1103.92004395,1104.56994629,1109.55004883,3061160000,1109.55004883
2010-09-13,1123.86999512,1113.38000488,1113.38000488,1121.90002441,4521050000,1121.90002441
2010-09-14,1127.35998535,1115.57995605,1121.16003418,1121.09997559,4521050000,1121.09997559
2010-09-15,1126.45996094,1114.63000488,1119.43005371,1125.06994629,3369840000,1125.06994629
2010-09-16,1125.43994141,1118.88000488,1123.89001465,1124.66003418,3364080000,1124.66003418
2010-09-17,1131.4699707,1122.43005371,1126.39001465,1125.58996582,4086140000,1125.58996582
2010-09-20,1144.85998535,1126.56994629,1126.56994629,1142.70996094,3364080000,1142.70996094
2010-09-21,1148.58996582,1136.2199707,1142.81994629,1139.7800293,4175660000,1139.7800293
2010-09-22,1144.38000488,1131.57995605,1139.48999023,1134.2800293,3911070000,1134.2800293
2010-09-23,1136.77001953,1122.79003906,1131.09997559,1124.82995605,3847850000,1124.82995605
2010-09-24,1148.90002441,1131.68994141,1131.68994141,1148.67004395,4123950000,1148.67004395
2010-09-27,1149.92004395,1142.0,1148.64001465,1142.16003418,3587860000,1142.16003418
2010-09-28,1150.0,1132.08996582,1142.31005859,1147.69995117,4025840000,1147.69995117
2010-09-29,1148.63000488,1140.26000977,1146.75,1144.72998047,3990280000,1144.72998047
2010-09-30,1157.16003418,1136.07995605,1145.9699707,1141.19995117,4284160000,1141.19995117
2010-10-01,1150.30004883,1139.42004395,1143.48999023,1146.23999023,4298910000,1146.23999023
2010-10-04,1148.16003418,1131.86999512,1144.95996094,1137.0300293,3604110000,1137.0300293
2010-10-05,1162.76000977,1140.68005371,1140.68005371,1160.75,4068840000,1160.75
2010-10-06,1162.32995605,1154.84997559,1159.81005859,1159.9699707,4073160000,1159.9699707
2010-10-07,1163.86999512,1151.41003418,1161.56994629,1158.06005859,3910550000,1158.06005859
2010-10-08,1167.72998047,1155.57995605,1158.35998535,1165.15002441,3871420000,1165.15002441
2010-10-11,1168.68005371,1162.02001953,1165.31994629,1165.31994629,2505900000,1165.31994629
2010-10-12,1172.57995605,1155.70996094,1164.2800293,1169.77001953,4076170000,1169.77001953
2010-10-13,1184.38000488,1171.31994629,1171.31994629,1178.09997559,4969410000,1178.09997559
2010-10-14,1178.89001465,1166.70996094,1177.81994629,1173.81005859,4969410000,1173.81005859
2010-10-15,1181.19995117,1167.11999512,1177.4699707,1176.18994141,5724910000,1176.18994141
2010-10-18,1185.5300293,1174.55004883,1176.82995605,1184.70996094,4450050000,1184.70996094
2010-10-19,1178.64001465,1159.70996094,1178.64001465,1165.90002441,5600120000,1165.90002441
2010-10-20,1182.93994141,1166.73999023,1166.73999023,1178.17004395,5027880000,1178.17004395
2010-10-21,1189.43005371,1171.17004395,1179.81994629,1180.26000977,4625470000,1180.26000977
2010-10-22,1183.93005371,1178.98999023,1180.52001953,1183.07995605,3177890000,1183.07995605
2010-10-25,1196.14001465,1184.73999023,1184.73999023,1185.61999512,4221380000,1185.61999512
2010-10-26,1187.10998535,1177.7199707,1184.88000488,1185.64001465,4203680000,1185.64001465
2010-10-27,1183.83996582,1171.69995117,1183.83996582,1182.44995117,4335670000,1182.44995117
2010-10-28,1189.5300293,1177.09997559,1184.4699707,1183.7800293,4283460000,1183.7800293
2010-10-29,1185.45996094,1179.69995117,1183.86999512,1183.26000977,3537880000,1183.26000977
2010-11-01,1195.81005859,1177.65002441,1185.70996094,1184.38000488,4129180000,1184.38000488
2010-11-02,1195.88000488,1187.85998535,1187.85998535,1193.56994629,3866200000,1193.56994629
2010-11-03,1198.30004883,1183.56005859,1193.79003906,1197.95996094,4665480000,1197.95996094
2010-11-04,1221.25,1198.33996582,1198.33996582,1221.06005859,5695470000,1221.06005859
2010-11-05,1227.07995605,1220.29003906,1221.19995117,1225.84997559,5637460000,1225.84997559
2010-11-08,1224.56994629,1217.55004883,1223.23999023,1223.25,3937230000,1223.25
2010-11-09,1226.83996582,1208.93994141,1223.58996582,1213.40002441,4848040000,1213.40002441
2010-11-10,1218.75,1204.32995605,1213.14001465,1218.70996094,4561300000,1218.70996094
2010-11-11,1215.44995117,1204.48999023,1213.04003906,1213.54003906,3931120000,1213.54003906
2010-11-12,1210.5,1194.07995605,1209.06994629,1199.20996094,4213620000,1199.20996094
2010-11-15,1207.43005371,1197.15002441,1200.43994141,1197.75,3503370000,1197.75
2010-11-16,1194.79003906,1173.0,1194.79003906,1178.33996582,5116380000,1178.33996582
2010-11-17,1183.56005859,1175.81994629,1178.32995605,1178.58996582,3904780000,1178.58996582
2010-11-18,1200.29003906,1183.75,1183.75,1196.68994141,4687260000,1196.68994141
2010-11-19,1199.9699707,1189.43994141,1196.11999512,1199.72998047,3675390000,1199.72998047
2010-11-22,1198.93994141,1184.57995605,1198.06994629,1197.83996582,3689500000,1197.83996582
2010-11-23,1192.51000977,1176.91003418,1192.51000977,1180.72998047,4133070000,1180.72998047
2010-11-24,1198.61999512,1183.69995117,1183.69995117,1198.34997559,3384250000,1198.34997559
2010-11-26,1194.16003418,1186.93005371,1194.16003418,1189.40002441,1613820000,1189.40002441
2010-11-29,1190.33996582,1173.64001465,1189.07995605,1187.76000977,3673450000,1187.76000977
2010-11-30,1187.40002441,1174.14001465,1182.95996094,1180.55004883,4284700000,1180.55004883
2010-12-01,1207.60998535,1186.59997559,1186.59997559,1206.06994629,4548110000,1206.06994629
2010-12-02,1221.89001465,1206.81005859,1206.81005859,1221.5300293,4970800000,1221.5300293
2010-12-03,1225.56994629,1216.81994629,1219.93005371,1224.70996094,3735780000,1224.70996094
2010-12-06,1225.80004883,1220.67004395,1223.86999512,1223.11999512,3527370000,1223.11999512
2010-12-07,1235.05004883,1223.25,1227.25,1223.75,6970630000,1223.75
2010-12-08,1228.93005371,1219.5,1225.02001953,1228.2800293,4607590000,1228.2800293
2010-12-09,1234.70996094,1226.84997559,1230.14001465,1233.0,4522510000,1233.0
2010-12-10,1240.40002441,1232.57995605,1233.84997559,1240.40002441,4547310000,1240.40002441
2010-12-13,1246.72998047,1240.33996582,1242.52001953,1240.45996094,4361240000,1240.45996094
2010-12-14,1246.58996582,1238.17004395,1241.83996582,1241.58996582,4132350000,1241.58996582
2010-12-15,1244.25,1234.01000977,1241.57995605,1235.22998047,4407340000,1235.22998047
2010-12-16,1243.75,1232.84997559,1236.33996582,1242.86999512,4736820000,1242.86999512
2010-12-17,1245.81005859,1239.86999512,1243.63000488,1243.91003418,4632470000,1243.91003418
2010-12-20,1250.19995117,1241.51000977,1245.76000977,1247.07995605,3548140000,1247.07995605
2010-12-21,1255.81994629,1249.43005371,1249.43005371,1254.59997559,3479670000,1254.59997559
2010-12-22,1259.39001465,1254.93994141,1254.93994141,1258.83996582,1285590000,1258.83996582
2010-12-23,1258.58996582,1254.05004883,1257.5300293,1256.77001953,2515020000,1256.77001953
2010-12-27,1258.43005371,1251.47998047,1254.66003418,1257.54003906,1992470000,1257.54003906
2010-12-28,1259.90002441,1256.2199707,1259.09997559,1258.51000977,2478450000,1258.51000977
2010-12-29,1262.59997559,1258.7800293,1258.7800293,1259.7800293,2214380000,1259.7800293
2010-12-30,1261.08996582,1256.31994629,1259.43994141,1257.88000488,1970720000,1257.88000488
2010-12-31,1259.33996582,1254.18994141,1256.76000977,1257.64001465,1799770000,1257.64001465
2011-01-03,1276.17004395,1257.61999512,1257.61999512,1271.86999512,4286670000,1271.86999512
2011-01-04,1274.11999512,1262.66003418,1272.94995117,1270.19995117,4796420000,1270.19995117
2011-01-05,1277.63000488,1265.35998535,1268.7800293,1276.56005859,4764920000,1276.56005859
2011-01-06,1278.17004395,1270.43005371,1276.29003906,1273.84997559,4844100000,1273.84997559
2011-01-07,1276.82995605,1261.69995117,1274.41003418,1271.5,4963110000,1271.5
2011-01-10,1271.52001953,1262.18005371,1270.83996582,1269.75,4036450000,1269.75
2011-01-11,1277.25,1269.61999512,1272.57995605,1274.47998047,4050750000,1274.47998047
2011-01-12,1286.86999512,1275.65002441,1275.65002441,1285.95996094,4226940000,1285.95996094
2011-01-13,1286.69995117,1280.4699707,1285.7800293,1283.76000977,4310840000,1283.76000977
2011-01-14,1293.23999023,1281.23999023,1282.90002441,1293.23999023,4661590000,1293.23999023
2011-01-18,1296.06005859,1290.16003418,1293.2199707,1295.02001953,5284990000,1295.02001953
2011-01-19,1294.59997559,1278.92004395,1294.52001953,1281.92004395,4743710000,1281.92004395
2011-01-20,1283.34997559,1271.26000977,1280.84997559,1280.26000977,4935320000,1280.26000977
2011-01-21,1291.20996094,1282.06994629,1283.63000488,1283.34997559,4935320000,1283.34997559
2011-01-24,1291.93005371,1282.4699707,1283.29003906,1290.83996582,3902470000,1290.83996582
2011-01-25,1291.26000977,1281.06994629,1288.17004395,1291.18005371,4595380000,1291.18005371
2011-01-26,1299.73999023,1291.9699707,1291.9699707,1296.63000488,4730980000,1296.63000488
2011-01-27,1301.29003906,1294.41003418,1297.51000977,1299.54003906,4309190000,1299.54003906
2011-01-28,1302.67004395,1275.09997559,1299.63000488,1276.33996582,5618630000,1276.33996582
2011-01-31,1287.17004395,1276.5,1276.5,1286.11999512,4167160000,1286.11999512
2011-02-01,1308.85998535,1289.14001465,1289.14001465,1307.58996582,5164500000,1307.58996582
2011-02-02,1307.60998535,1302.61999512,1305.91003418,1304.0300293,4098260000,1304.0300293
2011-02-03,1308.59997559,1294.82995605,1302.77001953,1307.09997559,4370990000,1307.09997559
2011-02-04,1311.0,1301.67004395,1307.01000977,1310.86999512,3925950000,1310.86999512
2011-02-07,1322.84997559,1311.84997559,1311.84997559,1319.05004883,3902270000,1319.05004883
2011-02-08,1324.86999512,1316.0300293,1318.76000977,1324.56994629,3881530000,1324.56994629
2011-02-09,1324.54003906,1314.89001465,1322.47998047,1320.88000488,3922240000,1320.88000488
2011-02-10,1322.7800293,1311.73999023,1318.13000488,1321.86999512,4184610000,1321.86999512
2011-02-11,1330.79003906,1316.07995605,1318.66003418,1329.15002441,4219300000,1329.15002441
2011-02-14,1332.95996094,1326.90002441,1328.72998047,1332.31994629,3567040000,1332.31994629
2011-02-15,1330.43005371,1324.60998535,1330.43005371,1328.01000977,3926860000,1328.01000977
2011-02-16,1337.60998535,1329.51000977,1329.51000977,1336.31994629,1966450000,1336.31994629
2011-02-17,1341.5,1331.0,1334.36999512,1340.43005371,1966450000,1340.43005371
2011-02-18,1344.06994629,1338.11999512,1340.38000488,1343.01000977,1162310000,1343.01000977
2011-02-22,1338.91003418,1312.32995605,1338.91003418,1315.43994141,1322780000,1315.43994141
2011-02-23,1317.91003418,1299.55004883,1315.43994141,1307.40002441,1330340000,1307.40002441
2011-02-24,1310.91003418,1294.26000977,1307.08996582,1306.09997559,1222900000,1306.09997559
2011-02-25,1320.60998535,1307.33996582,1307.33996582,1319.88000488,3836030000,1319.88000488
2011-02-28,1329.38000488,1320.55004883,1321.60998535,1327.2199707,1252850000,1327.2199707
2011-03-01,1332.08996582,1306.14001465,1328.64001465,1306.32995605,1180420000,1306.32995605
2011-03-02,1314.18994141,1302.57995605,1305.4699707,1308.43994141,1025000000,1308.43994141
2011-03-03,1332.2800293,1312.36999512,1312.36999512,1330.9699707,4340470000,1330.9699707
2011-03-04,1331.07995605,1312.58996582,1330.72998047,1321.15002441,4223740000,1321.15002441
2011-03-07,1327.68005371,1303.98999023,1322.7199707,1310.13000488,3964730000,1310.13000488
2011-03-08,1325.73999023,1306.85998535,1311.05004883,1321.81994629,4531420000,1321.81994629
2011-03-09,1323.20996094,1312.27001953,1319.92004395,1320.02001953,3709520000,1320.02001953
2011-03-10,1315.7199707,1294.20996094,1315.7199707,1295.10998535,4723020000,1295.10998535
2011-03-11,1308.34997559,1291.98999023,1293.43005371,1304.2800293,3740400000,1304.2800293
2011-03-14,1301.18994141,1286.36999512,1301.18994141,1296.39001465,4050370000,1296.39001465
2011-03-15,1288.45996094,1261.11999512,1288.45996094,1281.86999512,5201400000,1281.86999512
2011-03-16,1280.91003418,1249.05004883,1279.45996094,1256.88000488,5833000000,1256.88000488
2011-03-17,1278.88000488,1261.60998535,1261.60998535,1273.7199707,4134950000,1273.7199707
2011-03-18,1288.88000488,1276.18005371,1276.70996094,1279.20996094,4685500000,1279.20996094
2011-03-21,1300.57995605,1281.65002441,1281.65002441,1298.38000488,4223730000,1298.38000488
2011-03-22,1299.34997559,1292.69995117,1298.29003906,1293.77001953,3576550000,1293.77001953
2011-03-23,1300.51000977,1284.05004883,1292.18994141,1297.54003906,3842350000,1297.54003906
2011-03-24,1311.33996582,1297.73999023,1300.60998535,1309.66003418,4223740000,1309.66003418
2011-03-25,1319.18005371,1310.15002441,1311.80004883,1313.80004883,4223740000,1313.80004883
2011-03-28,1319.73999023,1310.18994141,1315.44995117,1310.18994141,3215170000,1310.18994141
2011-03-29,1319.44995117,1305.26000977,1309.36999512,1319.43994141,3482580000,1319.43994141
2011-03-30,1331.73999023,1321.89001465,1321.89001465,1328.26000977,3809570000,1328.26000977
2011-03-31,1329.77001953,1325.0300293,1327.43994141,1325.82995605,3566270000,1325.82995605
2011-04-01,1337.84997559,1328.89001465,1329.47998047,1332.41003418,4223740000,1332.41003418
2011-04-04,1336.73999023,1329.09997559,1333.56005859,1332.86999512,4223740000,1332.86999512
2011-04-05,1338.20996094,1330.0300293,1332.0300293,1332.63000488,3852280000,1332.63000488
2011-04-06,1339.38000488,1331.08996582,1335.93994141,1335.54003906,4223740000,1335.54003906
2011-04-07,1338.80004883,1326.56005859,1334.81994629,1333.51000977,4005600000,1333.51000977
2011-04-08,1339.45996094,1322.93994141,1336.16003418,1328.17004395,3582810000,1328.17004395
2011-04-11,1333.77001953,1321.06005859,1329.01000977,1324.45996094,3478970000,1324.45996094
2011-04-12,1321.95996094,1309.51000977,1321.95996094,1314.16003418,4275490000,1314.16003418
2011-04-13,1321.34997559,1309.18994141,1314.0300293,1314.41003418,3850860000,1314.41003418
2011-04-14,1316.79003906,1302.42004395,1311.13000488,1314.52001953,3872630000,1314.52001953
2011-04-15,1322.88000488,1313.68005371,1314.54003906,1319.68005371,4223740000,1319.68005371
2011-04-18,1313.34997559,1294.69995117,1313.34997559,1305.14001465,4223740000,1305.14001465
2011-04-19,1312.69995117,1303.9699707,1305.98999023,1312.61999512,3886300000,1312.61999512
2011-04-20,1332.66003418,1319.11999512,1319.11999512,1330.35998535,4236280000,1330.35998535
2011-04-21,1337.48999023,1332.82995605,1333.22998047,1337.38000488,3587240000,1337.38000488
2011-04-25,1337.55004883,1331.4699707,1337.14001465,1335.25,2142130000,1335.25
2011-04-26,1349.55004883,1336.75,1336.75,1347.23999023,3908060000,1347.23999023
2011-04-27,1357.48999023,1344.25,1348.43005371,1355.66003418,4051570000,1355.66003418
2011-04-28,1361.70996094,1353.59997559,1353.85998535,1360.47998047,4036820000,1360.47998047
2011-04-29,1364.56005859,1358.68994141,1360.14001465,1363.60998535,3479070000,1363.60998535
2011-05-02,1370.57995605,1358.58996582,1365.20996094,1361.2199707,3846250000,1361.2199707
2011-05-03,1360.83996582,1349.52001953,1359.76000977,1356.61999512,4223740000,1356.61999512
2011-05-04,1355.90002441,1341.5,1355.90002441,1347.31994629,4223740000,1347.31994629
2011-05-05,1348.0,1329.17004395,1344.16003418,1335.09997559,3846250000,1335.09997559
2011-05-06,1354.35998535,1335.57995605,1340.23999023,1340.19995117,4223740000,1340.19995117
2011-05-09,1349.43994141,1338.64001465,1340.19995117,1346.29003906,4265250000,1346.29003906
2011-05-10,1359.43994141,1348.33996582,1348.33996582,1357.16003418,4223740000,1357.16003418
2011-05-11,1354.51000977,1336.35998535,1354.51000977,1342.07995605,3846250000,1342.07995605
2011-05-12,1351.05004883,1332.0300293,1339.39001465,1348.65002441,3777210000,1348.65002441
2011-05-13,1350.4699707,1333.35998535,1348.68994141,1337.77001953,3426660000,1337.77001953
2011-05-16,1343.32995605,1327.31994629,1334.77001953,1329.4699707,3846250000,1329.4699707
2011-05-17,1330.42004395,1318.51000977,1326.09997559,1328.97998047,4053970000,1328.97998047
2011-05-18,1341.81994629,1326.58996582,1328.54003906,1340.68005371,3922030000,1340.68005371
2011-05-19,1346.81994629,1336.35998535,1342.40002441,1343.59997559,3626110000,1343.59997559
2011-05-20,1342.0,1330.67004395,1342.0,1333.27001953,4066020000,1333.27001953
2011-05-23,1333.06994629,1312.88000488,1333.06994629,1317.36999512,3255580000,1317.36999512
2011-05-24,1323.7199707,1313.86999512,1317.69995117,1316.2800293,3846250000,1316.2800293
2011-05-25,1325.85998535,1311.80004883,1316.35998535,1320.4699707,4109670000,1320.4699707
2011-05-26,1328.51000977,1314.41003418,1320.64001465,1325.68994141,3259470000,1325.68994141
2011-05-27,1334.61999512,1325.68994141,1325.68994141,1331.09997559,3124560000,1331.09997559
2011-05-31,1345.19995117,1331.09997559,1331.09997559,1345.19995117,4696240000,1345.19995117
2011-06-01,1345.19995117,1313.70996094,1345.19995117,1314.55004883,4241090000,1314.55004883
2011-06-02,1318.0300293,1305.60998535,1314.55004883,1312.93994141,3762170000,1312.93994141
2011-06-03,1312.93994141,1297.90002441,1312.93994141,1300.16003418,3505030000,1300.16003418
2011-06-06,1300.26000977,1284.7199707,1300.26000977,1286.17004395,3555980000,1286.17004395
2011-06-07,1296.2199707,1284.73999023,1286.31005859,1284.93994141,3846250000,1284.93994141
2011-06-08,1287.04003906,1277.42004395,1284.63000488,1279.56005859,3970810000,1279.56005859
2011-06-09,1294.54003906,1279.63000488,1279.63000488,1289.0,3332510000,1289.0
2011-06-10,1288.59997559,1268.2800293,1288.59997559,1270.97998047,3846250000,1270.97998047
2011-06-13,1277.04003906,1265.64001465,1271.31005859,1271.82995605,4132520000,1271.82995605
2011-06-14,1292.5,1272.2199707,1272.2199707,1287.86999512,3500280000,1287.86999512
2011-06-15,1287.86999512,1261.90002441,1287.86999512,1265.42004395,4070500000,1265.42004395
2011-06-16,1274.10998535,1258.06994629,1265.5300293,1267.64001465,3846250000,1267.64001465
2011-06-17,1279.81994629,1267.40002441,1268.57995605,1271.5,4916460000,1271.5
2011-06-20,1280.42004395,1267.56005859,1271.5,1278.35998535,3464660000,1278.35998535
2011-06-21,1297.61999512,1278.40002441,1278.40002441,1295.52001953,4056150000,1295.52001953
2011-06-22,1298.60998535,1286.79003906,1295.47998047,1287.14001465,3718420000,1287.14001465
2011-06-23,1286.59997559,1262.86999512,1286.59997559,1283.5,4983450000,1283.5
2011-06-24,1283.93005371,1267.23999023,1283.04003906,1268.44995117,3665340000,1268.44995117
2011-06-27,1284.91003418,1267.5300293,1268.43994141,1280.09997559,3479070000,1280.09997559
2011-06-28,1296.80004883,1280.20996094,1280.20996094,1296.67004395,3681500000,1296.67004395
2011-06-29,1309.20996094,1296.84997559,1296.84997559,1307.41003418,4347540000,1307.41003418
2011-06-30,1321.9699707,1307.64001465,1307.64001465,1320.64001465,4200500000,1320.64001465
2011-07-01,1341.01000977,1318.18005371,1320.64001465,1339.67004395,3796930000,1339.67004395
2011-07-05,1340.89001465,1334.30004883,1339.58996582,1337.88000488,3722320000,1337.88000488
2011-07-06,1340.93994141,1330.92004395,1337.56005859,1339.2199707,3564190000,1339.2199707
2011-07-07,1356.47998047,1339.61999512,1339.61999512,1353.2199707,4069530000,1353.2199707
2011-07-08,1352.39001465,1333.70996094,1352.39001465,1343.80004883,3594360000,1343.80004883
2011-07-11,1343.31005859,1316.42004395,1343.31005859,1319.48999023,3879130000,1319.48999023
2011-07-12,1327.17004395,1313.32995605,1319.60998535,1313.64001465,4227890000,1313.64001465
2011-07-13,1331.47998047,1314.44995117,1314.44995117,1317.7199707,4060080000,1317.7199707
2011-07-14,1326.88000488,1306.51000977,1317.73999023,1308.86999512,4358570000,1308.86999512
2011-07-15,1317.69995117,1307.52001953,1308.86999512,1316.14001465,4242760000,1316.14001465
2011-07-18,1315.93994141,1295.92004395,1315.93994141,1305.43994141,4118160000,1305.43994141
2011-07-19,1328.14001465,1307.06994629,1307.06994629,1326.72998047,4304600000,1326.72998047
2011-07-20,1330.43005371,1323.65002441,1328.66003418,1325.83996582,3767420000,1325.83996582
2011-07-21,1347.0,1325.65002441,1325.65002441,1343.80004883,4837430000,1343.80004883
2011-07-22,1346.09997559,1336.94995117,1343.80004883,1345.02001953,3522830000,1345.02001953
2011-07-25,1344.31994629,1331.08996582,1344.31994629,1337.43005371,3536890000,1337.43005371
2011-07-26,1338.51000977,1329.58996582,1337.39001465,1331.93994141,4007050000,1331.93994141
2011-07-27,1331.91003418,1303.48999023,1331.91003418,1304.89001465,3479040000,1304.89001465
2011-07-28,1316.31994629,1299.16003418,1304.83996582,1300.67004395,4951800000,1300.67004395
2011-07-29,1304.16003418,1282.85998535,1300.11999512,1292.2800293,5061190000,1292.2800293
2011-08-01,1307.38000488,1274.72998047,1292.58996582,1286.93994141,4967390000,1286.93994141
2011-08-02,1286.56005859,1254.0300293,1286.56005859,1254.05004883,5206290000,1254.05004883
2011-08-03,1261.19995117,1234.56005859,1254.25,1260.33996582,6446940000,1260.33996582
2011-08-04,1260.22998047,1199.54003906,1260.22998047,1200.06994629,4266530000,1200.06994629
2011-08-05,1218.10998535,1168.08996582,1200.2800293,1199.38000488,5454590000,1199.38000488
2011-08-08,1198.47998047,1119.2800293,1198.47998047,1119.45996094,2615150000,1119.45996094
2011-08-09,1172.88000488,1101.54003906,1120.22998047,1172.5300293,2366660000,1172.5300293
2011-08-10,1171.77001953,1118.01000977,1171.77001953,1120.76000977,5018070000,1120.76000977
2011-08-11,1186.29003906,1121.30004883,1121.30004883,1172.64001465,3685050000,1172.64001465
2011-08-12,1189.04003906,1170.73999023,1172.86999512,1178.81005859,5640380000,1178.81005859
2011-08-15,1204.48999023,1178.85998535,1178.85998535,1204.48999023,4272850000,1204.48999023
2011-08-16,1204.2199707,1180.5300293,1204.2199707,1192.76000977,5071600000,1192.76000977
2011-08-17,1208.4699707,1184.35998535,1192.89001465,1193.89001465,4388340000,1193.89001465
2011-08-18,1189.61999512,1131.0300293,1189.61999512,1140.65002441,3234810000,1140.65002441
2011-08-19,1154.54003906,1122.05004883,1140.4699707,1123.5300293,5167560000,1123.5300293
2011-08-22,1145.48999023,1121.08996582,1123.55004883,1123.81994629,5436260000,1123.81994629
2011-08-23,1162.34997559,1124.35998535,1124.35998535,1162.34997559,5013170000,1162.34997559
2011-08-24,1178.56005859,1156.30004883,1162.16003418,1177.59997559,5315310000,1177.59997559
2011-08-25,1190.68005371,1155.4699707,1176.68994141,1159.27001953,5748420000,1159.27001953
2011-08-26,1181.22998047,1135.91003418,1158.84997559,1176.80004883,5035320000,1176.80004883
2011-08-29,1210.2800293,1177.91003418,1177.91003418,1210.07995605,4228070000,1210.07995605
2011-08-30,1220.09997559,1195.77001953,1209.76000977,1212.92004395,4572570000,1212.92004395
2011-08-31,1230.70996094,1209.34997559,1213.0,1218.89001465,5267840000,1218.89001465
2011-09-01,1229.29003906,1203.84997559,1219.11999512,1204.42004395,4780410000,1204.42004395
2011-09-02,1203.90002441,1170.56005859,1203.90002441,1173.9699707,4401740000,1173.9699707
2011-09-06,1173.9699707,1140.13000488,1173.9699707,1165.23999023,5103980000,1165.23999023
2011-09-07,1198.61999512,1165.84997559,1165.84997559,1198.61999512,4441040000,1198.61999512
2011-09-08,1204.40002441,1183.33996582,1197.97998047,1185.90002441,4465170000,1185.90002441
2011-09-09,1185.36999512,1148.36999512,1185.36999512,1154.22998047,4586370000,1154.22998047
2011-09-12,1162.52001953,1136.06994629,1153.5,1162.27001953,5168550000,1162.27001953
2011-09-13,1176.41003418,1157.43994141,1162.58996582,1172.86999512,4681370000,1172.86999512
2011-09-14,1202.38000488,1162.72998047,1173.31994629,1188.68005371,4986740000,1188.68005371
2011-09-15,1209.10998535,1189.43994141,1189.43994141,1209.10998535,4479730000,1209.10998535
2011-09-16,1220.06005859,1204.45996094,1209.20996094,1216.01000977,5248890000,1216.01000977
2011-09-19,1214.98999023,1188.35998535,1214.98999023,1204.08996582,4254190000,1204.08996582
2011-09-20,1220.39001465,1201.29003906,1204.5,1202.08996582,4315610000,1202.08996582
2011-09-21,1206.30004883,1166.20996094,1203.63000488,1166.76000977,4728550000,1166.76000977
2011-09-22,1164.55004883,1114.2199707,1164.55004883,1129.56005859,6703140000,1129.56005859
2011-09-23,1141.7199707,1121.35998535,1128.81994629,1136.43005371,5639930000,1136.43005371
2011-09-26,1164.18994141,1131.06994629,1136.91003418,1162.94995117,4762830000,1162.94995117
2011-09-27,1195.85998535,1163.31994629,1163.31994629,1175.38000488,5548130000,1175.38000488
2011-09-28,1184.70996094,1150.40002441,1175.39001465,1151.06005859,4787920000,1151.06005859
2011-09-29,1175.86999512,1139.93005371,1151.73999023,1160.40002441,5285740000,1160.40002441
2011-09-30,1159.93005371,1131.33996582,1159.93005371,1131.42004395,4416790000,1131.42004395
2011-10-03,1138.98999023,1098.92004395,1131.20996094,1099.22998047,5670340000,1099.22998047
2011-10-04,1125.11999512,1074.77001953,1097.42004395,1123.94995117,3714670000,1123.94995117
2011-10-05,1146.06994629,1115.68005371,1124.0300293,1144.0300293,2510620000,1144.0300293
2011-10-06,1165.55004883,1134.94995117,1144.10998535,1164.9699707,5098330000,1164.9699707
2011-10-07,1171.40002441,1150.26000977,1165.0300293,1155.45996094,5580380000,1155.45996094
2011-10-10,1194.91003418,1158.15002441,1158.15002441,1194.89001465,4446800000,1194.89001465
2011-10-11,1199.23999023,1187.30004883,1194.59997559,1195.54003906,4424500000,1195.54003906
2011-10-12,1220.25,1196.18994141,1196.18994141,1207.25,5355360000,1207.25
2011-10-13,1207.45996094,1190.57995605,1206.95996094,1203.66003418,4436270000,1203.66003418
2011-10-14,1224.60998535,1205.65002441,1205.65002441,1224.57995605,4116690000,1224.57995605
2011-10-17,1224.4699707,1198.55004883,1224.4699707,1200.85998535,4300700000,1200.85998535
2011-10-18,1233.09997559,1191.47998047,1200.75,1225.38000488,4840170000,1225.38000488
2011-10-19,1229.64001465,1206.31005859,1223.45996094,1209.88000488,4846390000,1209.88000488
2011-10-20,1219.5300293,1197.33996582,1209.92004395,1215.39001465,4870290000,1215.39001465
2011-10-21,1239.0300293,1215.39001465,1215.39001465,1238.25,4980770000,1238.25
2011-10-24,1256.55004883,1238.7199707,1238.7199707,1254.18994141,4309380000,1254.18994141
2011-10-25,1254.18994141,1226.79003906,1254.18994141,1229.05004883,4473970000,1229.05004883
2011-10-26,1246.2800293,1221.06005859,1229.17004395,1242.0,4873530000,1242.0
2011-10-27,1292.66003418,1243.9699707,1243.9699707,1284.58996582,6367610000,1284.58996582
2011-10-28,1287.07995605,1277.01000977,1284.39001465,1285.08996582,4536690000,1285.08996582
2011-10-31,1284.95996094,1253.16003418,1284.95996094,1253.30004883,4310210000,1253.30004883
2011-11-01,1251.0,1215.42004395,1251.0,1218.2800293,5645540000,1218.2800293
2011-11-02,1242.47998047,1219.61999512,1219.61999512,1237.90002441,4110530000,1237.90002441
2011-11-03,1263.20996094,1234.81005859,1238.25,1261.15002441,4849140000,1261.15002441
2011-11-04,1260.81994629,1238.92004395,1260.81994629,1253.22998047,3830650000,1253.22998047
2011-11-07,1261.69995117,1240.75,1253.20996094,1261.11999512,3429740000,1261.11999512
2011-11-08,1277.55004883,1254.98999023,1261.11999512,1275.92004395,3908490000,1275.92004395
2011-11-09,1275.18005371,1226.64001465,1275.18005371,1229.09997559,4659740000,1229.09997559
2011-11-10,1246.2199707,1227.69995117,1229.58996582,1239.69995117,4002760000,1239.69995117
2011-11-11,1266.97998047,1240.11999512,1240.11999512,1263.84997559,3370180000,1263.84997559
2011-11-14,1263.84997559,1246.68005371,1263.84997559,1251.7800293,3219680000,1251.7800293
2011-11-15,1264.25,1244.33996582,1251.69995117,1257.81005859,3599300000,1257.81005859
2011-11-16,1259.60998535,1235.67004395,1257.81005859,1236.91003418,4085010000,1236.91003418
2011-11-17,1237.72998047,1209.43005371,1236.56005859,1216.13000488,4596450000,1216.13000488
2011-11-18,1223.51000977,1211.35998535,1216.18994141,1215.65002441,3827610000,1215.65002441
2011-11-21,1215.61999512,1183.16003418,1215.61999512,1192.97998047,4050070000,1192.97998047
2011-11-22,1196.81005859,1181.65002441,1192.97998047,1188.04003906,3911710000,1188.04003906
2011-11-23,1187.47998047,1161.79003906,1187.47998047,1161.79003906,3798940000,1161.79003906
2011-11-25,1172.66003418,1158.66003418,1161.41003418,1158.67004395,1664200000,1158.67004395
2011-11-28,1197.34997559,1158.67004395,1158.67004395,1192.55004883,3920750000,1192.55004883
2011-11-29,1203.67004395,1191.80004883,1192.56005859,1195.18994141,3992650000,1195.18994141
2011-11-30,1247.10998535,1196.7199707,1196.7199707,1246.95996094,5801910000,1246.95996094
2011-12-01,1251.08996582,1239.72998047,1246.91003418,1244.57995605,3818680000,1244.57995605
2011-12-02,1260.07995605,1243.34997559,1246.0300293,1244.2800293,4144310000,1244.2800293
2011-12-05,1266.72998047,1244.32995605,1244.32995605,1257.07995605,4148060000,1257.07995605
2011-12-06,1266.0300293,1253.0300293,1257.18994141,1258.4699707,3734230000,1258.4699707
2011-12-07,1267.06005859,1244.80004883,1258.14001465,1261.01000977,4160540000,1261.01000977
2011-12-08,1260.86999512,1231.4699707,1260.86999512,1234.34997559,4298370000,1234.34997559
2011-12-09,1258.25,1234.47998047,1234.47998047,1255.18994141,3830610000,1255.18994141
2011-12-12,1255.05004883,1227.25,1255.05004883,1236.4699707,3600570000,1236.4699707
2011-12-13,1249.85998535,1219.43005371,1236.82995605,1225.72998047,4121570000,1225.72998047
2011-12-14,1225.72998047,1209.4699707,1225.72998047,1211.81994629,4298290000,1211.81994629
2011-12-15,1225.59997559,1212.11999512,1212.11999512,1215.75,3810340000,1215.75
2011-12-16,1231.04003906,1215.19995117,1216.08996582,1219.66003418,5345800000,1219.66003418
2011-12-19,1224.56994629,1202.36999512,1219.73999023,1205.34997559,3659820000,1205.34997559
2011-12-20,1242.81994629,1205.7199707,1205.7199707,1241.30004883,4055590000,1241.30004883
2011-12-21,1245.08996582,1229.51000977,1241.25,1243.7199707,2959020000,1243.7199707
2011-12-22,1255.2199707,1243.7199707,1243.7199707,1254.0,3492250000,1254.0
2011-12-23,1265.42004395,1254.0,1254.0,1265.32995605,2233830000,1265.32995605
2011-12-27,1269.36999512,1262.30004883,1265.02001953,1265.43005371,2130590000,1265.43005371
2011-12-28,1265.84997559,1248.64001465,1265.38000488,1249.64001465,2349980000,1249.64001465
2011-12-29,1263.54003906,1249.75,1249.75,1263.02001953,2278130000,1263.02001953
2011-12-30,1264.11999512,1257.45996094,1262.81994629,1257.59997559,2271850000,1257.59997559
2012-01-03,1284.61999512,1258.85998535,1258.85998535,1277.06005859,3943710000,1277.06005859
2012-01-04,1278.72998047,1268.09997559,1277.0300293,1277.30004883,3592580000,1277.30004883
2012-01-05,1283.05004883,1265.26000977,1277.30004883,1281.06005859,4315950000,1281.06005859
2012-01-06,1281.83996582,1273.33996582,1280.93005371,1277.81005859,3656830000,1277.81005859
2012-01-09,1281.98999023,1274.55004883,1277.82995605,1280.69995117,3371600000,1280.69995117
2012-01-10,1296.45996094,1280.77001953,1280.77001953,1292.07995605,4221960000,1292.07995605
2012-01-11,1293.80004883,1285.41003418,1292.02001953,1292.47998047,3968120000,1292.47998047
2012-01-12,1296.81994629,1285.77001953,1292.47998047,1295.5,4019890000,1295.5
2012-01-13,1294.81994629,1277.57995605,1294.81994629,1289.08996582,3692370000,1289.08996582
2012-01-17,1303.0,1290.2199707,1290.2199707,1293.67004395,4010490000,1293.67004395
2012-01-18,1308.10998535,1290.98999023,1293.65002441,1308.04003906,4096160000,1308.04003906
2012-01-19,1315.48999023,1308.06994629,1308.06994629,1314.5,4465890000,1314.5
2012-01-20,1315.38000488,1309.17004395,1314.48999023,1315.38000488,3912620000,1315.38000488
2012-01-23,1322.2800293,1309.89001465,1315.29003906,1316.0,3770910000,1316.0
2012-01-24,1315.95996094,1306.06005859,1315.95996094,1314.65002441,3693560000,1314.65002441
2012-01-25,1328.30004883,1307.65002441,1314.40002441,1326.06005859,4410910000,1326.06005859
2012-01-26,1333.4699707,1313.59997559,1326.2800293,1318.43005371,4522070000,1318.43005371
2012-01-27,1320.06005859,1311.7199707,1318.25,1316.32995605,4007380000,1316.32995605
2012-01-30,1316.16003418,1300.48999023,1316.16003418,1313.01000977,3659010000,1313.01000977
2012-01-31,1321.41003418,1306.68994141,1313.5300293,1312.41003418,4235550000,1312.41003418
2012-02-01,1330.52001953,1312.44995117,1312.44995117,1324.08996582,4504360000,1324.08996582
2012-02-02,1329.18994141,1321.56994629,1324.23999023,1325.54003906,4120920000,1325.54003906
2012-02-03,1345.33996582,1326.20996094,1326.20996094,1344.90002441,4608550000,1344.90002441
2012-02-06,1344.35998535,1337.52001953,1344.31994629,1344.32995605,3379700000,1344.32995605
2012-02-07,1349.23999023,1335.92004395,1344.32995605,1347.05004883,3742460000,1347.05004883
2012-02-08,1351.0,1341.94995117,1347.04003906,1349.95996094,4096730000,1349.95996094
2012-02-09,1354.31994629,1344.63000488,1349.9699707,1351.94995117,4209890000,1351.94995117
2012-02-10,1351.20996094,1337.34997559,1351.20996094,1342.64001465,3877580000,1342.64001465
2012-02-13,1353.34997559,1343.06005859,1343.06005859,1351.77001953,3618040000,1351.77001953
2012-02-14,1351.30004883,1340.82995605,1351.30004883,1350.5,3889520000,1350.5
2012-02-15,1355.86999512,1340.80004883,1350.52001953,1343.22998047,4080340000,1343.22998047
2012-02-16,1359.02001953,1341.2199707,1342.60998535,1358.04003906,4108880000,1358.04003906
2012-02-17,1363.40002441,1357.23999023,1358.06005859,1361.22998047,3717640000,1361.22998047
2012-02-21,1367.76000977,1358.10998535,1361.2199707,1362.20996094,3795200000,1362.20996094
2012-02-22,1362.69995117,1355.5300293,1362.10998535,1357.66003418,3633710000,1357.66003418
2012-02-23,1364.23999023,1352.2800293,1357.5300293,1363.45996094,3786450000,1363.45996094
2012-02-24,1368.92004395,1363.45996094,1363.45996094,1365.73999023,3505360000,1365.73999023
2012-02-27,1371.93994141,1354.92004395,1365.19995117,1367.58996582,3648890000,1367.58996582
2012-02-28,1373.08996582,1365.9699707,1367.56005859,1372.18005371,3579120000,1372.18005371
2012-02-29,1378.04003906,1363.81005859,1372.19995117,1365.68005371,4482370000,1365.68005371
2012-03-01,1376.17004395,1365.90002441,1365.90002441,1374.08996582,3919240000,1374.08996582
2012-03-02,1374.5300293,1366.42004395,1374.08996582,1369.63000488,3283490000,1369.63000488
2012-03-05,1369.58996582,1359.13000488,1369.58996582,1364.32995605,3429480000,1364.32995605
2012-03-06,1363.63000488,1340.0300293,1363.63000488,1343.35998535,4191060000,1343.35998535
2012-03-07,1354.84997559,1343.39001465,1343.39001465,1352.63000488,3580380000,1352.63000488
2012-03-08,1368.7199707,1352.65002441,1352.65002441,1365.91003418,3543060000,1365.91003418
2012-03-09,1374.76000977,1365.9699707,1365.9699707,1370.86999512,3639470000,1370.86999512
2012-03-12,1373.04003906,1366.68994141,1370.7800293,1371.08996582,3081870000,1371.08996582
2012-03-13,1396.13000488,1371.92004395,1371.92004395,1395.94995117,4386470000,1395.94995117
2012-03-14,1399.42004395,1389.9699707,1395.94995117,1394.2800293,4502280000,1394.2800293
2012-03-15,1402.63000488,1392.7800293,1394.17004395,1402.59997559,4271650000,1402.59997559
2012-03-16,1405.88000488,1401.4699707,1402.55004883,1404.17004395,5163950000,1404.17004395
2012-03-19,1414.0,1402.43005371,1404.17004395,1409.75,3932570000,1409.75
2012-03-20,1409.58996582,1397.68005371,1409.58996582,1405.52001953,3695280000,1405.52001953
2012-03-21,1407.75,1400.64001465,1405.52001953,1402.89001465,3573590000,1402.89001465
2012-03-22,1402.89001465,1388.72998047,1402.89001465,1392.7800293,3740590000,1392.7800293
2012-03-23,1399.18005371,1386.86999512,1392.7800293,1397.10998535,3472950000,1397.10998535
2012-03-26,1416.57995605,1397.10998535,1397.10998535,1416.51000977,3576950000,1416.51000977
2012-03-27,1419.15002441,1411.94995117,1416.55004883,1412.52001953,3513640000,1412.52001953
2012-03-28,1413.65002441,1397.19995117,1412.52001953,1405.54003906,3892800000,1405.54003906
2012-03-29,1405.39001465,1391.56005859,1405.39001465,1403.2800293,3832000000,1403.2800293
2012-03-30,1410.89001465,1401.42004395,1403.31005859,1408.4699707,3676890000,1408.4699707
2012-04-02,1422.38000488,1404.45996094,1408.4699707,1419.04003906,3572010000,1419.04003906
2012-04-03,1419.0,1404.61999512,1418.97998047,1413.38000488,3822090000,1413.38000488
2012-04-04,1413.08996582,1394.08996582,1413.08996582,1398.95996094,3938290000,1398.95996094
2012-04-05,1401.59997559,1392.92004395,1398.79003906,1398.07995605,3303740000,1398.07995605
2012-04-09,1397.44995117,1378.23999023,1397.44995117,1382.19995117,3468980000,1382.19995117
2012-04-10,1383.01000977,1357.38000488,1382.18005371,1358.58996582,4631730000,1358.58996582
2012-04-11,1374.70996094,1358.97998047,1358.97998047,1368.70996094,3743040000,1368.70996094
2012-04-12,1388.13000488,1368.77001953,1368.77001953,1387.56994629,3618280000,1387.56994629
2012-04-13,1387.60998535,1369.84997559,1387.60998535,1370.26000977,3631160000,1370.26000977
2012-04-16,1379.66003418,1365.38000488,1370.27001953,1369.56994629,3574780000,1369.56994629
2012-04-17,1392.76000977,1369.56994629,1369.56994629,1390.7800293,3456200000,1390.7800293
2012-04-18,1390.7800293,1383.29003906,1390.7800293,1385.14001465,3463140000,1385.14001465
2012-04-19,1390.45996094,1370.30004883,1385.07995605,1376.92004395,4180020000,1376.92004395
2012-04-20,1387.40002441,1376.95996094,1376.95996094,1378.5300293,3833320000,1378.5300293
2012-04-23,1378.5300293,1358.79003906,1378.5300293,1366.93994141,3654860000,1366.93994141
2012-04-24,1375.56994629,1366.81994629,1366.9699707,1371.9699707,3617100000,1371.9699707
2012-04-25,1391.36999512,1372.10998535,1372.10998535,1390.68994141,3998430000,1390.68994141
2012-04-26,1402.08996582,1387.2800293,1390.64001465,1399.97998047,4034700000,1399.97998047
2012-04-27,1406.64001465,1397.31005859,1400.18994141,1403.35998535,3645830000,1403.35998535
2012-04-30,1403.26000977,1394.0,1403.26000977,1397.91003418,3574010000,1397.91003418
2012-05-01,1415.31994629,1395.72998047,1397.85998535,1405.81994629,3807950000,1405.81994629
2012-05-02,1405.5,1393.92004395,1405.5,1402.31005859,3803860000,1402.31005859
2012-05-03,1403.06994629,1388.70996094,1402.31994629,1391.56994629,4004910000,1391.56994629
2012-05-04,1391.51000977,1367.95996094,1391.51000977,1369.09997559,3975140000,1369.09997559
2012-05-07,1373.91003418,1363.93994141,1368.79003906,1369.57995605,3559390000,1369.57995605
2012-05-08,1369.16003418,1347.75,1369.16003418,1363.7199707,4261670000,1363.7199707
2012-05-09,1363.72998047,1343.13000488,1363.19995117,1354.57995605,4288540000,1354.57995605
2012-05-10,1365.88000488,1354.57995605,1354.57995605,1357.98999023,3727990000,1357.98999023
2012-05-11,1365.66003418,1348.89001465,1358.10998535,1353.39001465,3869070000,1353.39001465
2012-05-14,1351.93005371,1336.60998535,1351.93005371,1338.34997559,3688120000,1338.34997559
2012-05-15,1344.93994141,1328.41003418,1338.35998535,1330.66003418,4114040000,1330.66003418
2012-05-16,1341.7800293,1324.79003906,1330.7800293,1324.80004883,4280420000,1324.80004883
2012-05-17,1326.35998535,1304.85998535,1324.81994629,1304.85998535,4664280000,1304.85998535
2012-05-18,1312.23999023,1291.97998047,1305.05004883,1295.2199707,4512470000,1295.2199707
2012-05-21,1316.39001465,1295.72998047,1295.72998047,1315.98999023,3786750000,1315.98999023
2012-05-22,1328.48999023,1310.04003906,1316.08996582,1316.63000488,4123680000,1316.63000488
2012-05-23,1320.70996094,1296.5300293,1316.02001953,1318.85998535,4108330000,1318.85998535
2012-05-24,1324.14001465,1310.5,1318.7199707,1320.68005371,3937670000,1320.68005371
2012-05-25,1324.19995117,1314.22998047,1320.81005859,1317.81994629,2872660000,1317.81994629
2012-05-29,1334.93005371,1318.90002441,1318.90002441,1332.42004395,3441640000,1332.42004395
2012-05-30,1331.25,1310.76000977,1331.25,1313.31994629,3534290000,1313.31994629
2012-05-31,1319.73999023,1298.90002441,1313.08996582,1310.32995605,4557620000,1310.32995605
2012-06-01,1309.86999512,1277.25,1309.86999512,1278.04003906,4669350000,1278.04003906
2012-06-04,1282.55004883,1266.73999023,1278.29003906,1278.18005371,4011960000,1278.18005371
2012-06-05,1287.61999512,1274.16003418,1277.81994629,1285.5,3403230000,1285.5
2012-06-06,1315.13000488,1285.60998535,1285.60998535,1315.13000488,4268360000,1315.13000488
2012-06-07,1329.05004883,1312.68005371,1316.15002441,1314.98999023,4258140000,1314.98999023
2012-06-08,1325.81005859,1307.77001953,1314.98999023,1325.66003418,3497190000,1325.66003418
2012-06-11,1335.52001953,1307.72998047,1325.7199707,1308.93005371,3537530000,1308.93005371
2012-06-12,1324.31005859,1306.61999512,1309.40002441,1324.18005371,3442920000,1324.18005371
2012-06-13,1327.2800293,1310.51000977,1324.02001953,1314.88000488,3506510000,1314.88000488
2012-06-14,1333.68005371,1314.14001465,1314.88000488,1329.09997559,3687720000,1329.09997559
2012-06-15,1343.31994629,1329.18994141,1329.18994141,1342.83996582,4401570000,1342.83996582
2012-06-18,1348.2199707,1334.45996094,1342.42004395,1344.7800293,3259430000,1344.7800293
2012-06-19,1363.45996094,1344.82995605,1344.82995605,1357.97998047,3815350000,1357.97998047
2012-06-20,1361.56994629,1346.44995117,1358.04003906,1355.68994141,3695700000,1355.68994141
2012-06-21,1358.27001953,1324.41003418,1355.43005371,1325.51000977,4094470000,1325.51000977
2012-06-22,1337.81994629,1325.92004395,1325.92004395,1335.02001953,5271490000,1335.02001953
2012-06-25,1334.90002441,1309.27001953,1334.90002441,1313.7199707,3501820000,1313.7199707
2012-06-26,1324.23999023,1310.30004883,1314.08996582,1319.98999023,3412940000,1319.98999023
2012-06-27,1334.40002441,1320.70996094,1320.70996094,1331.84997559,3286910000,1331.84997559
2012-06-28,1331.52001953,1313.29003906,1331.52001953,1329.04003906,3969370000,1329.04003906
2012-06-29,1362.17004395,1330.11999512,1330.11999512,1362.16003418,4590480000,1362.16003418
2012-07-02,1366.34997559,1355.69995117,1362.32995605,1365.51000977,3301650000,1365.51000977
2012-07-03,1374.81005859,1363.5300293,1365.75,1374.02001953,2116390000,1374.02001953
2012-07-05,1373.84997559,1363.02001953,1373.7199707,1367.57995605,3041520000,1367.57995605
2012-07-06,1367.08996582,1348.0300293,1367.08996582,1354.68005371,2745140000,1354.68005371
2012-07-09,1354.86999512,1346.65002441,1354.66003418,1352.45996094,2904860000,1352.45996094
2012-07-10,1361.54003906,1336.27001953,1352.95996094,1341.4699707,3470600000,1341.4699707
2012-07-11,1345.0,1333.25,1341.40002441,1341.44995117,3426290000,1341.44995117
2012-07-12,1341.29003906,1325.41003418,1341.29003906,1334.76000977,3654440000,1334.76000977
2012-07-13,1357.69995117,1334.81005859,1334.81005859,1356.7800293,3212930000,1356.7800293
2012-07-16,1357.26000977,1348.51000977,1356.5,1353.64001465,2862720000,1353.64001465
2012-07-17,1365.35998535,1345.06994629,1353.68005371,1363.67004395,3566680000,1363.67004395
2012-07-18,1375.26000977,1358.95996094,1363.57995605,1372.7800293,3642630000,1372.7800293
2012-07-19,1380.39001465,1371.20996094,1373.01000977,1376.51000977,4043360000,1376.51000977
2012-07-20,1376.51000977,1362.18994141,1376.51000977,1362.66003418,3925020000,1362.66003418
2012-07-23,1362.33996582,1337.56005859,1362.33996582,1350.52001953,3717180000,1350.52001953
2012-07-24,1351.5300293,1329.23999023,1350.52001953,1338.31005859,3891290000,1338.31005859
2012-07-25,1343.97998047,1331.5,1338.34997559,1337.89001465,3719170000,1337.89001465
2012-07-26,1363.13000488,1338.17004395,1338.17004395,1360.02001953,4429300000,1360.02001953
2012-07-27,1389.18994141,1360.05004883,1360.05004883,1385.9699707,4399010000,1385.9699707
2012-07-30,1391.73999023,1381.36999512,1385.93994141,1385.30004883,3212060000,1385.30004883
2012-07-31,1387.16003418,1379.17004395,1385.27001953,1379.31994629,3821570000,1379.31994629
2012-08-01,1385.0300293,1373.34997559,1379.31994629,1375.31994629,4440920000,1375.31994629
2012-08-02,1375.13000488,1354.65002441,1375.13000488,1365.0,4193740000,1365.0
2012-08-03,1394.16003418,1365.44995117,1365.44995117,1390.98999023,3751170000,1390.98999023
2012-08-06,1399.63000488,1391.04003906,1391.04003906,1394.22998047,3122050000,1394.22998047
2012-08-07,1407.14001465,1394.45996094,1394.45996094,1401.34997559,3682490000,1401.34997559
2012-08-08,1404.14001465,1396.13000488,1401.22998047,1402.2199707,3221790000,1402.2199707
2012-08-09,1405.94995117,1398.80004883,1402.26000977,1402.80004883,3119610000,1402.80004883
2012-08-10,1405.97998047,1395.61999512,1402.57995605,1405.86999512,2767980000,1405.86999512
2012-08-13,1405.86999512,1397.31994629,1405.86999512,1404.10998535,2499990000,1404.10998535
2012-08-14,1410.0300293,1400.59997559,1404.35998535,1403.93005371,2930900000,1403.93005371
2012-08-15,1407.72998047,1401.82995605,1403.89001465,1405.5300293,2655750000,1405.5300293
2012-08-16,1417.43994141,1404.15002441,1405.56994629,1415.51000977,3114100000,1415.51000977
2012-08-17,1418.70996094,1414.67004395,1415.83996582,1418.16003418,2922990000,1418.16003418
2012-08-20,1418.13000488,1412.11999512,1417.84997559,1418.13000488,2766320000,1418.13000488
2012-08-21,1426.68005371,1410.85998535,1418.13000488,1413.17004395,3282950000,1413.17004395
2012-08-22,1416.11999512,1406.7800293,1413.08996582,1413.48999023,3062690000,1413.48999023
2012-08-23,1413.48999023,1400.5,1413.48999023,1402.07995605,3008240000,1402.07995605
2012-08-24,1413.45996094,1398.04003906,1401.98999023,1411.13000488,2598790000,1411.13000488
2012-08-27,1416.17004395,1409.10998535,1411.13000488,1410.43994141,2472500000,1410.43994141
2012-08-28,1413.63000488,1405.58996582,1410.43994141,1409.30004883,2629090000,1409.30004883
2012-08-29,1413.94995117,1406.56994629,1409.31994629,1410.48999023,2571220000,1410.48999023
2012-08-30,1410.07995605,1397.01000977,1410.07995605,1399.47998047,2530280000,1399.47998047
2012-08-31,1413.08996582,1398.95996094,1400.06994629,1406.57995605,2938250000,1406.57995605
2012-09-04,1409.31005859,1396.56005859,1406.54003906,1404.93994141,3200310000,1404.93994141
2012-09-05,1408.81005859,1401.25,1404.93994141,1403.43994141,3389110000,1403.43994141
2012-09-06,1432.11999512,1403.73999023,1403.73999023,1432.11999512,3952870000,1432.11999512
2012-09-07,1437.92004395,1431.44995117,1432.11999512,1437.92004395,3717620000,1437.92004395
2012-09-10,1438.73999023,1428.97998047,1437.92004395,1429.07995605,3223670000,1429.07995605
2012-09-11,1437.76000977,1429.13000488,1429.13000488,1433.56005859,3509630000,1433.56005859
2012-09-12,1439.15002441,1432.98999023,1433.56005859,1436.56005859,3641200000,1436.56005859
2012-09-13,1463.76000977,1435.33996582,1436.56005859,1459.98999023,4606550000,1459.98999023
2012-09-14,1474.51000977,1460.06994629,1460.06994629,1465.77001953,5041990000,1465.77001953
2012-09-17,1465.63000488,1457.55004883,1465.42004395,1461.18994141,3482430000,1461.18994141
2012-09-18,1461.4699707,1456.13000488,1461.18994141,1459.31994629,3377390000,1459.31994629
2012-09-19,1465.15002441,1457.88000488,1459.5,1461.05004883,3451360000,1461.05004883
2012-09-20,1461.22998047,1449.97998047,1461.05004883,1460.26000977,3382520000,1460.26000977
2012-09-21,1467.06994629,1459.51000977,1460.33996582,1460.15002441,4833870000,1460.15002441
2012-09-24,1460.7199707,1452.06005859,1459.76000977,1456.89001465,3008920000,1456.89001465
2012-09-25,1463.23999023,1441.58996582,1456.93994141,1441.58996582,3739900000,1441.58996582
2012-09-26,1441.59997559,1430.5300293,1441.59997559,1433.31994629,3565380000,1433.31994629
2012-09-27,1450.19995117,1433.35998535,1433.35998535,1447.15002441,3150330000,1447.15002441
2012-09-28,1447.13000488,1435.59997559,1447.13000488,1440.67004395,3509230000,1440.67004395
2012-10-01,1457.14001465,1440.90002441,1440.90002441,1444.48999023,3505080000,1444.48999023
2012-10-02,1451.52001953,1439.01000977,1444.98999023,1445.75,3321790000,1445.75
2012-10-03,1454.30004883,1441.98999023,1446.05004883,1450.98999023,3531640000,1450.98999023
2012-10-04,1463.14001465,1451.07995605,1451.07995605,1461.40002441,3615860000,1461.40002441
2012-10-05,1470.95996094,1456.89001465,1461.40002441,1460.93005371,3172940000,1460.93005371
2012-10-08,1460.93005371,1453.09997559,1460.93005371,1455.88000488,2328720000,1455.88000488
2012-10-09,1455.90002441,1441.18005371,1455.90002441,1441.47998047,3216320000,1441.47998047
2012-10-10,1442.52001953,1430.64001465,1441.47998047,1432.56005859,3225060000,1432.56005859
2012-10-11,1443.90002441,1432.81994629,1432.81994629,1432.83996582,3672540000,1432.83996582
2012-10-12,1438.43005371,1425.5300293,1432.83996582,1428.58996582,3134750000,1428.58996582
2012-10-15,1441.31005859,1427.23999023,1428.75,1440.13000488,3483810000,1440.13000488
2012-10-16,1455.51000977,1440.31005859,1440.31005859,1454.92004395,3568770000,1454.92004395
2012-10-17,1462.19995117,1453.34997559,1454.2199707,1460.91003418,3655320000,1460.91003418
2012-10-18,1464.02001953,1452.63000488,1460.93994141,1457.33996582,3880030000,1457.33996582
2012-10-19,1457.33996582,1429.84997559,1457.33996582,1433.18994141,3875170000,1433.18994141
2012-10-22,1435.45996094,1422.06005859,1433.20996094,1433.81994629,3216220000,1433.81994629
2012-10-23,1433.73999023,1407.56005859,1433.73999023,1413.10998535,3587670000,1413.10998535
2012-10-24,1420.04003906,1407.09997559,1413.19995117,1408.75,3385970000,1408.75
2012-10-25,1421.11999512,1405.14001465,1409.73999023,1412.9699707,3512640000,1412.9699707
2012-10-26,1417.08996582,1403.2800293,1412.9699707,1411.93994141,3284910000,1411.93994141
2012-10-31,1418.76000977,1405.94995117,1410.98999023,1412.16003418,3577110000,1412.16003418
2012-11-01,1428.34997559,1412.19995117,1412.19995117,1427.58996582,3929890000,1427.58996582
2012-11-02,1434.27001953,1412.91003418,1427.58996582,1414.19995117,3732480000,1414.19995117
2012-11-05,1419.90002441,1408.13000488,1414.02001953,1417.26000977,2921040000,1417.26000977
2012-11-06,1433.38000488,1417.26000977,1417.26000977,1428.39001465,3306970000,1428.39001465
2012-11-07,1428.27001953,1388.14001465,1428.27001953,1394.5300293,4356490000,1394.5300293
2012-11-08,1401.22998047,1377.51000977,1394.5300293,1377.51000977,3779520000,1377.51000977
2012-11-09,1391.39001465,1373.0300293,1377.55004883,1379.84997559,3647350000,1379.84997559
2012-11-12,1384.86999512,1377.18994141,1379.85998535,1380.0300293,2567540000,1380.0300293
2012-11-13,1388.81005859,1371.39001465,1380.0300293,1374.5300293,3455550000,1374.5300293
2012-11-14,1380.13000488,1352.5,1374.64001465,1355.48999023,4109510000,1355.48999023
2012-11-15,1360.61999512,1348.05004883,1355.41003418,1353.32995605,3928870000,1353.32995605
2012-11-16,1362.0300293,1343.34997559,1353.35998535,1359.88000488,4045910000,1359.88000488
2012-11-19,1386.89001465,1359.88000488,1359.88000488,1386.89001465,3374800000,1386.89001465
2012-11-20,1389.77001953,1377.04003906,1386.81994629,1387.81005859,3207160000,1387.81005859
2012-11-21,1391.25,1386.39001465,1387.79003906,1391.0300293,2667090000,1391.0300293
2012-11-23,1409.16003418,1391.0300293,1391.0300293,1409.15002441,1504960000,1409.15002441
2012-11-26,1409.15002441,1397.68005371,1409.15002441,1406.29003906,2948960000,1406.29003906
2012-11-27,1409.01000977,1398.0300293,1406.29003906,1398.93994141,3323120000,1398.93994141
2012-11-28,1410.31005859,1385.43005371,1398.77001953,1409.93005371,3359250000,1409.93005371
2012-11-29,1419.69995117,1409.04003906,1409.95996094,1415.94995117,3356850000,1415.94995117
2012-11-30,1418.85998535,1411.63000488,1415.94995117,1416.18005371,3966000000,1416.18005371
2012-12-03,1423.72998047,1408.45996094,1416.33996582,1409.45996094,3074280000,1409.45996094
2012-12-04,1413.14001465,1403.65002441,1409.45996094,1407.05004883,3247710000,1407.05004883
2012-12-05,1415.56005859,1398.22998047,1407.05004883,1409.2800293,4253920000,1409.2800293
2012-12-06,1413.94995117,1405.93005371,1409.43005371,1413.93994141,3229700000,1413.93994141
2012-12-07,1420.33996582,1410.90002441,1413.94995117,1418.06994629,3125160000,1418.06994629
2012-12-10,1421.64001465,1415.64001465,1418.06994629,1418.55004883,2999430000,1418.55004883
2012-12-11,1434.27001953,1418.55004883,1418.55004883,1427.83996582,3650230000,1427.83996582
2012-12-12,1438.58996582,1426.76000977,1427.83996582,1428.47998047,3709050000,1428.47998047
2012-12-13,1431.35998535,1416.0,1428.47998047,1419.44995117,3349960000,1419.44995117
2012-12-14,1419.44995117,1411.88000488,1419.44995117,1413.57995605,3210170000,1413.57995605
2012-12-17,1430.67004395,1413.54003906,1413.54003906,1430.35998535,3455610000,1430.35998535
2012-12-18,1448.0,1430.4699707,1430.4699707,1446.79003906,4302240000,1446.79003906
2012-12-19,1447.75,1435.80004883,1446.79003906,1435.81005859,3869800000,1435.81005859
2012-12-20,1443.69995117,1432.81994629,1435.81005859,1443.68994141,3686580000,1443.68994141
2012-12-21,1443.67004395,1422.57995605,1443.67004395,1430.15002441,5229160000,1430.15002441
2012-12-24,1430.15002441,1424.66003418,1430.15002441,1426.66003418,1248960000,1426.66003418
2012-12-26,1429.42004395,1416.43005371,1426.66003418,1419.82995605,2285030000,1419.82995605
2012-12-27,1422.80004883,1401.80004883,1419.82995605,1418.09997559,2830180000,1418.09997559
2012-12-28,1418.09997559,1401.57995605,1418.09997559,1402.43005371,2426680000,1402.43005371
2012-12-31,1426.73999023,1398.10998535,1402.43005371,1426.18994141,3204330000,1426.18994141
2013-01-02,1462.43005371,1426.18994141,1426.18994141,1462.42004395,4202600000,1462.42004395
2013-01-03,1465.4699707,1455.5300293,1462.42004395,1459.36999512,3829730000,1459.36999512
2013-01-04,1467.93994141,1458.98999023,1459.36999512,1466.4699707,3424290000,1466.4699707
2013-01-07,1466.4699707,1456.61999512,1466.4699707,1461.89001465,3304970000,1461.89001465
2013-01-08,1461.89001465,1451.64001465,1461.89001465,1457.15002441,3601600000,1457.15002441
2013-01-09,1464.72998047,1457.15002441,1457.15002441,1461.02001953,3674390000,1461.02001953
2013-01-10,1472.30004883,1461.02001953,1461.02001953,1472.11999512,4081840000,1472.11999512
2013-01-11,1472.75,1467.57995605,1472.11999512,1472.05004883,3340650000,1472.05004883
2013-01-14,1472.05004883,1465.68994141,1472.05004883,1470.68005371,3003010000,1470.68005371
2013-01-15,1473.31005859,1463.76000977,1470.67004395,1472.33996582,3135350000,1472.33996582
2013-01-16,1473.95996094,1467.59997559,1472.32995605,1472.63000488,3384080000,1472.63000488
2013-01-17,1485.16003418,1472.63000488,1472.63000488,1480.93994141,3706710000,1480.93994141
2013-01-18,1485.97998047,1475.81005859,1480.94995117,1485.97998047,3795740000,1485.97998047
2013-01-22,1492.56005859,1481.16003418,1485.97998047,1492.56005859,3570950000,1492.56005859
2013-01-23,1496.13000488,1489.90002441,1492.56005859,1494.81005859,3552010000,1494.81005859
2013-01-24,1502.27001953,1489.45996094,1494.81005859,1494.81994629,3699430000,1494.81994629
2013-01-25,1503.26000977,1494.81994629,1494.81994629,1502.95996094,3476290000,1502.95996094
2013-01-28,1503.22998047,1496.32995605,1502.95996094,1500.18005371,3388540000,1500.18005371
2013-01-29,1509.34997559,1498.08996582,1500.18005371,1507.83996582,3949640000,1507.83996582
2013-01-30,1509.93994141,1500.10998535,1507.83996582,1501.95996094,3726810000,1501.95996094
2013-01-31,1504.18994141,1496.76000977,1501.95996094,1498.10998535,3999880000,1498.10998535
2013-02-01,1514.41003418,1498.10998535,1498.10998535,1513.17004395,3836320000,1513.17004395
2013-02-04,1513.17004395,1495.02001953,1513.17004395,1495.70996094,3390000000,1495.70996094
2013-02-05,1514.95996094,1495.70996094,1495.70996094,1511.29003906,3618360000,1511.29003906
2013-02-06,1512.5300293,1504.70996094,1511.29003906,1512.11999512,3611570000,1512.11999512
2013-02-07,1512.90002441,1498.48999023,1512.11999512,1509.39001465,3614580000,1509.39001465
2013-02-08,1518.31005859,1509.39001465,1509.39001465,1517.93005371,2986150000,1517.93005371
2013-02-11,1518.31005859,1513.60998535,1517.93005371,1517.01000977,2684100000,1517.01000977
2013-02-12,1522.29003906,1515.60998535,1517.01000977,1519.43005371,3414370000,1519.43005371
2013-02-13,1524.68994141,1515.93005371,1519.43005371,1520.32995605,3385880000,1520.32995605
2013-02-14,1523.14001465,1514.02001953,1520.32995605,1521.38000488,3759740000,1521.38000488
2013-02-15,1524.23999023,1514.14001465,1521.38000488,1519.79003906,3838510000,1519.79003906
2013-02-19,1530.93994141,1519.79003906,1519.79003906,1530.93994141,3748910000,1530.93994141
2013-02-20,1530.93994141,1511.41003418,1530.93994141,1511.94995117,4240570000,1511.94995117
2013-02-21,1511.94995117,1497.29003906,1511.94995117,1502.42004395,4274600000,1502.42004395
2013-02-22,1515.64001465,1502.42004395,1502.42004395,1515.59997559,3419320000,1515.59997559
2013-02-25,1525.83996582,1487.84997559,1515.59997559,1487.84997559,4011050000,1487.84997559
2013-02-26,1498.98999023,1485.01000977,1487.84997559,1496.93994141,3975280000,1496.93994141
2013-02-27,1520.07995605,1494.88000488,1496.93994141,1515.98999023,3551850000,1515.98999023
2013-02-28,1525.33996582,1514.45996094,1515.98999023,1514.68005371,3912320000,1514.68005371
2013-03-01,1519.98999023,1501.47998047,1514.68005371,1518.19995117,3695610000,1518.19995117
2013-03-04,1525.27001953,1512.29003906,1518.19995117,1525.19995117,3414430000,1525.19995117
2013-03-05,1543.4699707,1525.19995117,1525.19995117,1539.79003906,3610690000,1539.79003906
2013-03-06,1545.25,1538.10998535,1539.79003906,1541.45996094,3676890000,1541.45996094
2013-03-07,1545.7800293,1541.45996094,1541.45996094,1544.26000977,3634710000,1544.26000977
2013-03-08,1552.47998047,1542.93994141,1544.26000977,1551.18005371,3652260000,1551.18005371
2013-03-11,1556.27001953,1547.35998535,1551.15002441,1556.2199707,3091080000,1556.2199707
2013-03-12,1556.77001953,1548.23999023,1556.2199707,1552.47998047,3274910000,1552.47998047
2013-03-13,1556.39001465,1548.25,1552.47998047,1554.52001953,3073830000,1554.52001953
2013-03-14,1563.31994629,1554.52001953,1554.52001953,1563.22998047,3459260000,1563.22998047
2013-03-15,1563.61999512,1555.73999023,1563.20996094,1560.69995117,5175850000,1560.69995117
2013-03-18,1560.69995117,1545.13000488,1560.69995117,1552.09997559,3164560000,1552.09997559
2013-03-19,1557.25,1538.56994629,1552.09997559,1548.33996582,3796210000,1548.33996582
2013-03-20,1561.56005859,1548.33996582,1548.33996582,1558.70996094,3349090000,1558.70996094
2013-03-21,1558.70996094,1543.55004883,1558.70996094,1545.80004883,3243270000,1545.80004883
2013-03-22,1557.73999023,1545.90002441,1545.90002441,1556.89001465,2948380000,1556.89001465
2013-03-25,1564.91003418,1546.2199707,1556.89001465,1551.68994141,3178170000,1551.68994141
2013-03-26,1563.94995117,1551.68994141,1551.68994141,1563.77001953,2869260000,1563.77001953
2013-03-27,1564.06994629,1551.90002441,1563.75,1562.84997559,2914210000,1562.84997559
2013-03-28,1570.2800293,1561.07995605,1562.85998535,1569.18994141,3304440000,1569.18994141
2013-04-01,1570.56994629,1558.4699707,1569.18005371,1562.17004395,2753110000,1562.17004395
2013-04-02,1573.66003418,1562.17004395,1562.17004395,1570.25,3312160000,1570.25
2013-04-03,1571.4699707,1549.80004883,1570.25,1553.68994141,4060610000,1553.68994141
2013-04-04,1562.59997559,1552.52001953,1553.68994141,1559.97998047,3350670000,1559.97998047
2013-04-05,1559.97998047,1539.5,1559.97998047,1553.2800293,3515410000,1553.2800293
2013-04-08,1563.06994629,1548.63000488,1553.26000977,1563.06994629,2887120000,1563.06994629
2013-04-09,1573.89001465,1560.92004395,1563.10998535,1568.60998535,3252780000,1568.60998535
2013-04-10,1589.06994629,1568.60998535,1568.60998535,1587.72998047,3453350000,1587.72998047
2013-04-11,1597.34997559,1586.17004395,1587.72998047,1593.36999512,3393950000,1593.36999512
2013-04-12,1593.30004883,1579.9699707,1593.30004883,1588.84997559,3206290000,1588.84997559
2013-04-15,1588.83996582,1552.2800293,1588.83996582,1552.35998535,4660130000,1552.35998535
2013-04-16,1575.34997559,1552.35998535,1552.35998535,1574.56994629,3654700000,1574.56994629
2013-04-17,1574.56994629,1543.68994141,1574.56994629,1552.01000977,4250310000,1552.01000977
2013-04-18,1554.38000488,1536.0300293,1552.0300293,1541.60998535,3890800000,1541.60998535
2013-04-19,1555.89001465,1539.40002441,1541.60998535,1555.25,3569870000,1555.25
2013-04-22,1565.55004883,1548.18994141,1555.25,1562.5,2979880000,1562.5
2013-04-23,1579.57995605,1562.5,1562.5,1578.7800293,3565150000,1578.7800293
2013-04-24,1583.0,1575.80004883,1578.7800293,1578.79003906,3598240000,1578.79003906
2013-04-25,1592.64001465,1578.93005371,1578.93005371,1585.16003418,3908580000,1585.16003418
2013-04-26,1585.7800293,1577.56005859,1585.16003418,1582.23999023,3198620000,1582.23999023
2013-04-29,1596.65002441,1582.33996582,1582.33996582,1593.60998535,2891200000,1593.60998535
2013-04-30,1597.56994629,1586.5,1593.57995605,1597.56994629,3745070000,1597.56994629
2013-05-01,1597.55004883,1581.2800293,1597.55004883,1582.69995117,3530320000,1582.69995117
2013-05-02,1598.59997559,1582.77001953,1582.77001953,1597.58996582,3366950000,1597.58996582
2013-05-03,1618.45996094,1597.59997559,1597.59997559,1614.42004395,3603910000,1614.42004395
2013-05-06,1619.77001953,1614.20996094,1614.40002441,1617.5,3062240000,1617.5
2013-05-07,1626.0300293,1616.64001465,1617.55004883,1625.95996094,3309580000,1625.95996094
2013-05-08,1632.7800293,1622.69995117,1625.94995117,1632.68994141,3554700000,1632.68994141
2013-05-09,1635.01000977,1623.08996582,1632.68994141,1626.67004395,3457400000,1626.67004395
2013-05-10,1633.69995117,1623.70996094,1626.68994141,1633.69995117,3086470000,1633.69995117
2013-05-13,1636.0,1626.73999023,1632.09997559,1633.77001953,2910600000,1633.77001953
2013-05-14,1651.09997559,1633.75,1633.75,1650.33996582,3457790000,1650.33996582
2013-05-15,1661.48999023,1646.68005371,1649.13000488,1658.7800293,3657440000,1658.7800293
2013-05-16,1660.51000977,1648.59997559,1658.06994629,1650.4699707,3513130000,1650.4699707
2013-05-17,1667.4699707,1652.44995117,1652.44995117,1667.4699707,3440710000,1667.4699707
2013-05-20,1672.83996582,1663.52001953,1665.70996094,1666.29003906,3275080000,1666.29003906
2013-05-21,1674.93005371,1662.67004395,1666.19995117,1669.16003418,3513560000,1669.16003418
2013-05-22,1687.18005371,1648.85998535,1669.39001465,1655.34997559,4361020000,1655.34997559
2013-05-23,1655.5,1635.5300293,1651.61999512,1650.51000977,3945510000,1650.51000977
2013-05-24,1649.7800293,1636.88000488,1646.67004395,1649.59997559,2758080000,1649.59997559
2013-05-28,1674.20996094,1652.63000488,1652.63000488,1660.06005859,3457400000,1660.06005859
2013-05-29,1656.56994629,1640.05004883,1656.56994629,1648.35998535,3587140000,1648.35998535
2013-05-30,1661.91003418,1648.60998535,1649.14001465,1654.41003418,3498620000,1654.41003418
2013-05-31,1658.98999023,1630.73999023,1652.13000488,1630.73999023,4099600000,1630.73999023
2013-06-03,1640.42004395,1622.7199707,1631.70996094,1640.42004395,3952070000,1640.42004395
2013-06-04,1646.5300293,1623.61999512,1640.72998047,1631.38000488,3653840000,1631.38000488
2013-06-05,1629.31005859,1607.08996582,1629.05004883,1608.90002441,3632350000,1608.90002441
2013-06-06,1622.56005859,1598.22998047,1609.29003906,1622.56005859,3547380000,1622.56005859
2013-06-07,1644.40002441,1625.27001953,1625.27001953,1643.38000488,3371990000,1643.38000488
2013-06-10,1648.68994141,1639.26000977,1644.67004395,1642.81005859,2978730000,1642.81005859
2013-06-11,1640.13000488,1622.92004395,1638.64001465,1626.13000488,3435710000,1626.13000488
2013-06-12,1637.70996094,1610.92004395,1629.93994141,1612.52001953,3202550000,1612.52001953
2013-06-13,1639.25,1608.06994629,1612.15002441,1636.35998535,3378620000,1636.35998535
2013-06-14,1640.80004883,1623.95996094,1635.52001953,1626.72998047,2939400000,1626.72998047
2013-06-17,1646.5,1630.33996582,1630.64001465,1639.04003906,3137080000,1639.04003906
2013-06-18,1654.18994141,1639.77001953,1639.77001953,1651.81005859,3120980000,1651.81005859
2013-06-19,1652.44995117,1628.91003418,1651.82995605,1628.93005371,3545060000,1628.93005371
2013-06-20,1624.61999512,1584.31994629,1624.61999512,1588.18994141,4858850000,1588.18994141
2013-06-21,1599.18994141,1577.69995117,1588.61999512,1592.43005371,5797280000,1592.43005371
2013-06-24,1588.77001953,1560.32995605,1588.77001953,1573.08996582,4733660000,1573.08996582
2013-06-25,1593.79003906,1577.08996582,1577.52001953,1588.0300293,3761170000,1588.0300293
2013-06-26,1606.82995605,1592.27001953,1592.27001953,1603.26000977,3558340000,1603.26000977
2013-06-27,1620.06994629,1606.43994141,1606.43994141,1613.19995117,3364540000,1613.19995117
2013-06-28,1615.93994141,1601.06005859,1611.11999512,1606.2800293,4977190000,1606.2800293
2013-07-01,1626.60998535,1609.7800293,1609.7800293,1614.95996094,3104690000,1614.95996094
2013-07-02,1624.26000977,1606.77001953,1614.29003906,1614.07995605,3317130000,1614.07995605
2013-07-03,1618.9699707,1604.56994629,1611.47998047,1615.41003418,1966050000,1615.41003418
2013-07-05,1632.06994629,1614.70996094,1618.65002441,1631.89001465,2634140000,1631.89001465
2013-07-08,1644.68005371,1634.19995117,1634.19995117,1640.45996094,3514590000,1640.45996094
2013-07-09,1654.18005371,1642.89001465,1642.89001465,1652.31994629,3155360000,1652.31994629
2013-07-10,1657.92004395,1647.66003418,1651.56005859,1652.61999512,3011010000,1652.61999512
2013-07-11,1676.63000488,1657.41003418,1657.41003418,1675.02001953,3446340000,1675.02001953
2013-07-12,1680.18994141,1672.32995605,1675.26000977,1680.18994141,3039070000,1680.18994141
2013-07-15,1684.51000977,1677.89001465,1679.58996582,1682.5,2623200000,1682.5
2013-07-16,1683.72998047,1671.83996582,1682.69995117,1676.26000977,3081710000,1676.26000977
2013-07-17,1684.75,1677.91003418,1677.91003418,1680.91003418,3153440000,1680.91003418
2013-07-18,1693.11999512,1681.05004883,1681.05004883,1689.36999512,3452370000,1689.36999512
2013-07-19,1692.08996582,1684.07995605,1686.15002441,1692.08996582,3302580000,1692.08996582
2013-07-22,1697.60998535,1690.67004395,1694.41003418,1695.5300293,2779130000,1695.5300293
2013-07-23,1698.7800293,1691.13000488,1696.63000488,1692.39001465,3096180000,1692.39001465
2013-07-24,1698.38000488,1682.56994629,1696.06005859,1685.93994141,3336120000,1685.93994141
2013-07-25,1690.93994141,1680.06994629,1685.20996094,1690.25,3322500000,1690.25
2013-07-26,1691.84997559,1676.0300293,1687.31005859,1691.65002441,2762770000,1691.65002441
2013-07-29,1690.92004395,1681.85998535,1690.31994629,1685.32995605,2840520000,1685.32995605
2013-07-30,1693.18994141,1682.42004395,1687.92004395,1685.95996094,3320530000,1685.95996094
2013-07-31,1698.43005371,1684.93994141,1687.76000977,1685.72998047,3847390000,1685.72998047
2013-08-01,1707.84997559,1689.42004395,1689.42004395,1706.86999512,3775170000,1706.86999512
2013-08-02,1709.67004395,1700.68005371,1706.09997559,1709.67004395,3136630000,1709.67004395
2013-08-05,1709.23999023,1703.55004883,1708.01000977,1707.14001465,2529300000,1707.14001465
2013-08-06,1705.79003906,1693.29003906,1705.79003906,1697.36999512,3141210000,1697.36999512
2013-08-07,1695.30004883,1684.91003418,1695.30004883,1690.91003418,3010230000,1690.91003418
2013-08-08,1700.18005371,1688.38000488,1693.34997559,1697.47998047,3271660000,1697.47998047
2013-08-09,1699.42004395,1686.02001953,1696.09997559,1691.42004395,2957670000,1691.42004395
2013-08-12,1691.48999023,1683.34997559,1688.36999512,1689.4699707,2789160000,1689.4699707
2013-08-13,1696.81005859,1682.61999512,1690.65002441,1694.16003418,3035560000,1694.16003418
2013-08-14,1695.52001953,1684.82995605,1693.88000488,1685.39001465,2871430000,1685.39001465
2013-08-15,1679.60998535,1658.58996582,1679.60998535,1661.31994629,3426690000,1661.31994629
2013-08-16,1663.59997559,1652.60998535,1661.2199707,1655.82995605,3211450000,1655.82995605
2013-08-19,1659.18005371,1645.83996582,1655.25,1646.06005859,2904530000,1646.06005859
2013-08-20,1658.92004395,1646.07995605,1646.81005859,1652.34997559,2994090000,1652.34997559
2013-08-21,1656.98999023,1639.43005371,1650.66003418,1642.80004883,2932180000,1642.80004883
2013-08-22,1659.55004883,1645.0300293,1645.0300293,1656.95996094,2537460000,1656.95996094
2013-08-23,1664.84997559,1654.81005859,1659.92004395,1663.5,2582670000,1663.5
2013-08-26,1669.51000977,1656.02001953,1664.29003906,1656.7800293,2430670000,1656.7800293
2013-08-27,1652.54003906,1629.05004883,1652.54003906,1630.47998047,3219190000,1630.47998047
2013-08-28,1641.18005371,1627.4699707,1630.25,1634.95996094,2784010000,1634.95996094
2013-08-29,1646.41003418,1630.88000488,1633.5,1638.17004395,2527550000,1638.17004395
2013-08-30,1640.07995605,1628.05004883,1638.89001465,1632.9699707,2734300000,1632.9699707
2013-09-03,1651.34997559,1633.41003418,1635.94995117,1639.77001953,3731610000,1639.77001953
2013-09-04,1655.7199707,1637.41003418,1640.7199707,1653.07995605,3312150000,1653.07995605
2013-09-05,1659.17004395,1653.06994629,1653.2800293,1655.07995605,2957110000,1655.07995605
2013-09-06,1664.82995605,1640.61999512,1657.43994141,1655.17004395,3123880000,1655.17004395
2013-09-09,1672.40002441,1656.84997559,1656.84997559,1671.70996094,3102780000,1671.70996094
2013-09-10,1684.08996582,1675.10998535,1675.10998535,1683.98999023,3691800000,1683.98999023
2013-09-11,1689.13000488,1678.69995117,1681.04003906,1689.13000488,3135460000,1689.13000488
2013-09-12,1689.9699707,1681.95996094,1689.20996094,1683.42004395,3106290000,1683.42004395
2013-09-13,1688.72998047,1682.2199707,1685.04003906,1687.98999023,2736500000,1687.98999023
2013-09-16,1704.94995117,1691.69995117,1691.69995117,1697.59997559,3079800000,1697.59997559
2013-09-17,1705.52001953,1697.72998047,1697.72998047,1704.76000977,2774240000,1704.76000977
2013-09-18,1729.43994141,1700.34997559,1705.73999023,1725.52001953,3989760000,1725.52001953
2013-09-19,1729.85998535,1720.19995117,1727.33996582,1722.33996582,3740130000,1722.33996582
2013-09-20,1725.22998047,1708.89001465,1722.43994141,1709.91003418,5074030000,1709.91003418
2013-09-23,1711.43994141,1697.09997559,1711.43994141,1701.83996582,3126950000,1701.83996582
2013-09-24,1707.63000488,1694.90002441,1702.59997559,1697.42004395,3268930000,1697.42004395
2013-09-25,1701.70996094,1691.88000488,1698.02001953,1692.77001953,3148730000,1692.77001953
2013-09-26,1703.84997559,1693.10998535,1694.05004883,1698.67004395,2813930000,1698.67004395
2013-09-27,1695.52001953,1687.10998535,1695.52001953,1691.75,2951700000,1691.75
2013-09-30,1687.26000977,1674.98999023,1687.26000977,1681.55004883,3308630000,1681.55004883
2013-10-01,1696.55004883,1682.06994629,1682.41003418,1695.0,3238690000,1695.0
2013-10-02,1693.86999512,1680.33996582,1691.90002441,1693.86999512,3148600000,1693.86999512
2013-10-03,1692.34997559,1670.35998535,1692.34997559,1678.66003418,3279650000,1678.66003418
2013-10-04,1691.93994141,1677.32995605,1678.79003906,1690.5,2880270000,1690.5
2013-10-07,1687.15002441,1674.69995117,1687.15002441,1676.11999512,2678490000,1676.11999512
2013-10-08,1676.79003906,1655.0300293,1676.2199707,1655.44995117,3569230000,1655.44995117
2013-10-09,1662.4699707,1646.4699707,1656.98999023,1656.40002441,3577840000,1656.40002441
2013-10-10,1692.56005859,1660.88000488,1660.88000488,1692.56005859,3362300000,1692.56005859
2013-10-11,1703.43994141,1688.52001953,1691.08996582,1703.19995117,2944670000,1703.19995117
2013-10-14,1711.0300293,1692.13000488,1699.85998535,1710.14001465,2580580000,1710.14001465
2013-10-15,1711.56994629,1695.93005371,1709.17004395,1698.06005859,3327740000,1698.06005859
2013-10-16,1721.76000977,1700.48999023,1700.48999023,1721.54003906,3486180000,1721.54003906
2013-10-17,1733.44995117,1714.11999512,1720.17004395,1733.15002441,3453590000,1733.15002441
2013-10-18,1745.31005859,1735.73999023,1736.7199707,1744.5,3664890000,1744.5
2013-10-21,1747.79003906,1740.67004395,1745.19995117,1744.66003418,3052710000,1744.66003418
2013-10-22,1759.32995605,1746.47998047,1746.47998047,1754.67004395,3850840000,1754.67004395
2013-10-23,1752.27001953,1740.5,1752.27001953,1746.38000488,3713380000,1746.38000488
2013-10-24,1753.93994141,1745.5,1747.47998047,1752.06994629,3671700000,1752.06994629
2013-10-25,1759.81994629,1752.44995117,1756.01000977,1759.77001953,3175720000,1759.77001953
2013-10-28,1764.98999023,1757.67004395,1759.42004395,1762.10998535,3282300000,1762.10998535
2013-10-29,1772.08996582,1762.93005371,1762.93005371,1771.94995117,3358460000,1771.94995117
2013-10-30,1775.2199707,1757.23999023,1772.27001953,1763.31005859,3523040000,1763.31005859
2013-10-31,1768.5300293,1755.7199707,1763.23999023,1756.54003906,3826530000,1756.54003906
2013-11-01,1765.67004395,1752.69995117,1758.69995117,1761.64001465,3686290000,1761.64001465
2013-11-04,1768.7800293,1761.56005859,1763.40002441,1767.93005371,3194870000,1767.93005371
2013-11-05,1767.0300293,1755.76000977,1765.67004395,1762.9699707,3516680000,1762.9699707
2013-11-06,1773.73999023,1764.40002441,1765.0,1770.48999023,3322100000,1770.48999023
2013-11-07,1774.54003906,1746.19995117,1770.73999023,1747.15002441,4143200000,1747.15002441
2013-11-08,1770.7800293,1747.63000488,1748.36999512,1770.60998535,3837170000,1770.60998535
2013-11-11,1773.43994141,1767.84997559,1769.95996094,1771.89001465,2534060000,1771.89001465
2013-11-12,1771.7800293,1762.29003906,1769.51000977,1767.68994141,3221030000,1767.68994141
2013-11-13,1782.0,1760.64001465,1764.36999512,1782.0,3327480000,1782.0
2013-11-14,1791.5300293,1780.2199707,1782.75,1790.61999512,3139060000,1790.61999512
2013-11-15,1798.2199707,1790.66003418,1790.66003418,1798.18005371,3254820000,1798.18005371
2013-11-18,1802.32995605,1788.0,1798.81994629,1791.5300293,3168520000,1791.5300293
2013-11-19,1795.51000977,1784.7199707,1790.79003906,1787.86999512,3224450000,1787.86999512
2013-11-20,1795.72998047,1777.22998047,1789.58996582,1781.36999512,3109140000,1781.36999512
2013-11-21,1797.16003418,1783.52001953,1783.52001953,1795.84997559,3256630000,1795.84997559
2013-11-22,1804.83996582,1794.69995117,1797.20996094,1804.76000977,3055140000,1804.76000977
2013-11-25,1808.09997559,1800.57995605,1806.32995605,1802.47998047,2998540000,1802.47998047
2013-11-26,1808.42004395,1800.77001953,1802.86999512,1802.75,3427120000,1802.75
2013-11-27,1808.27001953,1802.77001953,1803.47998047,1807.22998047,2613590000,1807.22998047
2013-11-29,1813.55004883,1803.97998047,1808.68994141,1805.81005859,1598300000,1805.81005859
2013-12-02,1810.02001953,1798.59997559,1806.55004883,1800.90002441,3095430000,1800.90002441
2013-12-03,1800.09997559,1787.84997559,1800.09997559,1795.15002441,3475680000,1795.15002441
2013-12-04,1799.80004883,1779.08996582,1793.15002441,1792.81005859,3610540000,1792.81005859
2013-12-05,1792.81994629,1783.38000488,1792.81994629,1785.0300293,3336880000,1785.0300293
2013-12-06,1806.04003906,1788.35998535,1788.35998535,1805.08996582,3150030000,1805.08996582
2013-12-09,1811.52001953,1806.20996094,1806.20996094,1808.36999512,3129500000,1808.36999512
2013-12-10,1808.52001953,1801.75,1807.59997559,1802.61999512,3117150000,1802.61999512
2013-12-11,1802.9699707,1780.08996582,1802.76000977,1782.2199707,3472240000,1782.2199707
2013-12-12,1782.98999023,1772.2800293,1781.70996094,1775.5,3306640000,1775.5
2013-12-13,1780.92004395,1772.44995117,1777.97998047,1775.31994629,3061070000,1775.31994629
2013-12-16,1792.2199707,1777.47998047,1777.47998047,1786.54003906,3209890000,1786.54003906
2013-12-17,1786.77001953,1777.05004883,1786.4699707,1781.0,3270030000,1781.0
2013-12-18,1811.07995605,1767.98999023,1781.45996094,1810.65002441,4327770000,1810.65002441
2013-12-19,1810.88000488,1801.34997559,1809.0,1809.59997559,3497210000,1809.59997559
2013-12-20,1823.75,1810.25,1810.39001465,1818.31994629,5097700000,1818.31994629
2013-12-23,1829.75,1822.92004395,1822.92004395,1827.98999023,2851540000,1827.98999023
2013-12-24,1833.31994629,1828.02001953,1828.02001953,1833.31994629,1307630000,1833.31994629
2013-12-26,1842.83996582,1834.95996094,1834.95996094,1842.02001953,1982270000,1842.02001953
2013-12-27,1844.89001465,1839.81005859,1842.9699707,1841.40002441,2052920000,1841.40002441
2013-12-30,1842.4699707,1838.77001953,1841.4699707,1841.06994629,2293860000,1841.06994629
2013-12-31,1849.43994141,1842.41003418,1842.60998535,1848.35998535,2312840000,1848.35998535
2014-01-02,1845.85998535,1827.73999023,1845.85998535,1831.97998047,3080600000,1831.97998047
2014-01-03,1838.23999023,1829.13000488,1833.20996094,1831.36999512,2774270000,1831.36999512
2014-01-06,1837.16003418,1823.72998047,1832.31005859,1826.77001953,3294850000,1826.77001953
2014-01-07,1840.09997559,1828.70996094,1828.70996094,1837.88000488,3511750000,1837.88000488
2014-01-08,1840.02001953,1831.40002441,1837.90002441,1837.48999023,3652140000,1837.48999023
2014-01-09,1843.22998047,1830.38000488,1839.0,1838.13000488,3581150000,1838.13000488
2014-01-10,1843.15002441,1832.43005371,1840.06005859,1842.36999512,3335710000,1842.36999512
2014-01-13,1843.44995117,1815.52001953,1841.26000977,1819.19995117,3591350000,1819.19995117
2014-01-14,1839.26000977,1821.35998535,1821.35998535,1838.88000488,3353270000,1838.88000488
2014-01-15,1850.83996582,1840.52001953,1840.52001953,1848.38000488,3777800000,1848.38000488
2014-01-16,1847.98999023,1840.30004883,1847.98999023,1845.89001465,3491310000,1845.89001465
2014-01-17,1846.04003906,1835.22998047,1844.22998047,1838.69995117,3626120000,1838.69995117
2014-01-21,1849.31005859,1832.38000488,1841.05004883,1843.80004883,3782470000,1843.80004883
2014-01-22,1846.86999512,1840.88000488,1844.70996094,1844.85998535,3374170000,1844.85998535
2014-01-23,1842.29003906,1820.06005859,1842.29003906,1828.45996094,3972250000,1828.45996094
2014-01-24,1826.95996094,1790.29003906,1826.95996094,1790.29003906,4618450000,1790.29003906
2014-01-27,1795.97998047,1772.88000488,1791.0300293,1781.56005859,4045200000,1781.56005859
2014-01-28,1793.86999512,1779.48999023,1783.0,1792.5,3437830000,1792.5
2014-01-29,1790.15002441,1770.44995117,1790.15002441,1774.19995117,3964020000,1774.19995117
2014-01-30,1798.77001953,1777.17004395,1777.17004395,1794.18994141,3547510000,1794.18994141
2014-01-31,1793.88000488,1772.26000977,1790.88000488,1782.58996582,4059690000,1782.58996582
2014-02-03,1784.82995605,1739.66003418,1782.68005371,1741.89001465,4726040000,1741.89001465
2014-02-04,1758.72998047,1743.81994629,1743.81994629,1755.19995117,4068410000,1755.19995117
2014-02-05,1755.79003906,1737.92004395,1753.38000488,1751.64001465,3984290000,1751.64001465
2014-02-06,1774.06005859,1752.98999023,1752.98999023,1773.43005371,3825410000,1773.43005371
2014-02-07,1798.0300293,1776.01000977,1776.01000977,1797.02001953,3775990000,1797.02001953
2014-02-10,1799.93994141,1791.82995605,1796.19995117,1799.83996582,3312160000,1799.83996582
2014-02-11,1823.54003906,1800.41003418,1800.44995117,1819.75,3699380000,1819.75
2014-02-12,1826.55004883,1815.9699707,1820.11999512,1819.26000977,3326380000,1819.26000977
2014-02-13,1830.25,1809.2199707,1814.81994629,1829.82995605,3289510000,1829.82995605
2014-02-14,1841.65002441,1825.58996582,1828.45996094,1838.63000488,3114750000,1838.63000488
2014-02-18,1842.86999512,1835.01000977,1839.0300293,1840.76000977,3421110000,1840.76000977
2014-02-19,1847.5,1826.98999023,1838.90002441,1828.75,3661570000,1828.75
2014-02-20,1842.79003906,1824.57995605,1829.23999023,1839.7800293,3404980000,1839.7800293
2014-02-21,1846.13000488,1835.59997559,1841.06994629,1836.25,3403880000,1836.25
2014-02-24,1858.70996094,1836.7800293,1836.7800293,1847.60998535,4014530000,1847.60998535
2014-02-25,1852.91003418,1840.18994141,1847.66003418,1845.11999512,3515560000,1845.11999512
2014-02-26,1852.65002441,1840.66003418,1845.79003906,1845.16003418,3716730000,1845.16003418
2014-02-27,1854.5300293,1841.13000488,1844.90002441,1854.29003906,3547460000,1854.29003906
2014-02-28,1867.92004395,1847.67004395,1855.11999512,1859.44995117,3917450000,1859.44995117
2014-03-03,1857.68005371,1834.43994141,1857.68005371,1845.72998047,3428220000,1845.72998047
2014-03-04,1876.22998047,1849.22998047,1849.22998047,1873.91003418,3765770000,1873.91003418
2014-03-05,1876.5300293,1871.10998535,1874.05004883,1873.81005859,3392990000,1873.81005859
2014-03-06,1881.93994141,1874.18005371,1874.18005371,1877.0300293,3360450000,1877.0300293
2014-03-07,1883.56994629,1870.56005859,1878.52001953,1878.04003906,3564740000,1878.04003906
2014-03-10,1877.86999512,1867.04003906,1877.85998535,1877.17004395,3021350000,1877.17004395
2014-03-11,1882.34997559,1863.88000488,1878.26000977,1867.63000488,3392400000,1867.63000488
2014-03-12,1868.38000488,1854.38000488,1866.15002441,1868.19995117,3270860000,1868.19995117
2014-03-13,1874.40002441,1841.85998535,1869.06005859,1846.33996582,3670990000,1846.33996582
2014-03-14,1852.43994141,1839.56994629,1845.06994629,1841.13000488,3285460000,1841.13000488
2014-03-17,1862.30004883,1842.81005859,1842.81005859,1858.82995605,2860490000,1858.82995605
2014-03-18,1873.76000977,1858.92004395,1858.92004395,1872.25,2930190000,1872.25
2014-03-19,1874.14001465,1850.34997559,1872.25,1860.77001953,3289210000,1860.77001953
2014-03-20,1873.48999023,1854.63000488,1860.08996582,1872.01000977,3327540000,1872.01000977
2014-03-21,1883.9699707,1863.45996094,1874.5300293,1866.52001953,5270710000,1866.52001953
2014-03-24,1873.33996582,1849.68994141,1867.67004395,1857.43994141,3409000000,1857.43994141
2014-03-25,1871.86999512,1855.95996094,1859.47998047,1865.61999512,3200560000,1865.61999512
2014-03-26,1875.92004395,1852.56005859,1867.08996582,1852.56005859,3480850000,1852.56005859
2014-03-27,1855.55004883,1842.10998535,1852.10998535,1849.04003906,3733430000,1849.04003906
2014-03-28,1866.63000488,1850.06994629,1850.06994629,1857.61999512,2955520000,1857.61999512
2014-03-31,1875.18005371,1859.16003418,1859.16003418,1872.33996582,3274300000,1872.33996582
2014-04-01,1885.83996582,1873.95996094,1873.95996094,1885.52001953,3336190000,1885.52001953
2014-04-02,1893.17004395,1883.79003906,1886.60998535,1890.90002441,3131660000,1890.90002441
2014-04-03,1893.80004883,1882.65002441,1891.43005371,1888.77001953,3055600000,1888.77001953
2014-04-04,1897.2800293,1863.26000977,1890.25,1865.08996582,3583750000,1865.08996582
2014-04-07,1864.04003906,1841.47998047,1863.92004395,1845.04003906,3801540000,1845.04003906
2014-04-08,1854.94995117,1837.48999023,1845.47998047,1851.95996094,3721450000,1851.95996094
2014-04-09,1872.43005371,1852.38000488,1852.64001465,1872.18005371,3308650000,1872.18005371
2014-04-10,1872.5300293,1830.86999512,1872.2800293,1833.07995605,3758780000,1833.07995605
2014-04-11,1835.06994629,1814.35998535,1830.65002441,1815.68994141,3743460000,1815.68994141
2014-04-14,1834.18994141,1815.80004883,1818.18005371,1830.60998535,3111540000,1830.60998535
2014-04-15,1844.02001953,1816.29003906,1831.44995117,1842.97998047,3736440000,1842.97998047
2014-04-16,1862.31005859,1846.01000977,1846.01000977,1862.31005859,3155080000,1862.31005859
2014-04-17,1869.63000488,1856.7199707,1861.72998047,1864.84997559,3341430000,1864.84997559
2014-04-21,1871.89001465,1863.18005371,1865.79003906,1871.89001465,2642500000,1871.89001465
2014-04-22,1884.89001465,1872.56994629,1872.56994629,1879.55004883,3215440000,1879.55004883
2014-04-23,1879.75,1873.91003418,1879.31994629,1875.39001465,3085720000,1875.39001465
2014-04-24,1884.06005859,1870.23999023,1881.9699707,1878.60998535,3191830000,1878.60998535
2014-04-25,1877.7199707,1859.69995117,1877.7199707,1863.40002441,3213020000,1863.40002441
2014-04-28,1877.01000977,1850.60998535,1865.0,1869.43005371,4034680000,1869.43005371
2014-04-29,1880.59997559,1870.7800293,1870.7800293,1878.32995605,3647820000,1878.32995605
2014-04-30,1885.19995117,1872.68994141,1877.09997559,1883.94995117,3779230000,1883.94995117
2014-05-01,1888.58996582,1878.04003906,1884.39001465,1883.68005371,3416740000,1883.68005371
2014-05-02,1891.32995605,1878.5,1885.30004883,1881.14001465,3159560000,1881.14001465
2014-05-05,1885.51000977,1866.77001953,1879.44995117,1884.66003418,2733730000,1884.66003418
2014-05-06,1883.68994141,1867.7199707,1883.68994141,1867.7199707,3327260000,1867.7199707
2014-05-07,1878.82995605,1859.79003906,1868.5300293,1878.20996094,3632950000,1878.20996094
2014-05-08,1889.06994629,1870.05004883,1877.39001465,1875.63000488,3393420000,1875.63000488
2014-05-09,1878.56994629,1867.02001953,1875.27001953,1878.47998047,3025020000,1878.47998047
2014-05-12,1897.13000488,1880.0300293,1880.0300293,1896.65002441,3005740000,1896.65002441
2014-05-13,1902.17004395,1896.06005859,1896.75,1897.44995117,2915680000,1897.44995117
2014-05-14,1897.13000488,1885.77001953,1897.13000488,1888.5300293,2822060000,1888.5300293
2014-05-15,1888.16003418,1862.35998535,1888.16003418,1870.84997559,3552640000,1870.84997559
2014-05-16,1878.2800293,1864.81994629,1871.18994141,1877.85998535,3173650000,1877.85998535
2014-05-19,1886.0,1872.42004395,1876.66003418,1885.07995605,2664250000,1885.07995605
2014-05-20,1884.88000488,1868.14001465,1884.88000488,1872.82995605,3007700000,1872.82995605
2014-05-21,1888.80004883,1873.33996582,1873.33996582,1888.0300293,2777140000,1888.0300293
2014-05-22,1896.32995605,1885.39001465,1888.18994141,1892.48999023,2759800000,1892.48999023
2014-05-23,1901.26000977,1893.31994629,1893.31994629,1900.5300293,2396280000,1900.5300293
2014-05-27,1912.2800293,1902.01000977,1902.01000977,1911.91003418,2911020000,1911.91003418
2014-05-28,1914.45996094,1907.30004883,1911.77001953,1909.7800293,2976450000,1909.7800293
2014-05-29,1920.0300293,1909.81994629,1910.59997559,1920.0300293,2709050000,1920.0300293
2014-05-30,1924.0300293,1916.64001465,1920.32995605,1923.56994629,3263490000,1923.56994629
2014-06-02,1925.88000488,1915.97998047,1923.86999512,1924.9699707,2509020000,1924.9699707
2014-06-03,1925.06994629,1918.79003906,1923.06994629,1924.23999023,2867180000,1924.23999023
2014-06-04,1928.63000488,1918.59997559,1923.06005859,1927.88000488,2793920000,1927.88000488
2014-06-05,1941.73999023,1922.93005371,1928.52001953,1940.45996094,3113270000,1940.45996094
2014-06-06,1949.43994141,1942.41003418,1942.41003418,1949.43994141,2864300000,1949.43994141
2014-06-09,1955.55004883,1947.16003418,1948.9699707,1951.27001953,2812180000,1951.27001953
2014-06-10,1950.85998535,1944.64001465,1950.33996582,1950.79003906,2702360000,1950.79003906
2014-06-11,1949.36999512,1940.07995605,1949.36999512,1943.89001465,2710620000,1943.89001465
2014-06-12,1943.34997559,1925.7800293,1943.34997559,1930.10998535,3040480000,1930.10998535
2014-06-13,1937.30004883,1927.68994141,1930.80004883,1936.16003418,2598230000,1936.16003418
2014-06-16,1941.15002441,1930.91003418,1934.83996582,1937.7800293,2926130000,1937.7800293
2014-06-17,1943.68994141,1933.55004883,1937.15002441,1941.98999023,2971260000,1941.98999023
2014-06-18,1957.73999023,1939.29003906,1942.72998047,1956.97998047,3065220000,1956.97998047
2014-06-19,1959.86999512,1952.26000977,1957.5,1959.47998047,2952150000,1959.47998047
2014-06-20,1963.91003418,1959.17004395,1960.44995117,1962.86999512,4336240000,1962.86999512
2014-06-23,1963.73999023,1958.89001465,1962.92004395,1962.60998535,2717630000,1962.60998535
2014-06-24,1968.17004395,1948.33996582,1961.9699707,1949.97998047,3089700000,1949.97998047
2014-06-25,1960.82995605,1947.48999023,1949.27001953,1959.5300293,3106710000,1959.5300293
2014-06-26,1959.89001465,1944.68994141,1959.89001465,1957.2199707,2778840000,1957.2199707
2014-06-27,1961.4699707,1952.18005371,1956.56005859,1960.95996094,4290590000,1960.95996094
2014-06-30,1964.23999023,1958.2199707,1960.79003906,1960.22998047,3037350000,1960.22998047
2014-07-01,1978.57995605,1962.29003906,1962.29003906,1973.31994629,3188240000,1973.31994629
2014-07-02,1976.67004395,1972.57995605,1973.06005859,1974.61999512,2851480000,1974.61999512
2014-07-03,1985.58996582,1975.88000488,1975.88000488,1985.43994141,1998090000,1985.43994141
2014-07-07,1984.2199707,1974.88000488,1984.2199707,1977.65002441,2681260000,1977.65002441
2014-07-08,1976.39001465,1959.45996094,1976.39001465,1963.70996094,3302430000,1963.70996094
2014-07-09,1974.15002441,1965.09997559,1965.09997559,1972.82995605,2858800000,1972.82995605
2014-07-10,1969.83996582,1952.85998535,1966.67004395,1964.68005371,3165690000,1964.68005371
2014-07-11,1968.67004395,1959.63000488,1965.76000977,1967.56994629,2684630000,1967.56994629
2014-07-14,1979.84997559,1969.85998535,1969.85998535,1977.09997559,2744920000,1977.09997559
2014-07-15,1982.52001953,1965.33996582,1977.35998535,1973.2800293,3328740000,1973.2800293
2014-07-16,1983.93994141,1975.67004395,1976.34997559,1981.56994629,3390950000,1981.56994629
2014-07-17,1981.80004883,1955.58996582,1979.75,1958.11999512,3381680000,1958.11999512
2014-07-18,1979.91003418,1960.81994629,1961.54003906,1978.2199707,3106060000,1978.2199707
2014-07-21,1976.93005371,1965.77001953,1976.93005371,1973.63000488,2611160000,1973.63000488
2014-07-22,1986.23999023,1975.65002441,1975.65002441,1983.5300293,2890480000,1983.5300293
2014-07-23,1989.22998047,1982.43994141,1985.31994629,1987.01000977,2869720000,1987.01000977
2014-07-24,1991.39001465,1985.79003906,1988.06994629,1987.97998047,3203530000,1987.97998047
2014-07-25,1984.59997559,1974.36999512,1984.59997559,1978.33996582,2638960000,1978.33996582
2014-07-28,1981.52001953,1967.31005859,1978.25,1978.91003418,2803320000,1978.91003418
2014-07-29,1984.84997559,1969.94995117,1980.0300293,1969.94995117,3183300000,1969.94995117
2014-07-30,1978.90002441,1962.42004395,1973.20996094,1970.06994629,3448250000,1970.06994629
2014-07-31,1965.14001465,1930.67004395,1965.14001465,1930.67004395,4193000000,1930.67004395
2014-08-01,1937.34997559,1916.36999512,1929.80004883,1925.15002441,3789660000,1925.15002441
2014-08-04,1942.92004395,1921.19995117,1926.61999512,1938.98999023,3072920000,1938.98999023
2014-08-05,1936.33996582,1913.77001953,1936.33996582,1920.20996094,3462520000,1920.20996094
2014-08-06,1927.91003418,1911.44995117,1917.29003906,1920.23999023,3539150000,1920.23999023
2014-08-07,1928.89001465,1904.7800293,1923.0300293,1909.56994629,3230520000,1909.56994629
2014-08-08,1932.38000488,1909.01000977,1910.34997559,1931.58996582,2902280000,1931.58996582
2014-08-11,1944.90002441,1933.43005371,1933.43005371,1936.92004395,2784890000,1936.92004395
2014-08-12,1939.65002441,1928.29003906,1935.72998047,1933.75,2611700000,1933.75
2014-08-13,1948.41003418,1935.59997559,1935.59997559,1946.7199707,2718020000,1946.7199707
2014-08-14,1955.22998047,1947.41003418,1947.41003418,1955.18005371,2609460000,1955.18005371
2014-08-15,1964.04003906,1941.5,1958.86999512,1955.06005859,3023380000,1955.06005859
2014-08-18,1971.98999023,1958.35998535,1958.35998535,1971.73999023,2638160000,1971.73999023
2014-08-19,1982.56994629,1972.72998047,1972.72998047,1981.59997559,2656430000,1981.59997559
2014-08-20,1988.56994629,1977.68005371,1980.45996094,1986.51000977,2579560000,1986.51000977
2014-08-21,1994.76000977,1986.81994629,1986.81994629,1992.36999512,2638920000,1992.36999512
2014-08-22,1993.54003906,1984.76000977,1992.59997559,1988.40002441,2301860000,1988.40002441
2014-08-25,2001.94995117,1991.73999023,1991.73999023,1997.92004395,2233880000,1997.92004395
2014-08-26,2005.04003906,1998.58996582,1998.58996582,2000.02001953,2451950000,2000.02001953
2014-08-27,2002.14001465,1996.19995117,2000.54003906,2000.11999512,2344350000,2000.11999512
2014-08-28,1998.55004883,1990.52001953,1997.42004395,1996.73999023,2282400000,1996.73999023
2014-08-29,2003.38000488,1994.65002441,1998.44995117,2003.36999512,2259130000,2003.36999512
2014-09-02,2006.11999512,1994.84997559,2004.06994629,2002.2800293,2819980000,2002.2800293
2014-09-03,2009.2800293,1998.14001465,2003.56994629,2000.7199707,2809980000,2000.7199707
2014-09-04,2011.17004395,1992.54003906,2001.67004395,1997.65002441,3072410000,1997.65002441
2014-09-05,2007.70996094,1990.09997559,1998.0,2007.70996094,2818300000,2007.70996094
2014-09-08,2007.17004395,1995.59997559,2007.17004395,2001.54003906,2789090000,2001.54003906
2014-09-09,2001.01000977,1984.60998535,2000.72998047,1988.43994141,2882830000,1988.43994141
2014-09-10,1996.66003418,1982.98999023,1988.41003418,1995.68994141,2912430000,1995.68994141
2014-09-11,1997.65002441,1985.93005371,1992.84997559,1997.44995117,2941690000,1997.44995117
2014-09-12,1996.73999023,1980.26000977,1996.73999023,1985.54003906,3206570000,1985.54003906
2014-09-15,1987.18005371,1978.47998047,1986.04003906,1984.13000488,2776530000,1984.13000488
2014-09-16,2002.2800293,1979.06005859,1981.93005371,1998.97998047,3160310000,1998.97998047
2014-09-17,2010.73999023,1993.29003906,1999.30004883,2001.56994629,3209420000,2001.56994629
2014-09-18,2012.33996582,2003.06994629,2003.06994629,2011.35998535,3235340000,2011.35998535
2014-09-19,2019.26000977,2006.58996582,2012.73999023,2010.40002441,4880220000,2010.40002441
2014-09-22,2009.07995605,1991.01000977,2009.07995605,1994.29003906,3349670000,1994.29003906
2014-09-23,1995.41003418,1982.77001953,1992.7800293,1982.77001953,3279350000,1982.77001953
2014-09-24,1999.79003906,1978.63000488,1983.33996582,1998.30004883,3313850000,1998.30004883
2014-09-25,1997.31994629,1965.98999023,1997.31994629,1965.98999023,3273050000,1965.98999023
2014-09-26,1986.36999512,1966.2199707,1966.2199707,1982.84997559,2929440000,1982.84997559
2014-09-29,1981.2800293,1964.04003906,1978.95996094,1977.80004883,3094440000,1977.80004883
2014-09-30,1985.17004395,1968.95996094,1978.20996094,1972.29003906,3951100000,1972.29003906
2014-10-01,1971.43994141,1941.7199707,1971.43994141,1946.16003418,4188590000,1946.16003418
2014-10-02,1952.31994629,1926.0300293,1945.82995605,1946.17004395,4012510000,1946.17004395
2014-10-03,1971.18994141,1948.11999512,1948.11999512,1967.90002441,3560970000,1967.90002441
2014-10-06,1977.83996582,1958.43005371,1970.01000977,1964.81994629,3358220000,1964.81994629
2014-10-07,1962.35998535,1934.86999512,1962.35998535,1935.09997559,3687870000,1935.09997559
2014-10-08,1970.35998535,1925.25,1935.55004883,1968.89001465,4441890000,1968.89001465
2014-10-09,1967.68005371,1927.56005859,1967.68005371,1928.20996094,4344020000,1928.20996094
2014-10-10,1936.97998047,1906.05004883,1925.63000488,1906.13000488,4550540000,1906.13000488
2014-10-13,1912.08996582,1874.14001465,1905.65002441,1874.73999023,4352580000,1874.73999023
2014-10-14,1898.70996094,1871.79003906,1877.10998535,1877.69995117,4812010000,1877.69995117
2014-10-15,1874.18005371,1820.66003418,1874.18005371,1862.48999023,6090800000,1862.48999023
2014-10-16,1876.01000977,1835.02001953,1855.94995117,1862.76000977,5073150000,1862.76000977
2014-10-17,1898.16003418,1864.91003418,1864.91003418,1886.76000977,4482120000,1886.76000977
2014-10-20,1905.0300293,1882.30004883,1885.61999512,1904.01000977,3331210000,1904.01000977
2014-10-21,1942.44995117,1909.38000488,1909.38000488,1941.2800293,3987090000,1941.2800293
2014-10-22,1949.31005859,1926.82995605,1941.29003906,1927.10998535,3761930000,1927.10998535
2014-10-23,1961.94995117,1931.02001953,1931.02001953,1950.81994629,3789250000,1950.81994629
2014-10-24,1965.27001953,1946.27001953,1951.58996582,1964.57995605,3078380000,1964.57995605
2014-10-27,1964.64001465,1951.36999512,1962.9699707,1961.63000488,3538860000,1961.63000488
2014-10-28,1985.05004883,1964.14001465,1964.14001465,1985.05004883,3653260000,1985.05004883
2014-10-29,1991.40002441,1969.04003906,1983.29003906,1982.30004883,3740350000,1982.30004883
2014-10-30,1999.40002441,1974.75,1979.48999023,1994.65002441,3586150000,1994.65002441
2014-10-31,2018.18994141,2001.19995117,2001.19995117,2018.05004883,4292290000,2018.05004883
2014-11-03,2024.45996094,2013.68005371,2018.20996094,2017.81005859,3555440000,2017.81005859
2014-11-04,2015.97998047,2001.01000977,2015.81005859,2012.09997559,3956260000,2012.09997559
2014-11-05,2023.77001953,2014.42004395,2015.29003906,2023.56994629,3766590000,2023.56994629
2014-11-06,2031.60998535,2015.85998535,2023.32995605,2031.20996094,3669770000,2031.20996094
2014-11-07,2034.26000977,2025.06994629,2032.35998535,2031.92004395,3704280000,2031.92004395
2014-11-10,2038.69995117,2030.17004395,2032.01000977,2038.26000977,3284940000,2038.26000977
2014-11-11,2041.2800293,2035.2800293,2038.19995117,2039.68005371,2958320000,2039.68005371
2014-11-12,2040.32995605,2031.94995117,2037.75,2038.25,3246650000,2038.25
2014-11-13,2046.18005371,2030.43994141,2039.20996094,2039.32995605,3455270000,2039.32995605
2014-11-14,2042.2199707,2035.19995117,2039.73999023,2039.81994629,3227130000,2039.81994629
2014-11-17,2043.06994629,2034.45996094,2038.29003906,2041.31994629,3152890000,2041.31994629
2014-11-18,2056.08007812,2041.47998047,2041.47998047,2051.80004883,3416190000,2051.80004883
2014-11-19,2052.13989258,2040.36999512,2051.15991211,2048.7199707,3390850000,2048.7199707
2014-11-20,2053.84008789,2040.48999023,2045.86999512,2052.75,3128290000,2052.75
2014-11-21,2071.45996094,2056.75,2057.45996094,2063.5,3916420000,2063.5
2014-11-24,2070.16992188,2065.07006836,2065.07006836,2069.40991211,3128060000,2069.40991211
2014-11-25,2074.20996094,2064.75,2070.14990234,2067.0300293,3392940000,2067.0300293
2014-11-26,2073.29003906,2066.62011719,2067.36010742,2072.83007812,2745260000,2072.83007812
2014-11-28,2075.76000977,2065.06005859,2074.7800293,2067.56005859,2504640000,2067.56005859
2014-12-01,2065.7800293,2049.57006836,2065.7800293,2053.43994141,4159010000,2053.43994141
2014-12-02,2068.77001953,2053.77001953,2053.77001953,2066.55004883,3686650000,2066.55004883
2014-12-03,2076.2800293,2066.64990234,2067.44995117,2074.33007812,3612680000,2074.33007812
2014-12-04,2077.34008789,2062.34008789,2073.63989258,2071.91992188,3408340000,2071.91992188
2014-12-05,2079.4699707,2070.81005859,2072.7800293,2075.37011719,3419620000,2075.37011719
2014-12-08,2075.7800293,2054.27001953,2074.84008789,2060.31005859,3800990000,2060.31005859
2014-12-09,2060.60009766,2034.17004395,2056.55004883,2059.82006836,3970150000,2059.82006836
2014-12-10,2058.86010742,2024.26000977,2058.86010742,2026.14001465,4114440000,2026.14001465
2014-12-11,2055.5300293,2027.92004395,2027.92004395,2035.32995605,3917950000,2035.32995605
2014-12-12,2032.25,2002.32995605,2030.35998535,2002.32995605,4157650000,2002.32995605
2014-12-15,2018.68994141,1982.26000977,2005.0300293,1989.63000488,4361990000,1989.63000488
2014-12-16,2016.89001465,1972.56005859,1986.70996094,1972.73999023,4958680000,1972.73999023
2014-12-17,2016.75,1973.77001953,1973.77001953,2012.89001465,4942370000,2012.89001465
2014-12-18,2061.22998047,2018.97998047,2018.97998047,2061.22998047,4703380000,2061.22998047
2014-12-19,2077.85009766,2061.0300293,2061.04003906,2070.64990234,6465530000,2070.64990234
2014-12-22,2078.76000977,2069.2800293,2069.2800293,2078.54003906,3369520000,2078.54003906
2014-12-23,2086.72998047,2079.77001953,2081.47998047,2082.16992188,3043950000,2082.16992188
2014-12-24,2087.56005859,2081.86010742,2083.25,2081.87988281,1416980000,2081.87988281
2014-12-26,2092.69995117,2084.30004883,2084.30004883,2088.77001953,1735230000,2088.77001953
2014-12-29,2093.55004883,2085.75,2087.62988281,2090.57006836,2452360000,2090.57006836
2014-12-30,2088.48999023,2079.5300293,2088.48999023,2080.35009766,2440280000,2080.35009766
2014-12-31,2085.58007812,2057.93994141,2082.11010742,2058.89990234,2606070000,2058.89990234
2015-01-02,2072.36010742,2046.04003906,2058.89990234,2058.19995117,2708700000,2058.19995117
2015-01-05,2054.43994141,2017.33996582,2054.43994141,2020.57995605,3799120000,2020.57995605
2015-01-06,2030.25,1992.43994141,2022.15002441,2002.60998535,4460110000,2002.60998535
2015-01-07,2029.60998535,2005.55004883,2005.55004883,2025.90002441,3805480000,2025.90002441
2015-01-08,2064.08007812,2030.60998535,2030.60998535,2062.13989258,3934010000,2062.13989258
2015-01-09,2064.42993164,2038.32995605,2063.44995117,2044.81005859,3364140000,2044.81005859
2015-01-12,2049.30004883,2022.57995605,2046.13000488,2028.26000977,3456460000,2028.26000977
2015-01-13,2056.92993164,2008.25,2031.57995605,2023.0300293,4107300000,2023.0300293
2015-01-14,2018.40002441,1988.43994141,2018.40002441,2011.27001953,4378680000,2011.27001953
2015-01-15,2021.34997559,1991.4699707,2013.75,1992.67004395,4276720000,1992.67004395
2015-01-16,2020.45996094,1988.11999512,1992.25,2019.42004395,4056410000,2019.42004395
2015-01-20,2028.93994141,2004.48999023,2020.76000977,2022.55004883,3944340000,2022.55004883
2015-01-21,2038.29003906,2012.04003906,2020.18994141,2032.11999512,3730070000,2032.11999512
2015-01-22,2064.62011719,2026.38000488,2034.30004883,2063.14990234,4176050000,2063.14990234
2015-01-23,2062.97998047,2050.54003906,2062.97998047,2051.82006836,3573560000,2051.82006836
2015-01-26,2057.62011719,2040.9699707,2050.41992188,2057.09008789,3465760000,2057.09008789
2015-01-27,2047.85998535,2019.91003418,2047.85998535,2029.55004883,3329810000,2029.55004883
2015-01-28,2042.48999023,2001.48999023,2032.33996582,2002.16003418,4067530000,2002.16003418
2015-01-29,2024.64001465,1989.18005371,2002.44995117,2021.25,4127140000,2021.25
2015-01-30,2023.31994629,1993.38000488,2019.34997559,1994.98999023,4568650000,1994.98999023
2015-02-02,2021.66003418,1980.90002441,1996.67004395,2020.84997559,4008330000,2020.84997559
2015-02-03,2050.30004883,2022.70996094,2022.70996094,2050.0300293,4615900000,2050.0300293
2015-02-04,2054.73999023,2036.7199707,2048.86010742,2041.51000977,4141920000,2041.51000977
2015-02-05,2063.55004883,2043.44995117,2043.44995117,2062.52001953,3821990000,2062.52001953
2015-02-06,2072.39990234,2049.9699707,2062.2800293,2055.4699707,4232970000,2055.4699707
2015-02-09,2056.15991211,2041.88000488,2053.4699707,2046.73999023,3549540000,2046.73999023
2015-02-10,2070.86010742,2048.62011719,2049.37988281,2068.59008789,3669850000,2068.59008789
2015-02-11,2073.47998047,2057.98999023,2068.55004883,2068.5300293,3596860000,2068.5300293
2015-02-12,2088.5300293,2069.97998047,2069.97998047,2088.47998047,3788350000,2088.47998047
2015-02-13,2097.0300293,2086.69995117,2088.7800293,2096.98999023,3527450000,2096.98999023
2015-02-17,2101.30004883,2089.80004883,2096.4699707,2100.34008789,3361750000,2100.34008789
2015-02-18,2100.22998047,2092.14990234,2099.15991211,2099.67993164,3370020000,2099.67993164
2015-02-19,2102.12988281,2090.79003906,2099.25,2097.44995117,3247100000,2097.44995117
2015-02-20,2110.61010742,2085.43994141,2097.64990234,2110.30004883,3281600000,2110.30004883
2015-02-23,2110.05004883,2103.0,2109.83007812,2109.65991211,3093680000,2109.65991211
2015-02-24,2117.93994141,2105.87011719,2109.10009766,2115.47998047,3199840000,2115.47998047
2015-02-25,2119.59008789,2109.88989258,2115.30004883,2113.86010742,3312340000,2113.86010742
2015-02-26,2113.90991211,2103.76000977,2113.90991211,2110.73999023,3408690000,2110.73999023
2015-02-27,2112.73999023,2103.75,2110.87988281,2104.5,3547380000,2104.5
2015-03-02,2117.52001953,2104.5,2105.22998047,2117.38989258,3409490000,2117.38989258
2015-03-03,2115.76000977,2098.26000977,2115.76000977,2107.7800293,3262300000,2107.7800293
2015-03-04,2107.7199707,2094.48999023,2107.7199707,2098.5300293,3421110000,2098.5300293
2015-03-05,2104.25,2095.2199707,2098.54003906,2101.04003906,3103030000,2101.04003906
2015-03-06,2100.90991211,2067.27001953,2100.90991211,2071.26000977,3853570000,2071.26000977
2015-03-09,2083.48999023,2072.20996094,2072.25,2079.42993164,3349090000,2079.42993164
2015-03-10,2076.13989258,2044.16003418,2076.13989258,2044.16003418,3668900000,2044.16003418
2015-03-11,2050.08007812,2039.68994141,2044.68994141,2040.23999023,3406570000,2040.23999023
2015-03-12,2066.40991211,2041.09997559,2041.09997559,2065.94995117,3405860000,2065.94995117
2015-03-13,2064.56005859,2041.17004395,2064.56005859,2053.39990234,3498560000,2053.39990234
2015-03-16,2081.40991211,2055.35009766,2055.35009766,2081.18994141,3295600000,2081.18994141
2015-03-17,2080.59008789,2065.08007812,2080.59008789,2074.2800293,3221840000,2074.2800293
2015-03-18,2106.85009766,2061.22998047,2072.84008789,2099.5,4128210000,2099.5
2015-03-19,2098.68994141,2085.56005859,2098.68994141,2089.27001953,3305220000,2089.27001953
2015-03-20,2113.91992188,2090.32006836,2090.32006836,2108.10009766,5554120000,2108.10009766
2015-03-23,2114.86010742,2104.41992188,2107.98999023,2104.41992188,3267960000,2104.41992188
2015-03-24,2107.62988281,2091.5,2103.93994141,2091.5,3189820000,2091.5
2015-03-25,2097.42993164,2061.05004883,2093.10009766,2061.05004883,3521140000,2061.05004883
2015-03-26,2067.14990234,2045.5,2059.93994141,2056.14990234,3510670000,2056.14990234
2015-03-27,2062.83007812,2052.95996094,2055.7800293,2061.02001953,3008550000,2061.02001953
2015-03-30,2088.9699707,2064.11010742,2064.11010742,2086.23999023,2917690000,2086.23999023
2015-03-31,2084.05004883,2067.04003906,2084.05004883,2067.88989258,3376550000,2067.88989258
2015-04-01,2067.62988281,2048.37988281,2067.62988281,2059.68994141,3543270000,2059.68994141
2015-04-02,2072.16992188,2057.32006836,2060.0300293,2066.95996094,3095960000,2066.95996094
2015-04-06,2086.98999023,2056.52001953,2064.87011719,2080.62011719,3302970000,2080.62011719
2015-04-07,2089.81005859,2076.10009766,2080.79003906,2076.33007812,3065510000,2076.33007812
2015-04-08,2086.68994141,2073.30004883,2076.93994141,2081.89990234,3265330000,2081.89990234
2015-04-09,2093.31005859,2074.29003906,2081.29003906,2091.17993164,3172360000,2091.17993164
2015-04-10,2102.61010742,2091.51000977,2091.51000977,2102.06005859,3156200000,2102.06005859
2015-04-13,2107.64990234,2092.33007812,2102.0300293,2092.42993164,2908420000,2092.42993164
2015-04-14,2098.62011719,2083.23999023,2092.2800293,2095.84008789,3301270000,2095.84008789
2015-04-15,2111.90991211,2097.82006836,2097.82006836,2106.62988281,4013760000,2106.62988281
2015-04-16,2111.30004883,2100.02001953,2105.95996094,2104.98999023,3434120000,2104.98999023
2015-04-17,2102.58007812,2072.37011719,2102.58007812,2081.17993164,3627600000,2081.17993164
2015-04-20,2103.93994141,2084.11010742,2084.11010742,2100.39990234,3000160000,2100.39990234
2015-04-21,2109.63989258,2094.37988281,2102.82006836,2097.29003906,3243410000,2097.29003906
2015-04-22,2109.97998047,2091.05004883,2098.27001953,2107.95996094,3348480000,2107.95996094
2015-04-23,2120.48999023,2103.18994141,2107.20996094,2112.92993164,3636670000,2112.92993164
2015-04-24,2120.91992188,2112.80004883,2112.80004883,2117.68994141,3375780000,2117.68994141
2015-04-27,2125.91992188,2107.04003906,2119.29003906,2108.91992188,3438750000,2108.91992188
2015-04-28,2116.04003906,2094.88989258,2108.35009766,2114.76000977,3546270000,2114.76000977
2015-04-29,2113.64990234,2097.40991211,2112.48999023,2106.85009766,4074970000,2106.85009766
2015-04-30,2105.52001953,2077.59008789,2105.52001953,2085.51000977,4509680000,2085.51000977
2015-05-01,2108.40991211,2087.37988281,2087.37988281,2108.29003906,3379390000,2108.29003906
2015-05-04,2120.94995117,2110.22998047,2110.22998047,2114.48999023,3091580000,2114.48999023
2015-05-05,2115.23999023,2088.45996094,2112.62988281,2089.45996094,3793950000,2089.45996094
2015-05-06,2098.41992188,2067.92993164,2091.26000977,2080.14990234,3792210000,2080.14990234
2015-05-07,2092.89990234,2074.98999023,2079.95996094,2088.0,3676640000,2088.0
2015-05-08,2117.65991211,2092.12988281,2092.12988281,2116.10009766,3399440000,2116.10009766
2015-05-11,2117.68994141,2104.58007812,2115.56005859,2105.33007812,2992670000,2105.33007812
2015-05-12,2105.06005859,2085.57006836,2102.87011719,2099.12011719,3139520000,2099.12011719
2015-05-13,2110.18994141,2096.04003906,2099.62011719,2098.47998047,3374260000,2098.47998047
2015-05-14,2121.44995117,2100.42993164,2100.42993164,2121.10009766,3225740000,2121.10009766
2015-05-15,2123.88989258,2116.81005859,2122.07006836,2122.72998047,3092080000,2122.72998047
2015-05-18,2131.7800293,2120.01000977,2121.30004883,2129.19995117,2888190000,2129.19995117
2015-05-19,2133.02001953,2124.5,2129.44995117,2127.83007812,3296030000,2127.83007812
2015-05-20,2134.7199707,2122.59008789,2127.79003906,2125.85009766,3025880000,2125.85009766
2015-05-21,2134.2800293,2122.94995117,2125.55004883,2130.82006836,3070460000,2130.82006836
2015-05-22,2132.14990234,2126.06005859,2130.36010742,2126.06005859,2571860000,2126.06005859
2015-05-26,2125.34008789,2099.17993164,2125.34008789,2104.19995117,3342130000,2104.19995117
2015-05-27,2126.2199707,2105.12988281,2105.12988281,2123.47998047,3127960000,2123.47998047
2015-05-28,2122.27001953,2112.86010742,2122.27001953,2120.79003906,2980350000,2120.79003906
2015-05-29,2120.65991211,2104.88989258,2120.65991211,2107.38989258,3927390000,2107.38989258
2015-06-01,2119.14990234,2102.54003906,2108.63989258,2111.72998047,3011710000,2111.72998047
2015-06-02,2117.59008789,2099.13989258,2110.40991211,2109.60009766,3049350000,2109.60009766
2015-06-03,2121.91992188,2109.61010742,2110.63989258,2114.07006836,3099980000,2114.07006836
2015-06-04,2112.88989258,2093.22998047,2112.35009766,2095.84008789,3200050000,2095.84008789
2015-06-05,2100.98999023,2085.66992188,2095.09008789,2092.83007812,3243690000,2092.83007812
2015-06-08,2093.01000977,2079.11010742,2092.34008789,2079.2800293,2917150000,2079.2800293
2015-06-09,2085.62011719,2072.13989258,2079.07006836,2080.14990234,3034580000,2080.14990234
2015-06-10,2108.5,2081.12011719,2081.12011719,2105.19995117,3414320000,2105.19995117
2015-06-11,2115.02001953,2106.23999023,2106.23999023,2108.86010742,3128600000,2108.86010742
2015-06-12,2107.42993164,2091.33007812,2107.42993164,2094.11010742,2719400000,2094.11010742
2015-06-15,2091.34008789,2072.48999023,2091.34008789,2084.42993164,3061570000,2084.42993164
2015-06-16,2097.39990234,2082.10009766,2084.26000977,2096.29003906,2919900000,2096.29003906
2015-06-17,2106.79003906,2088.86010742,2097.39990234,2100.43994141,3222240000,2100.43994141
2015-06-18,2126.64990234,2101.58007812,2101.58007812,2121.23999023,3520360000,2121.23999023
2015-06-19,2121.63989258,2109.44995117,2121.06005859,2109.98999023,4449810000,2109.98999023
2015-06-22,2129.87011719,2112.5,2112.5,2122.85009766,3030020000,2122.85009766
2015-06-23,2128.0300293,2119.88989258,2123.15991211,2124.19995117,3091190000,2124.19995117
2015-06-24,2125.10009766,2108.58007812,2123.64990234,2108.58007812,3102480000,2108.58007812
2015-06-25,2116.04003906,2101.7800293,2109.95996094,2102.31005859,3214610000,2102.31005859
2015-06-26,2108.91992188,2095.37988281,2102.62011719,2101.48999023,5025470000,2101.48999023
2015-06-29,2098.62988281,2056.63989258,2098.62988281,2057.63989258,3678960000,2057.63989258
2015-06-30,2074.2800293,2056.32006836,2061.18994141,2063.11010742,4078540000,2063.11010742
2015-07-01,2082.7800293,2067.0,2067.0,2077.41992188,3727260000,2077.41992188
2015-07-02,2085.06005859,2071.02001953,2078.0300293,2076.7800293,2996540000,2076.7800293
2015-07-06,2078.61010742,2058.39990234,2073.94995117,2068.76000977,3486360000,2068.76000977
2015-07-07,2083.73999023,2044.02001953,2069.52001953,2081.34008789,4458660000,2081.34008789
2015-07-08,2077.65991211,2044.66003418,2077.65991211,2046.68005371,3608780000,2046.68005371
2015-07-09,2074.2800293,2049.72998047,2049.72998047,2051.31005859,3446810000,2051.31005859
2015-07-10,2081.31005859,2052.73999023,2052.73999023,2076.62011719,3065070000,2076.62011719
2015-07-13,2100.66992188,2080.0300293,2080.0300293,2099.60009766,3096730000,2099.60009766
2015-07-14,2111.97998047,2098.17993164,2099.7199707,2108.94995117,3002120000,2108.94995117
2015-07-15,2114.13989258,2102.48999023,2109.01000977,2107.39990234,3261810000,2107.39990234
2015-07-16,2124.41992188,2110.55004883,2110.55004883,2124.29003906,3227080000,2124.29003906
2015-07-17,2128.90991211,2119.87988281,2126.80004883,2126.63989258,3362750000,2126.63989258
2015-07-20,2132.82006836,2123.65991211,2126.85009766,2128.2800293,3245870000,2128.2800293
2015-07-21,2128.48999023,2115.39990234,2127.55004883,2119.20996094,3343690000,2119.20996094
2015-07-22,2118.51000977,2110.0,2118.20996094,2114.14990234,3694070000,2114.14990234
2015-07-23,2116.87011719,2098.62988281,2114.15991211,2102.14990234,3772810000,2102.14990234
2015-07-24,2106.01000977,2077.09008789,2102.23999023,2079.64990234,3870040000,2079.64990234
2015-07-27,2078.18994141,2063.52001953,2078.18994141,2067.63989258,3836750000,2067.63989258
2015-07-28,2095.60009766,2069.09008789,2070.75,2093.25,4117740000,2093.25
2015-07-29,2110.60009766,2094.08007812,2094.69995117,2108.57006836,4038900000,2108.57006836
2015-07-30,2110.47998047,2094.9699707,2106.7800293,2108.62988281,3579410000,2108.62988281
2015-07-31,2114.23999023,2102.07006836,2111.60009766,2103.84008789,3681340000,2103.84008789
2015-08-03,2105.69995117,2087.31005859,2104.48999023,2098.04003906,3476770000,2098.04003906
2015-08-04,2102.51000977,2088.60009766,2097.67993164,2093.32006836,3546710000,2093.32006836
2015-08-05,2112.65991211,2095.27001953,2095.27001953,2099.84008789,3968680000,2099.84008789
2015-08-06,2103.32006836,2075.5300293,2100.75,2083.56005859,4246570000,2083.56005859
2015-08-07,2082.61010742,2067.90991211,2082.61010742,2077.57006836,3602320000,2077.57006836
2015-08-10,2105.35009766,2080.97998047,2080.97998047,2104.17993164,3514460000,2104.17993164
2015-08-11,2102.65991211,2076.48999023,2102.65991211,2084.07006836,3708880000,2084.07006836
2015-08-12,2089.06005859,2052.09008789,2081.10009766,2086.05004883,4269130000,2086.05004883
2015-08-13,2092.92993164,2078.26000977,2086.18994141,2083.38989258,3221300000,2083.38989258
2015-08-14,2092.44995117,2080.61010742,2083.14990234,2091.54003906,2795590000,2091.54003906
2015-08-17,2102.87011719,2079.30004883,2089.69995117,2102.43994141,2867690000,2102.43994141
2015-08-18,2103.4699707,2094.13989258,2101.98999023,2096.91992188,2949990000,2096.91992188
2015-08-19,2096.16992188,2070.5300293,2095.68994141,2079.61010742,3512920000,2079.61010742
2015-08-20,2076.61010742,2035.72998047,2076.61010742,2035.72998047,3922470000,2035.72998047
2015-08-21,2034.07995605,1970.89001465,2034.07995605,1970.89001465,5018240000,1970.89001465
2015-08-24,1965.15002441,1867.01000977,1965.15002441,1893.20996094,6612690000,1893.20996094
2015-08-25,1948.04003906,1867.07995605,1898.07995605,1867.60998535,5183560000,1867.60998535
2015-08-26,1943.08996582,1872.75,1872.75,1940.51000977,5338250000,1940.51000977
2015-08-27,1989.59997559,1942.77001953,1942.77001953,1987.66003418,5006390000,1987.66003418
2015-08-28,1993.47998047,1975.18994141,1986.06005859,1988.86999512,3949080000,1988.86999512
2015-08-31,1986.72998047,1965.97998047,1986.72998047,1972.18005371,3915100000,1972.18005371
2015-09-01,1970.08996582,1903.06994629,1970.08996582,1913.84997559,4371850000,1913.84997559
2015-09-02,1948.91003418,1916.52001953,1916.52001953,1948.85998535,3742620000,1948.85998535
2015-09-03,1975.01000977,1944.7199707,1950.79003906,1951.13000488,3520700000,1951.13000488
2015-09-04,1947.76000977,1911.20996094,1947.76000977,1921.2199707,3167090000,1921.2199707
2015-09-08,1970.42004395,1927.30004883,1927.30004883,1969.41003418,3548650000,1969.41003418
2015-09-09,1988.63000488,1937.88000488,1971.44995117,1942.04003906,3652120000,1942.04003906
2015-09-10,1965.29003906,1937.18994141,1941.58996582,1952.29003906,3626320000,1952.29003906
2015-09-11,1961.05004883,1939.18994141,1951.44995117,1961.05004883,3218590000,1961.05004883
2015-09-14,1963.06005859,1948.27001953,1963.06005859,1953.0300293,3000200000,1953.0300293
2015-09-15,1983.18994141,1954.30004883,1955.09997559,1978.08996582,3239860000,1978.08996582
2015-09-16,1997.26000977,1977.93005371,1978.02001953,1995.31005859,3630680000,1995.31005859
2015-09-17,2020.85998535,1986.72998047,1995.32995605,1990.19995117,4183790000,1990.19995117
2015-09-18,1989.66003418,1953.44995117,1989.66003418,1958.0300293,6021240000,1958.0300293
2015-09-21,1979.64001465,1955.80004883,1960.83996582,1966.9699707,3269350000,1966.9699707
2015-09-22,1961.39001465,1929.2199707,1961.39001465,1942.73999023,3808260000,1942.73999023
2015-09-23,1949.52001953,1932.56994629,1943.23999023,1938.76000977,3190530000,1938.76000977
2015-09-24,1937.17004395,1908.92004395,1934.81005859,1932.23999023,4091530000,1932.23999023
2015-09-25,1952.89001465,1921.5,1935.93005371,1931.33996582,3721870000,1931.33996582
2015-09-28,1929.18005371,1879.20996094,1929.18005371,1881.77001953,4326660000,1881.77001953
2015-09-29,1899.47998047,1871.91003418,1881.90002441,1884.08996582,4132390000,1884.08996582
2015-09-30,1920.5300293,1887.14001465,1887.14001465,1920.0300293,4525070000,1920.0300293
2015-10-01,1927.20996094,1900.69995117,1919.65002441,1923.81994629,3983600000,1923.81994629
2015-10-02,1951.35998535,1893.69995117,1921.77001953,1951.35998535,4378570000,1951.35998535
2015-10-05,1989.17004395,1954.32995605,1954.32995605,1987.05004883,4334490000,1987.05004883
2015-10-06,1991.61999512,1971.98999023,1986.63000488,1979.92004395,4202400000,1979.92004395
2015-10-07,1999.31005859,1976.43994141,1982.33996582,1995.82995605,4666470000,1995.82995605
2015-10-08,2016.5,1987.5300293,1994.01000977,2013.43005371,3939140000,2013.43005371
2015-10-09,2020.13000488,2007.60998535,2013.72998047,2014.89001465,3706900000,2014.89001465
2015-10-12,2018.66003418,2010.55004883,2015.65002441,2017.45996094,2893250000,2017.45996094
2015-10-13,2022.33996582,2001.7800293,2015.0,2003.68994141,3401920000,2003.68994141
2015-10-14,2009.56005859,1990.72998047,2003.66003418,1994.23999023,3644590000,1994.23999023
2015-10-15,2024.15002441,1996.4699707,1996.4699707,2023.85998535,3746290000,2023.85998535
2015-10-16,2033.54003906,2020.45996094,2024.36999512,2033.10998535,3595430000,2033.10998535
2015-10-19,2034.44995117,2022.31005859,2031.72998047,2033.66003418,3287320000,2033.66003418
2015-10-20,2039.11999512,2026.60998535,2033.13000488,2030.77001953,3331500000,2030.77001953
2015-10-21,2037.9699707,2017.2199707,2033.4699707,2018.93994141,3627790000,2018.93994141
2015-10-22,2055.19995117,2021.88000488,2021.88000488,2052.51000977,4430850000,2052.51000977
2015-10-23,2079.73999023,2058.18994141,2058.18994141,2075.14990234,4108460000,2075.14990234
2015-10-26,2075.13989258,2066.5300293,2075.08007812,2071.17993164,3385800000,2071.17993164
2015-10-27,2070.37011719,2058.84008789,2068.75,2065.88989258,4216880000,2065.88989258
2015-10-28,2090.35009766,2063.11010742,2066.47998047,2090.35009766,4698110000,2090.35009766
2015-10-29,2092.52001953,2082.62988281,2088.35009766,2089.40991211,4008940000,2089.40991211
2015-10-30,2094.32006836,2079.34008789,2090.0,2079.36010742,4256200000,2079.36010742
2015-11-02,2106.19995117,2080.76000977,2080.76000977,2104.05004883,3760020000,2104.05004883
2015-11-03,2116.47998047,2097.51000977,2102.62988281,2109.79003906,4272060000,2109.79003906
2015-11-04,2114.59008789,2096.97998047,2110.60009766,2102.31005859,4078870000,2102.31005859
2015-11-05,2108.7800293,2090.40991211,2101.67993164,2099.92993164,4051890000,2099.92993164
2015-11-06,2101.90991211,2083.73999023,2098.60009766,2099.19995117,4369020000,2099.19995117
2015-11-09,2096.56005859,2068.23999023,2096.56005859,2078.58007812,3882350000,2078.58007812
2015-11-10,2083.66992188,2069.90991211,2077.18994141,2081.7199707,3821440000,2081.7199707
2015-11-11,2086.93994141,2074.85009766,2083.40991211,2075.0,3692410000,2075.0
2015-11-12,2072.29003906,2045.66003418,2072.29003906,2045.9699707,4016370000,2045.9699707
2015-11-13,2044.64001465,2022.02001953,2044.64001465,2023.04003906,4278750000,2023.04003906
2015-11-16,2053.2199707,2019.39001465,2022.07995605,2053.18994141,3741240000,2053.18994141
2015-11-17,2066.68994141,2045.90002441,2053.66992188,2050.43994141,4427350000,2050.43994141
2015-11-18,2085.31005859,2051.98999023,2051.98999023,2083.58007812,3926390000,2083.58007812
2015-11-19,2086.73999023,2078.76000977,2083.69995117,2081.23999023,3628110000,2081.23999023
2015-11-20,2097.06005859,2082.82006836,2082.82006836,2089.16992188,3929600000,2089.16992188
2015-11-23,2095.61010742,2081.38989258,2089.40991211,2086.59008789,3587980000,2086.59008789
2015-11-24,2094.12011719,2070.29003906,2084.41992188,2089.13989258,3884930000,2089.13989258
2015-11-25,2093.0,2086.30004883,2089.30004883,2088.87011719,2852940000,2088.87011719
2015-11-27,2093.29003906,2084.12988281,2088.82006836,2090.11010742,1466840000,2090.11010742
2015-11-30,2093.81005859,2080.40991211,2090.94995117,2080.40991211,4275030000,2080.40991211
2015-12-01,2103.37011719,2082.92993164,2082.92993164,2102.62988281,3712120000,2102.62988281
2015-12-02,2104.27001953,2077.11010742,2101.70996094,2079.51000977,3950640000,2079.51000977
2015-12-03,2085.0,2042.34997559,2080.70996094,2049.62011719,4306490000,2049.62011719
2015-12-04,2093.84008789,2051.23999023,2051.23999023,2091.68994141,4214910000,2091.68994141
2015-12-07,2090.41992188,2066.7800293,2090.41992188,2077.07006836,4043820000,2077.07006836
2015-12-08,2073.85009766,2052.32006836,2073.38989258,2063.59008789,4173570000,2063.59008789
2015-12-09,2080.33007812,2036.5300293,2061.16992188,2047.61999512,4385250000,2047.61999512
2015-12-10,2067.64990234,2045.67004395,2047.93005371,2052.22998047,3715150000,2052.22998047
2015-12-11,2047.27001953,2008.80004883,2047.27001953,2012.36999512,4301060000,2012.36999512
2015-12-14,2022.92004395,1993.26000977,2013.36999512,2021.93994141,4612440000,2021.93994141
2015-12-15,2053.87011719,2025.55004883,2025.55004883,2043.41003418,4353540000,2043.41003418
2015-12-16,2076.7199707,2042.43005371,2046.5,2073.07006836,4635450000,2073.07006836
2015-12-17,2076.37011719,2041.66003418,2073.76000977,2041.89001465,4327390000,2041.89001465
2015-12-18,2040.81005859,2005.32995605,2040.81005859,2005.55004883,6683070000,2005.55004883
2015-12-21,2022.90002441,2005.93005371,2010.27001953,2021.15002441,3760280000,2021.15002441
2015-12-22,2042.73999023,2020.48999023,2023.15002441,2038.9699707,3520860000,2038.9699707
2015-12-23,2064.72998047,2042.19995117,2042.19995117,2064.29003906,3484090000,2064.29003906
2015-12-24,2067.36010742,2058.72998047,2063.52001953,2060.98999023,1411860000,2060.98999023
2015-12-28,2057.77001953,2044.19995117,2057.77001953,2056.5,2492510000,2056.5
2015-12-29,2081.56005859,2060.54003906,2060.54003906,2078.36010742,2542000000,2078.36010742
2015-12-30,2077.34008789,2061.9699707,2077.34008789,2063.36010742,2367430000,2063.36010742
2015-12-31,2062.54003906,2043.61999512,2060.59008789,2043.93994141,2655330000,2043.93994141
2016-01-04,2038.19995117,1989.68005371,2038.19995117,2012.66003418,4304880000,2012.66003418
2016-01-05,2021.93994141,2004.17004395,2013.7800293,2016.70996094,3706620000,2016.70996094
2016-01-06,2011.70996094,1979.05004883,2011.70996094,1990.26000977,4336660000,1990.26000977
2016-01-07,1985.31994629,1938.82995605,1985.31994629,1943.08996582,5076590000,1943.08996582
2016-01-08,1960.40002441,1918.45996094,1945.9699707,1922.0300293,4664940000,1922.0300293
2016-01-11,1935.65002441,1901.09997559,1926.11999512,1923.67004395,4607290000,1923.67004395
2016-01-12,1947.38000488,1914.34997559,1927.82995605,1938.68005371,4887260000,1938.68005371
2016-01-13,1950.32995605,1886.41003418,1940.33996582,1890.2800293,5087030000,1890.2800293
2016-01-14,1934.4699707,1878.93005371,1891.68005371,1921.83996582,5241110000,1921.83996582
2016-01-15,1916.68005371,1857.82995605,1916.68005371,1880.32995605,5468460000,1880.32995605
2016-01-19,1901.43994141,1864.59997559,1888.66003418,1881.32995605,4928350000,1881.32995605
2016-01-20,1876.18005371,1812.29003906,1876.18005371,1859.32995605,6416070000,1859.32995605
2016-01-21,1889.84997559,1848.97998047,1861.45996094,1868.98999023,5078810000,1868.98999023
2016-01-22,1908.84997559,1877.40002441,1877.40002441,1906.90002441,4901760000,1906.90002441
2016-01-25,1906.2800293,1875.9699707,1906.2800293,1877.07995605,4401380000,1877.07995605
2016-01-26,1906.72998047,1878.79003906,1878.79003906,1903.63000488,4357940000,1903.63000488
2016-01-27,1916.98999023,1872.69995117,1902.52001953,1882.94995117,4754040000,1882.94995117
2016-01-28,1902.95996094,1873.65002441,1885.2199707,1893.35998535,4693010000,1893.35998535
2016-01-29,1940.23999023,1894.0,1894.0,1940.23999023,5497570000,1940.23999023
2016-02-01,1947.19995117,1920.30004883,1936.93994141,1939.38000488,4322530000,1939.38000488
2016-02-02,1935.26000977,1897.29003906,1935.26000977,1903.0300293,4463190000,1903.0300293
2016-02-03,1918.01000977,1872.22998047,1907.06994629,1912.5300293,5172950000,1912.5300293
2016-02-04,1927.34997559,1900.52001953,1911.67004395,1915.44995117,5193320000,1915.44995117
2016-02-05,1913.06994629,1872.65002441,1913.06994629,1880.05004883,4929940000,1880.05004883
2016-02-08,1873.25,1828.45996094,1873.25,1853.43994141,5636460000,1853.43994141
2016-02-09,1868.25,1834.93994141,1848.45996094,1852.20996094,5183220000,1852.20996094
2016-02-10,1881.59997559,1850.31994629,1857.09997559,1851.85998535,4471170000,1851.85998535
2016-02-11,1847.0,1810.09997559,1847.0,1829.07995605,5500800000,1829.07995605
2016-02-12,1864.7800293,1833.40002441,1833.40002441,1864.7800293,4696920000,1864.7800293
2016-02-16,1895.77001953,1871.43994141,1871.43994141,1895.57995605,4570670000,1895.57995605
2016-02-17,1930.68005371,1898.80004883,1898.80004883,1926.81994629,5011540000,1926.81994629
2016-02-18,1930.0,1915.08996582,1927.56994629,1917.82995605,4436490000,1917.82995605
2016-02-19,1918.7800293,1902.17004395,1916.73999023,1917.7800293,4142850000,1917.7800293
2016-02-22,1946.69995117,1924.43994141,1924.43994141,1945.5,4054710000,1945.5
2016-02-23,1942.38000488,1919.43994141,1942.38000488,1921.27001953,3890650000,1921.27001953
2016-02-24,1932.07995605,1891.0,1917.56005859,1929.80004883,4317250000,1929.80004883
2016-02-25,1951.82995605,1925.41003418,1931.86999512,1951.69995117,4118210000,1951.69995117
2016-02-26,1962.95996094,1945.7800293,1954.94995117,1948.05004883,4348510000,1948.05004883
2016-02-29,1958.27001953,1931.81005859,1947.13000488,1932.22998047,4588180000,1932.22998047
2016-03-01,1978.34997559,1937.08996582,1937.08996582,1978.34997559,4819750000,1978.34997559
2016-03-02,1986.51000977,1968.80004883,1976.59997559,1986.44995117,4666610000,1986.44995117
2016-03-03,1993.68994141,1977.36999512,1985.59997559,1993.40002441,5081700000,1993.40002441
2016-03-04,2009.13000488,1986.77001953,1994.01000977,1999.98999023,6049930000,1999.98999023
2016-03-07,2006.11999512,1989.38000488,1996.10998535,2001.76000977,4968180000,2001.76000977
2016-03-08,1996.88000488,1977.43005371,1996.88000488,1979.26000977,4641650000,1979.26000977
2016-03-09,1992.68994141,1979.83996582,1981.43994141,1989.26000977,4038120000,1989.26000977
2016-03-10,2005.07995605,1969.25,1990.9699707,1989.56994629,4376790000,1989.56994629
2016-03-11,2022.36999512,1994.70996094,1994.70996094,2022.18994141,4078620000,2022.18994141
2016-03-14,2024.56994629,2012.05004883,2019.27001953,2019.64001465,3487850000,2019.64001465
2016-03-15,2015.93994141,2005.22998047,2015.27001953,2015.93005371,3560280000,2015.93005371
2016-03-16,2032.02001953,2010.04003906,2014.23999023,2027.2199707,4057020000,2027.2199707
2016-03-17,2046.23999023,2022.16003418,2026.90002441,2040.58996582,4530480000,2040.58996582
2016-03-18,2052.36010742,2041.16003418,2041.16003418,2049.58007812,6503140000,2049.58007812
2016-03-21,2053.90991211,2043.14001465,2047.88000488,2051.60009766,3376600000,2051.60009766
2016-03-22,2056.60009766,2040.56994629,2048.63989258,2049.80004883,3418460000,2049.80004883
2016-03-23,2048.55004883,2034.85998535,2048.55004883,2036.70996094,3639510000,2036.70996094
2016-03-24,2036.04003906,2022.48999023,2032.47998047,2035.93994141,3407720000,2035.93994141
2016-03-28,2042.67004395,2031.95996094,2037.89001465,2037.05004883,2809090000,2037.05004883
2016-03-29,2055.90991211,2028.31005859,2035.75,2055.01000977,3822330000,2055.01000977
2016-03-30,2072.20996094,2058.27001953,2058.27001953,2063.94995117,3590310000,2063.94995117
2016-03-31,2067.91992188,2057.45996094,2063.77001953,2059.73999023,3715280000,2059.73999023
2016-04-01,2075.07006836,2043.97998047,2056.62011719,2072.7800293,3749990000,2072.7800293
2016-04-04,2074.02001953,2062.57006836,2073.18994141,2066.12988281,3485710000,2066.12988281
2016-04-05,2062.5,2042.56005859,2062.5,2045.17004395,4154920000,2045.17004395
2016-04-06,2067.33007812,2043.08996582,2045.56005859,2066.65991211,3750800000,2066.65991211
2016-04-07,2063.01000977,2033.80004883,2063.01000977,2041.91003418,3801250000,2041.91003418
2016-04-08,2060.62988281,2041.68994141,2045.54003906,2047.59997559,3359530000,2047.59997559
2016-04-11,2062.92993164,2041.88000488,2050.22998047,2041.98999023,3567840000,2041.98999023
2016-04-12,2065.05004883,2039.73999023,2043.7199707,2061.7199707,4239740000,2061.7199707
2016-04-13,2083.17993164,2065.91992188,2065.91992188,2082.41992188,4191830000,2082.41992188
2016-04-14,2087.84008789,2078.12988281,2082.88989258,2082.7800293,3765870000,2082.7800293
2016-04-15,2083.2199707,2076.31005859,2083.10009766,2080.72998047,3701450000,2080.72998047
2016-04-18,2094.65991211,2073.64990234,2078.83007812,2094.34008789,3316880000,2094.34008789
2016-04-19,2104.05004883,2091.67993164,2096.05004883,2100.80004883,3896830000,2100.80004883
2016-04-20,2111.05004883,2096.32006836,2101.52001953,2102.39990234,4184880000,2102.39990234
2016-04-21,2103.7800293,2088.52001953,2102.09008789,2091.47998047,4175290000,2091.47998047
2016-04-22,2094.32006836,2081.19995117,2091.48999023,2091.58007812,3790580000,2091.58007812
2016-04-25,2089.37011719,2077.52001953,2089.37011719,2087.79003906,3319740000,2087.79003906
2016-04-26,2096.87011719,2085.80004883,2089.84008789,2091.69995117,3557190000,2091.69995117
2016-04-27,2099.88989258,2082.31005859,2092.33007812,2095.14990234,4100110000,2095.14990234
2016-04-28,2099.30004883,2071.62011719,2090.92993164,2075.81005859,4309840000,2075.81005859
2016-04-29,2073.85009766,2052.2800293,2071.82006836,2065.30004883,4704720000,2065.30004883
2016-05-02,2083.41992188,2066.11010742,2067.16992188,2081.42993164,3841110000,2081.42993164
2016-05-03,2077.17993164,2054.88989258,2077.17993164,2063.37011719,4173390000,2063.37011719
2016-05-04,2060.30004883,2045.55004883,2060.30004883,2051.12011719,4058560000,2051.12011719
2016-05-05,2060.22998047,2045.77001953,2052.94995117,2050.62988281,4008530000,2050.62988281
2016-05-06,2057.7199707,2039.44995117,2047.77001953,2057.13989258,3796350000,2057.13989258
2016-05-09,2064.14990234,2054.31005859,2057.55004883,2058.68994141,3788620000,2058.68994141
2016-05-10,2084.87011719,2062.62988281,2062.62988281,2084.38989258,3600200000,2084.38989258
2016-05-11,2083.29003906,2064.45996094,2083.29003906,2064.45996094,3821980000,2064.45996094
2016-05-12,2073.98999023,2053.12988281,2067.16992188,2064.11010742,3782390000,2064.11010742
2016-05-13,2066.79003906,2043.13000488,2062.5,2046.60998535,3579880000,2046.60998535
2016-05-16,2071.87988281,2046.5300293,2046.5300293,2066.65991211,3501360000,2066.65991211
2016-05-17,2065.68994141,2040.81994629,2065.04003906,2047.20996094,4108960000,2047.20996094
2016-05-18,2060.61010742,2034.48999023,2044.38000488,2047.63000488,4101320000,2047.63000488
2016-05-19,2044.20996094,2025.91003418,2044.20996094,2040.04003906,3846770000,2040.04003906
2016-05-20,2058.35009766,2041.88000488,2041.88000488,2052.32006836,3507650000,2052.32006836
2016-05-23,2055.58007812,2047.26000977,2052.22998047,2048.04003906,3055480000,2048.04003906
2016-05-24,2079.66992188,2052.64990234,2052.64990234,2076.06005859,3627340000,2076.06005859
2016-05-25,2094.72998047,2078.92993164,2078.92993164,2090.54003906,3859160000,2090.54003906
2016-05-26,2094.30004883,2087.08007812,2091.43994141,2090.10009766,3230990000,2090.10009766
2016-05-27,2099.06005859,2090.06005859,2090.06005859,2099.06005859,3079150000,2099.06005859
2016-05-31,2103.47998047,2088.65991211,2100.12988281,2096.94995117,4514410000,2096.94995117
2016-06-01,2100.9699707,2085.10009766,2093.93994141,2099.33007812,3525170000,2099.33007812
2016-06-02,2105.26000977,2088.59008789,2097.70996094,2105.26000977,3632720000,2105.26000977
2016-06-03,2104.07006836,2085.36010742,2104.07006836,2099.12988281,3627780000,2099.12988281
2016-06-06,2113.36010742,2100.83007812,2100.83007812,2109.40991211,3442020000,2109.40991211
2016-06-07,2119.2199707,2110.17993164,2110.17993164,2112.12988281,3534730000,2112.12988281
2016-06-08,2120.55004883,2112.70996094,2112.70996094,2119.12011719,3562060000,2119.12011719
2016-06-09,2117.63989258,2107.72998047,2115.64990234,2115.47998047,3290320000,2115.47998047
2016-06-10,2109.57006836,2089.95996094,2109.57006836,2096.07006836,3515010000,2096.07006836
2016-06-13,2098.12011719,2078.45996094,2091.75,2079.06005859,3392030000,2079.06005859
2016-06-14,2081.30004883,2064.10009766,2076.64990234,2075.32006836,3759770000,2075.32006836
2016-06-15,2085.64990234,2069.80004883,2077.60009766,2071.5,3544720000,2071.5
2016-06-16,2079.62011719,2050.37011719,2066.36010742,2077.98999023,3628280000,2077.98999023
2016-06-17,2078.19995117,2062.84008789,2078.19995117,2071.2199707,4952630000,2071.2199707
2016-06-20,2100.65991211,2075.58007812,2075.58007812,2083.25,3467440000,2083.25
2016-06-21,2093.65991211,2083.02001953,2085.18994141,2088.89990234,3232880000,2088.89990234
2016-06-22,2099.70996094,2084.36010742,2089.75,2085.44995117,3168160000,2085.44995117
2016-06-23,2113.32006836,2092.80004883,2092.80004883,2113.32006836,3297940000,2113.32006836
2016-06-24,2103.81005859,2032.56994629,2103.81005859,2037.41003418,7597450000,2037.41003418
2016-06-27,2031.44995117,1991.68005371,2031.44995117,2000.54003906,5431220000,2000.54003906
2016-06-28,2036.08996582,2006.67004395,2006.67004395,2036.08996582,4385810000,2036.08996582
2016-06-29,2073.12988281,2042.68994141,2042.68994141,2070.77001953,4241740000,2070.77001953
2016-06-30,2098.93994141,2070.0,2073.16992188,2098.86010742,4622820000,2098.86010742
2016-07-01,2108.70996094,2097.89990234,2099.34008789,2102.94995117,3458890000,2102.94995117
2016-07-05,2095.05004883,2080.86010742,2095.05004883,2088.55004883,3658380000,2088.55004883
2016-07-06,2100.7199707,2074.02001953,2084.42993164,2099.72998047,3909380000,2099.72998047
2016-07-07,2109.08007812,2089.38989258,2100.41992188,2097.89990234,3604550000,2097.89990234
2016-07-08,2131.70996094,2106.9699707,2106.9699707,2129.89990234,3607500000,2129.89990234
2016-07-11,2143.15991211,2131.7199707,2131.7199707,2137.15991211,3253340000,2137.15991211
2016-07-12,2155.39990234,2139.5,2139.5,2152.13989258,4097820000,2152.13989258
2016-07-13,2156.44995117,2146.20996094,2153.81005859,2152.42993164,3502320000,2152.42993164
2016-07-14,2168.98999023,2157.87988281,2157.87988281,2163.75,3465610000,2163.75
2016-07-15,2169.05004883,2155.79003906,2165.12988281,2161.73999023,3122600000,2161.73999023
2016-07-18,2168.35009766,2159.62988281,2162.04003906,2166.88989258,3009310000,2166.88989258
2016-07-19,2164.62988281,2159.01000977,2163.79003906,2163.7800293,2968340000,2163.7800293
2016-07-20,2175.62988281,2164.88989258,2166.10009766,2173.02001953,3211860000,2173.02001953
2016-07-21,2174.56005859,2159.75,2172.90991211,2165.16992188,3438900000,2165.16992188
2016-07-22,2175.11010742,2163.23999023,2166.4699707,2175.0300293,3023280000,2175.0300293
2016-07-25,2173.70996094,2161.94995117,2173.70996094,2168.47998047,3057240000,2168.47998047
2016-07-26,2173.54003906,2160.17993164,2168.9699707,2169.17993164,3442350000,2169.17993164
2016-07-27,2174.97998047,2159.07006836,2169.81005859,2166.58007812,3995500000,2166.58007812
2016-07-28,2172.85009766,2159.73999023,2166.05004883,2170.06005859,3664240000,2170.06005859
2016-07-29,2177.09008789,2163.48999023,2168.83007812,2173.60009766,4038840000,2173.60009766
2016-08-01,2178.29003906,2166.20996094,2173.14990234,2170.84008789,3505990000,2170.84008789
2016-08-02,2170.19995117,2147.58007812,2169.93994141,2157.0300293,3848750000,2157.0300293
2016-08-03,2163.79003906,2152.56005859,2156.81005859,2163.79003906,3786530000,2163.79003906
2016-08-04,2168.18994141,2159.07006836,2163.51000977,2164.25,3709200000,2164.25
2016-08-05,2182.87011719,2168.79003906,2168.79003906,2182.87011719,3663070000,2182.87011719
2016-08-08,2185.43994141,2177.85009766,2183.76000977,2180.88989258,3327550000,2180.88989258
2016-08-09,2187.65991211,2178.61010742,2182.23999023,2181.73999023,3334300000,2181.73999023
2016-08-10,2183.40991211,2172.0,2182.81005859,2175.48999023,3254950000,2175.48999023
2016-08-11,2188.44995117,2177.9699707,2177.9699707,2185.79003906,3423160000,2185.79003906
2016-08-12,2186.2800293,2179.41992188,2183.73999023,2184.05004883,3000660000,2184.05004883
2016-08-15,2193.81005859,2186.08007812,2186.08007812,2190.14990234,3078530000,2190.14990234
2016-08-16,2186.23999023,2178.13989258,2186.23999023,2178.14990234,3196400000,2178.14990234
2016-08-17,2183.08007812,2168.5,2177.84008789,2182.2199707,3388910000,2182.2199707
2016-08-18,2187.0300293,2180.45996094,2181.89990234,2187.02001953,3300570000,2187.02001953
2016-08-19,2185.0,2175.12988281,2184.23999023,2183.87011719,3084800000,2183.87011719
2016-08-22,2185.14990234,2175.95996094,2181.58007812,2182.63989258,2777550000,2182.63989258
2016-08-23,2193.41992188,2186.80004883,2187.81005859,2186.89990234,3041490000,2186.89990234
2016-08-24,2186.65991211,2171.25,2185.09008789,2175.43994141,3148280000,2175.43994141
2016-08-25,2179.0,2169.73999023,2173.29003906,2172.4699707,2969310000,2172.4699707
2016-08-26,2187.93994141,2160.38989258,2175.10009766,2169.04003906,3342340000,2169.04003906
2016-08-29,2183.47998047,2170.18994141,2170.18994141,2180.37988281,2654780000,2180.37988281
2016-08-30,2182.27001953,2170.40991211,2179.44995117,2176.12011719,3006800000,2176.12011719
2016-08-31,2173.79003906,2161.35009766,2173.56005859,2170.94995117,3766390000,2170.94995117
2016-09-01,2173.56005859,2157.09008789,2171.33007812,2170.86010742,3392120000,2170.86010742
2016-09-02,2184.87011719,2173.59008789,2177.48999023,2179.97998047,3091120000,2179.97998047
2016-09-06,2186.57006836,2175.10009766,2181.61010742,2186.47998047,3447650000,2186.47998047
2016-09-07,2187.87011719,2179.07006836,2185.16992188,2186.15991211,3319420000,2186.15991211
2016-09-08,2184.93994141,2177.48999023,2182.76000977,2181.30004883,3727840000,2181.30004883
2016-09-09,2169.08007812,2127.81005859,2169.08007812,2127.81005859,4233960000,2127.81005859
2016-09-12,2163.30004883,2119.12011719,2120.86010742,2159.04003906,4010480000,2159.04003906
2016-09-13,2150.4699707,2120.27001953,2150.4699707,2127.02001953,4141670000,2127.02001953
2016-09-14,2141.33007812,2119.89990234,2127.86010742,2125.77001953,3664100000,2125.77001953
2016-09-15,2151.31005859,2122.36010742,2125.36010742,2147.26000977,3373720000,2147.26000977
2016-09-16,2146.47998047,2131.19995117,2146.47998047,2139.15991211,5014360000,2139.15991211
2016-09-19,2153.61010742,2135.90991211,2143.98999023,2139.12011719,3163000000,2139.12011719
2016-09-20,2150.80004883,2139.16992188,2145.93994141,2139.76000977,3140730000,2139.76000977
2016-09-21,2165.11010742,2139.57006836,2144.58007812,2163.12011719,3712090000,2163.12011719
2016-09-22,2179.98999023,2170.93994141,2170.93994141,2177.17993164,3552830000,2177.17993164
2016-09-23,2173.75,2163.9699707,2173.29003906,2164.68994141,3317190000,2164.68994141
2016-09-26,2158.54003906,2145.04003906,2158.54003906,2146.10009766,3216170000,2146.10009766
2016-09-27,2161.12988281,2141.55004883,2146.04003906,2159.92993164,3437770000,2159.92993164
2016-09-28,2172.39990234,2151.79003906,2161.85009766,2171.37011719,3891460000,2171.37011719
2016-09-29,2172.66992188,2145.19995117,2168.89990234,2151.12988281,4249220000,2151.12988281
2016-09-30,2175.30004883,2156.51000977,2156.51000977,2168.27001953,4173340000,2168.27001953
2016-10-03,2164.40991211,2154.77001953,2164.33007812,2161.19995117,3137550000,2161.19995117
2016-10-04,2165.45996094,2144.01000977,2163.37011719,2150.48999023,3750890000,2150.48999023
2016-10-05,2163.94995117,2155.14990234,2155.14990234,2159.72998047,3906550000,2159.72998047
2016-10-06,2162.92993164,2150.2800293,2158.2199707,2160.77001953,3461550000,2160.77001953
2016-10-07,2165.86010742,2144.85009766,2164.18994141,2153.73999023,3619890000,2153.73999023
2016-10-10,2169.60009766,2160.38989258,2160.38989258,2163.65991211,2916550000,2163.65991211
2016-10-11,2161.56005859,2128.84008789,2161.35009766,2136.72998047,3438270000,2136.72998047
2016-10-12,2145.36010742,2132.77001953,2137.66992188,2139.17993164,2977100000,2139.17993164
2016-10-13,2138.18994141,2114.7199707,2130.26000977,2132.55004883,3580450000,2132.55004883
2016-10-14,2149.18994141,2132.97998047,2139.67993164,2132.97998047,3228150000,2132.97998047
2016-10-17,2135.61010742,2124.42993164,2132.94995117,2126.5,2830390000,2126.5
2016-10-18,2144.37988281,2135.48999023,2138.31005859,2139.60009766,3170000000,2139.60009766
2016-10-19,2148.43994141,2138.14990234,2140.81005859,2144.29003906,3362670000,2144.29003906
2016-10-20,2147.17993164,2133.43994141,2142.51000977,2141.34008789,3337170000,2141.34008789
2016-10-21,2142.62988281,2130.09008789,2139.42993164,2141.15991211,3448850000,2141.15991211
2016-10-24,2154.79003906,2146.90991211,2148.5,2151.33007812,3357320000,2151.33007812
2016-10-25,2151.43994141,2141.92993164,2149.7199707,2143.15991211,3751340000,2143.15991211
2016-10-26,2145.72998047,2131.59008789,2136.9699707,2139.42993164,3775200000,2139.42993164
2016-10-27,2147.12988281,2132.52001953,2144.06005859,2133.04003906,4204830000,2133.04003906
2016-10-28,2140.7199707,2119.36010742,2132.22998047,2126.40991211,4019510000,2126.40991211
2016-10-31,2133.25,2125.5300293,2129.7800293,2126.14990234,3922400000,2126.14990234
2016-11-01,2131.44995117,2097.85009766,2128.67993164,2111.7199707,4532160000,2111.7199707
2016-11-02,2111.76000977,2094.0,2109.42993164,2097.93994141,4248580000,2097.93994141
2016-11-03,2102.56005859,2085.22998047,2098.80004883,2088.65991211,3886740000,2088.65991211
2016-11-04,2099.07006836,2083.79003906,2083.79003906,2085.17993164,3837860000,2085.17993164
2016-11-07,2132.0,2100.59008789,2100.59008789,2131.52001953,3736060000,2131.52001953
2016-11-08,2146.87011719,2123.56005859,2129.91992188,2139.56005859,3916930000,2139.56005859
2016-11-09,2170.10009766,2125.35009766,2131.56005859,2163.26000977,6264150000,2163.26000977
2016-11-10,2182.30004883,2151.16992188,2167.48999023,2167.47998047,6451640000,2167.47998047
2016-11-11,2165.91992188,2152.48999023,2162.70996094,2164.44995117,4988050000,2164.44995117
2016-11-14,2171.36010742,2156.08007812,2165.63989258,2164.19995117,5367200000,2164.19995117
2016-11-15,2180.84008789,2166.37988281,2168.29003906,2180.38989258,4543860000,2180.38989258
2016-11-16,2179.2199707,2172.19995117,2177.5300293,2176.93994141,3830590000,2176.93994141
2016-11-17,2188.06005859,2176.64990234,2178.61010742,2187.12011719,3809160000,2187.12011719
2016-11-18,2189.88989258,2180.37988281,2186.85009766,2181.89990234,3572400000,2181.89990234
2016-11-21,2198.69995117,2186.42993164,2186.42993164,2198.17993164,3607010000,2198.17993164
2016-11-22,2204.80004883,2194.51000977,2201.56005859,2202.93994141,3957940000,2202.93994141
2016-11-23,2204.7199707,2194.51000977,2198.55004883,2204.7199707,3418640000,2204.7199707
2016-11-25,2213.35009766,2206.27001953,2206.27001953,2213.35009766,1584600000,2213.35009766
2016-11-28,2211.13989258,2200.36010742,2210.20996094,2201.7199707,3505650000,2201.7199707
2016-11-29,2210.45996094,2198.14990234,2200.76000977,2204.65991211,3706560000,2204.65991211
2016-11-30,2214.10009766,2198.81005859,2204.9699707,2198.81005859,5533980000,2198.81005859
2016-12-01,2202.60009766,2187.43994141,2200.16992188,2191.08007812,5063740000,2191.08007812
2016-12-02,2197.94995117,2188.37011719,2191.12011719,2191.94995117,3779500000,2191.94995117
2016-12-05,2209.41992188,2199.9699707,2200.64990234,2204.70996094,3895230000,2204.70996094
2016-12-06,2212.7800293,2202.20996094,2207.26000977,2212.22998047,3855320000,2212.22998047
2016-12-07,2241.62988281,2208.92993164,2210.7199707,2241.35009766,4501820000,2241.35009766
2016-12-08,2251.68994141,2237.57006836,2241.12988281,2246.18994141,4200580000,2246.18994141
2016-12-09,2259.80004883,2249.22998047,2249.72998047,2259.5300293,3884480000,2259.5300293
2016-12-12,2264.0300293,2252.37011719,2258.83007812,2256.95996094,4034510000,2256.95996094
2016-12-13,2277.5300293,2263.32006836,2263.32006836,2271.7199707,3857590000,2271.7199707
2016-12-14,2276.19995117,2248.43994141,2268.35009766,2253.2800293,4406970000,2253.2800293
2016-12-15,2272.12011719,2253.77001953,2253.77001953,2262.0300293,4168200000,2262.0300293
2016-12-16,2268.05004883,2254.23999023,2266.81005859,2258.07006836,5920340000,2258.07006836
2016-12-19,2267.4699707,2258.20996094,2259.23999023,2262.5300293,3248370000,2262.5300293
2016-12-20,2272.56005859,2266.13989258,2266.5,2270.76000977,3298780000,2270.76000977
2016-12-21,2271.22998047,2265.14990234,2270.54003906,2265.17993164,2852230000,2265.17993164
2016-12-22,2263.17993164,2256.08007812,2262.92993164,2260.95996094,2876320000,2260.95996094
2016-12-23,2263.79003906,2258.84008789,2260.25,2263.79003906,2020550000,2263.79003906
2016-12-27,2273.82006836,2266.14990234,2266.22998047,2268.87988281,1987080000,2268.87988281
2016-12-28,2271.31005859,2249.11010742,2270.22998047,2249.91992188,2392360000,2249.91992188
2016-12-29,2254.51000977,2244.56005859,2249.5,2249.26000977,2336370000,2249.26000977
2016-12-30,2253.58007812,2233.62011719,2251.61010742,2238.83007812,2670900000,2238.83007812
2017-01-03,2263.87988281,2245.12988281,2251.57006836,2257.83007812,3770530000,2257.83007812
2017-01-04,2272.82006836,2261.60009766,2261.60009766,2270.75,3764890000,2270.75
2017-01-05,2271.5,2260.44995117,2268.17993164,2269.0,3761820000,2269.0
2017-01-06,2282.10009766,2264.06005859,2271.13989258,2276.97998047,3339890000,2276.97998047
2017-01-09,2275.48999023,2268.89990234,2273.59008789,2268.89990234,3217610000,2268.89990234
2017-01-10,2279.27001953,2265.27001953,2269.7199707,2268.89990234,3638790000,2268.89990234
2017-01-11,2275.32006836,2260.83007812,2268.60009766,2275.32006836,3620410000,2275.32006836
2017-01-12,2271.7800293,2254.25,2271.13989258,2270.43994141,3462130000,2270.43994141
2017-01-13,2278.67993164,2271.51000977,2272.73999023,2274.63989258,3081270000,2274.63989258
2017-01-17,2272.08007812,2262.81005859,2269.13989258,2267.88989258,3584990000,2267.88989258
2017-01-18,2272.01000977,2263.35009766,2269.13989258,2271.88989258,3315250000,2271.88989258
2017-01-19,2274.33007812,2258.40991211,2271.89990234,2263.68994141,3165970000,2263.68994141
2017-01-20,2276.95996094,2265.01000977,2269.95996094,2271.31005859,3524970000,2271.31005859
2017-01-23,2271.7800293,2257.02001953,2267.7800293,2265.19995117,3152710000,2265.19995117
2017-01-24,2284.62988281,2266.67993164,2267.87988281,2280.07006836,3810960000,2280.07006836
2017-01-25,2299.55004883,2288.87988281,2288.87988281,2298.37011719,3846020000,2298.37011719
2017-01-26,2300.98999023,2294.08007812,2298.62988281,2296.67993164,3610360000,2296.67993164
2017-01-27,2299.02001953,2291.62011719,2299.02001953,2294.68994141,3135890000,2294.68994141
2017-01-30,2286.01000977,2268.04003906,2286.01000977,2280.89990234,3591270000,2280.89990234
2017-01-31,2279.09008789,2267.20996094,2274.02001953,2278.87011719,4087450000,2278.87011719
2017-02-01,2289.13989258,2272.43994141,2285.59008789,2279.55004883,3916610000,2279.55004883
2017-02-02,2283.9699707,2271.64990234,2276.68994141,2280.85009766,3807710000,2280.85009766
2017-02-03,2298.31005859,2287.87988281,2288.54003906,2297.41992188,3597970000,2297.41992188
2017-02-06,2296.17993164,2288.57006836,2294.2800293,2292.56005859,3109050000,2292.56005859
2017-02-07,2299.39990234,2290.15991211,2295.87011719,2293.08007812,3448690000,2293.08007812
2017-02-08,2295.90991211,2285.37988281,2289.55004883,2294.66992188,3609740000,2294.66992188
2017-02-09,2311.08007812,2296.61010742,2296.69995117,2307.87011719,3677940000,2307.87011719
2017-02-10,2319.22998047,2311.10009766,2312.27001953,2316.10009766,3475020000,2316.10009766
2017-02-13,2331.58007812,2321.41992188,2321.7199707,2328.25,3349730000,2328.25
2017-02-14,2337.58007812,2322.16992188,2326.12011719,2337.58007812,3520910000,2337.58007812
2017-02-15,2351.30004883,2334.81005859,2335.58007812,2349.25,3775590000,2349.25
2017-02-16,2351.31005859,2338.87011719,2349.63989258,2347.2199707,3672370000,2347.2199707
2017-02-17,2351.15991211,2339.58007812,2343.01000977,2351.15991211,3513060000,2351.15991211
2017-02-21,2366.70996094,2354.90991211,2354.90991211,2365.37988281,3579780000,2365.37988281
2017-02-22,2365.12988281,2358.34008789,2361.11010742,2362.82006836,3468670000,2362.82006836
2017-02-23,2368.26000977,2355.09008789,2367.5,2363.81005859,4015260000,2363.81005859
2017-02-24,2367.34008789,2352.87011719,2355.72998047,2367.34008789,3831570000,2367.34008789
2017-02-27,2371.54003906,2361.87011719,2365.22998047,2369.75,3582610000,2369.75
2017-02-28,2367.79003906,2358.95996094,2366.08007812,2363.63989258,4210140000,2363.63989258
2017-03-01,2400.97998047,2380.12988281,2380.12988281,2395.95996094,4345180000,2395.95996094
2017-03-02,2394.75,2380.16992188,2394.75,2381.91992188,3821320000,2381.91992188
2017-03-03,2383.88989258,2375.38989258,2380.91992188,2383.12011719,3555260000,2383.12011719
2017-03-06,2378.80004883,2367.97998047,2375.22998047,2375.31005859,3232700000,2375.31005859
2017-03-07,2375.12011719,2365.51000977,2370.73999023,2368.38989258,3518390000,2368.38989258
2017-03-08,2373.09008789,2361.01000977,2369.81005859,2362.97998047,3812100000,2362.97998047
2017-03-09,2369.08007812,2354.54003906,2363.48999023,2364.87011719,3716340000,2364.87011719
2017-03-10,2376.86010742,2363.04003906,2372.52001953,2372.60009766,3432950000,2372.60009766
2017-03-13,2374.41992188,2368.52001953,2371.56005859,2373.4699707,3133900000,2373.4699707
2017-03-14,2368.55004883,2358.17993164,2368.55004883,2365.44995117,3172630000,2365.44995117
2017-03-15,2390.01000977,2368.93994141,2370.34008789,2385.26000977,3906840000,2385.26000977
2017-03-16,2388.10009766,2377.17993164,2387.70996094,2381.37988281,3365660000,2381.37988281
2017-03-17,2385.70996094,2377.63989258,2383.70996094,2378.25,5178040000,2378.25
2017-03-20,2379.55004883,2369.65991211,2378.23999023,2373.4699707,3054930000,2373.4699707
2017-03-21,2381.92993164,2341.89990234,2379.32006836,2344.02001953,4265590000,2344.02001953
2017-03-22,2351.81005859,2336.44995117,2343.0,2348.44995117,3572730000,2348.44995117
2017-03-23,2358.91992188,2342.12988281,2345.9699707,2345.95996094,3260600000,2345.95996094
2017-03-24,2356.2199707,2335.73999023,2350.41992188,2343.97998047,2975130000,2343.97998047
2017-03-27,2344.89990234,2322.25,2329.11010742,2341.59008789,3240230000,2341.59008789
2017-03-28,2363.7800293,2337.62988281,2339.79003906,2358.57006836,3367780000,2358.57006836
2017-03-29,2363.36010742,2352.93994141,2356.54003906,2361.12988281,3106940000,2361.12988281
2017-03-30,2370.41992188,2358.58007812,2361.31005859,2368.06005859,3158420000,2368.06005859
2017-03-31,2370.35009766,2362.60009766,2364.82006836,2362.7199707,3354110000,2362.7199707
2017-04-03,2365.87011719,2344.72998047,2362.34008789,2358.84008789,3416400000,2358.84008789
2017-04-04,2360.5300293,2350.7199707,2354.76000977,2360.15991211,3206240000,2360.15991211
2017-04-05,2378.36010742,2350.52001953,2366.59008789,2352.94995117,3770520000,2352.94995117
2017-04-06,2364.15991211,2348.89990234,2353.79003906,2357.48999023,3201920000,2357.48999023
2017-04-07,2363.76000977,2350.73999023,2356.59008789,2355.54003906,3053150000,2355.54003906
2017-04-10,2366.37011719,2351.5,2357.15991211,2357.15991211,2785410000,2357.15991211
2017-04-11,2355.2199707,2337.25,2353.91992188,2353.7800293,3117420000,2353.7800293
2017-04-12,2352.7199707,2341.17993164,2352.14990234,2344.92993164,3196950000,2344.92993164
2017-04-13,2348.26000977,2328.94995117,2341.97998047,2328.94995117,3143890000,2328.94995117
2017-04-17,2349.13989258,2332.51000977,2332.62011719,2349.01000977,2824710000,2349.01000977
2017-04-18,2348.35009766,2334.54003906,2342.5300293,2342.18994141,3269840000,2342.18994141
2017-04-19,2352.62988281,2335.05004883,2346.79003906,2338.16992188,3519900000,2338.16992188
2017-04-20,2361.37011719,2340.90991211,2342.68994141,2355.84008789,3647420000,2355.84008789
2017-04-21,2356.17993164,2344.51000977,2354.73999023,2348.68994141,3503360000,2348.68994141
2017-04-24,2376.97998047,2369.18994141,2370.33007812,2374.14990234,3690650000,2374.14990234
2017-04-25,2392.47998047,2381.14990234,2381.51000977,2388.61010742,3995240000,2388.61010742
2017-04-26,2398.15991211,2386.7800293,2388.97998047,2387.44995117,4105920000,2387.44995117
2017-04-27,2392.10009766,2382.67993164,2389.69995117,2388.77001953,4098460000,2388.77001953
2017-04-28,2393.67993164,2382.36010742,2393.67993164,2384.19995117,3718270000,2384.19995117
2017-05-01,2394.48999023,2384.83007812,2388.5,2388.33007812,3199240000,2388.33007812
2017-05-02,2392.92993164,2385.82006836,2391.05004883,2391.16992188,3813680000,2391.16992188
2017-05-03,2389.82006836,2379.75,2386.5,2388.12988281,3893990000,2388.12988281
2017-05-04,2391.42993164,2380.35009766,2389.79003906,2389.52001953,4362540000,2389.52001953
2017-05-05,2399.29003906,2389.37988281,2392.37011719,2399.29003906,3540140000,2399.29003906
2017-05-08,2401.36010742,2393.91992188,2399.93994141,2399.37988281,3429440000,2399.37988281
2017-05-09,2403.87011719,2392.43994141,2401.58007812,2396.91992188,3653590000,2396.91992188
2017-05-10,2399.73999023,2392.79003906,2396.79003906,2399.62988281,3643530000,2399.62988281
2017-05-11,2395.7199707,2381.73999023,2394.84008789,2394.43994141,3727420000,2394.43994141
2017-05-12,2392.43994141,2387.18994141,2392.43994141,2390.89990234,3305630000,2390.89990234
2017-05-15,2404.05004883,2393.93994141,2393.97998047,2402.32006836,3473600000,2402.32006836
2017-05-16,2405.77001953,2396.05004883,2404.55004883,2400.66992188,3420790000,2400.66992188
2017-05-17,2384.87011719,2356.20996094,2382.94995117,2357.0300293,4163000000,2357.0300293
2017-05-18,2375.73999023,2352.7199707,2354.68994141,2365.7199707,4319420000,2365.7199707
2017-05-19,2389.06005859,2370.42993164,2371.37011719,2381.72998047,3825160000,2381.72998047
2017-05-22,2395.45996094,2386.91992188,2387.20996094,2394.02001953,3172830000,2394.02001953
2017-05-23,2400.85009766,2393.87988281,2397.04003906,2398.41992188,3213570000,2398.41992188
2017-05-24,2405.58007812,2397.98999023,2401.40991211,2404.38989258,3389900000,2404.38989258
2017-05-25,2418.70996094,2408.01000977,2409.54003906,2415.07006836,3535390000,2415.07006836
2017-05-26,2416.67993164,2412.19995117,2414.5,2415.82006836,2805040000,2415.82006836
2017-05-30,2415.26000977,2409.42993164,2411.66992188,2412.90991211,3203160000,2412.90991211
2017-05-31,2415.98999023,2403.59008789,2415.62988281,2411.80004883,4516110000,2411.80004883
2017-06-01,2430.06005859,2413.54003906,2415.64990234,2430.06005859,3857140000,2430.06005859
2017-06-02,2440.22998047,2427.70996094,2431.2800293,2439.07006836,3461680000,2439.07006836
2017-06-05,2439.55004883,2434.32006836,2437.83007812,2436.10009766,2912600000,2436.10009766
2017-06-06,2436.20996094,2428.12011719,2431.91992188,2429.33007812,3357840000,2429.33007812
2017-06-07,2435.2800293,2424.75,2432.0300293,2433.13989258,3572300000,2433.13989258
2017-06-08,2439.27001953,2427.93994141,2434.27001953,2433.79003906,3728860000,2433.79003906
2017-06-09,2446.19995117,2415.69995117,2436.38989258,2431.77001953,4027340000,2431.77001953
2017-06-12,2430.37988281,2419.9699707,2425.87988281,2429.38989258,4027750000,2429.38989258
2017-06-13,2441.48999023,2431.2800293,2434.14990234,2440.35009766,3275500000,2440.35009766
2017-06-14,2443.75,2428.34008789,2443.75,2437.91992188,3555590000,2437.91992188
2017-06-15,2433.94995117,2418.5300293,2424.13989258,2432.45996094,3353050000,2432.45996094
2017-06-16,2433.14990234,2422.87988281,2431.23999023,2433.14990234,5284720000,2433.14990234
2017-06-19,2453.82006836,2441.79003906,2442.55004883,2453.45996094,3264700000,2453.45996094
2017-06-20,2450.65991211,2436.60009766,2450.65991211,2437.0300293,3416510000,2437.0300293
2017-06-21,2442.22998047,2430.73999023,2439.31005859,2435.61010742,3594820000,2435.61010742
2017-06-22,2441.62011719,2433.27001953,2437.39990234,2434.5,3468210000,2434.5
2017-06-23,2441.39990234,2431.11010742,2434.64990234,2438.30004883,5278330000,2438.30004883
2017-06-26,2450.41992188,2437.0300293,2443.32006836,2439.07006836,3238970000,2439.07006836
2017-06-27,2440.14990234,2419.37988281,2436.34008789,2419.37988281,3563910000,2419.37988281
2017-06-28,2442.9699707,2428.02001953,2428.69995117,2440.68994141,3500800000,2440.68994141
2017-06-29,2442.72998047,2405.69995117,2442.37988281,2419.69995117,3900280000,2419.69995117
2017-06-30,2432.70996094,2421.64990234,2429.19995117,2423.40991211,3361590000,2423.40991211
2017-07-03,2439.16992188,2428.68994141,2431.38989258,2429.01000977,1962290000,2429.01000977
2017-07-05,2434.89990234,2422.05004883,2430.7800293,2432.54003906,3367220000,2432.54003906
2017-07-06,2424.2800293,2407.69995117,2423.43994141,2409.75,3364520000,2409.75
2017-07-07,2426.91992188,2413.52001953,2413.52001953,2425.17993164,2901330000,2425.17993164
2017-07-10,2432.0,2422.27001953,2424.51000977,2427.42993164,2999130000,2427.42993164
2017-07-11,2429.30004883,2412.79003906,2427.35009766,2425.5300293,3106750000,2425.5300293
2017-07-12,2445.76000977,2435.75,2435.75,2443.25,3171620000,2443.25
2017-07-13,2449.32006836,2441.68994141,2444.98999023,2447.83007812,3067670000,2447.83007812
2017-07-14,2463.54003906,2446.68994141,2449.15991211,2459.27001953,2736640000,2459.27001953
2017-07-17,2462.82006836,2457.15991211,2459.5,2459.13989258,2793170000,2459.13989258
2017-07-18,2460.91992188,2450.34008789,2455.87988281,2460.61010742,2962130000,2460.61010742
2017-07-19,2473.83007812,2463.85009766,2463.85009766,2473.83007812,3059760000,2473.83007812
2017-07-20,2477.62011719,2468.42993164,2475.56005859,2473.44995117,3182780000,2473.44995117
2017-07-21,2472.54003906,2465.06005859,2467.39990234,2472.54003906,3059570000,2472.54003906
2017-07-24,2473.10009766,2466.32006836,2472.04003906,2469.90991211,3010240000,2469.90991211
2017-07-25,2481.23999023,2474.90991211,2477.87988281,2477.12988281,4108060000,2477.12988281
2017-07-26,2481.68994141,2474.93994141,2479.9699707,2477.83007812,3557020000,2477.83007812
2017-07-27,2484.04003906,2459.92993164,2482.76000977,2475.41992188,3995520000,2475.41992188
2017-07-28,2473.5300293,2464.65991211,2469.12011719,2472.10009766,3294770000,2472.10009766
2017-07-31,2477.95996094,2468.5300293,2475.93994141,2470.30004883,3469210000,2470.30004883
2017-08-01,2478.51000977,2471.13989258,2477.10009766,2476.35009766,3460860000,2476.35009766
2017-08-02,2480.37988281,2466.47998047,2480.37988281,2477.57006836,3478580000,2477.57006836
2017-08-03,2476.0300293,2468.85009766,2476.0300293,2472.15991211,3645020000,2472.15991211
2017-08-04,2480.0,2472.08007812,2476.87988281,2476.83007812,3235140000,2476.83007812
2017-08-07,2480.94995117,2475.87988281,2477.13989258,2480.90991211,2931780000,2480.90991211
2017-08-08,2490.87011719,2470.32006836,2478.35009766,2474.91992188,3344640000,2474.91992188
2017-08-09,2474.40991211,2462.08007812,2465.35009766,2474.02001953,3308060000,2474.02001953
2017-08-10,2465.37988281,2437.75,2465.37988281,2438.20996094,3621070000,2438.20996094
2017-08-11,2448.09008789,2437.85009766,2441.04003906,2441.32006836,3159930000,2441.32006836
2017-08-14,2468.2199707,2454.95996094,2454.95996094,2465.84008789,2822550000,2465.84008789
2017-08-15,2468.89990234,2461.61010742,2468.65991211,2464.61010742,2913100000,2464.61010742
2017-08-16,2474.92993164,2463.86010742,2468.62988281,2468.11010742,2953650000,2468.11010742
2017-08-17,2465.02001953,2430.01000977,2462.94995117,2430.01000977,3142620000,2430.01000977
2017-08-18,2440.27001953,2420.68994141,2427.63989258,2425.55004883,3415680000,2425.55004883
2017-08-21,2430.58007812,2417.35009766,2425.5,2428.37011719,2788150000,2428.37011719
2017-08-22,2454.77001953,2433.66992188,2433.75,2452.51000977,2777490000,2452.51000977
2017-08-23,2448.90991211,2441.41992188,2444.87988281,2444.04003906,2785290000,2444.04003906
2017-08-24,2450.38989258,2436.18994141,2447.90991211,2438.9699707,2846590000,2438.9699707
2017-08-25,2453.95996094,2442.2199707,2444.7199707,2443.05004883,2588780000,2443.05004883
2017-08-28,2449.12011719,2439.0300293,2447.35009766,2444.23999023,2677700000,2444.23999023
2017-08-29,2449.18994141,2428.19995117,2431.93994141,2446.30004883,2737580000,2446.30004883
2017-08-30,2460.31005859,2443.77001953,2446.06005859,2457.59008789,2633660000,2457.59008789
2017-08-31,2475.01000977,2462.64990234,2462.64990234,2471.64990234,3348110000,2471.64990234
2017-09-01,2480.37988281,2473.85009766,2474.41992188,2476.55004883,2710730000,2476.55004883
2017-09-05,2471.9699707,2446.55004883,2470.35009766,2457.85009766,3490260000,2457.85009766
2017-09-06,2469.63989258,2459.19995117,2463.83007812,2465.54003906,3374410000,2465.54003906
2017-09-07,2468.62011719,2460.29003906,2468.06005859,2465.10009766,3353930000,2465.10009766
2017-09-08,2467.11010742,2459.39990234,2462.25,2461.42993164,3302490000,2461.42993164
2017-09-11,2488.94995117,2474.52001953,2474.52001953,2488.11010742,3291760000,2488.11010742
2017-09-12,2496.77001953,2490.37011719,2491.93994141,2496.47998047,3230920000,2496.47998047
2017-09-13,2498.37011719,2492.13989258,2493.88989258,2498.37011719,3368050000,2498.37011719
2017-09-14,2498.42993164,2491.35009766,2494.56005859,2495.62011719,3414460000,2495.62011719
2017-09-15,2500.22998047,2493.15991211,2495.66992188,2500.22998047,4853170000,2500.22998047
2017-09-18,2508.32006836,2499.91992188,2502.51000977,2503.87011719,3194300000,2503.87011719
2017-09-19,2507.84008789,2503.18994141,2506.29003906,2506.64990234,3249100000,2506.64990234
2017-09-20,2508.85009766,2496.66992188,2506.84008789,2508.23999023,3530010000,2508.23999023
2017-09-21,2507.15991211,2499.0,2507.15991211,2500.60009766,2930860000,2500.60009766
2017-09-22,2503.4699707,2496.54003906,2497.26000977,2502.2199707,2865960000,2502.2199707
2017-09-25,2502.54003906,2488.0300293,2499.38989258,2496.65991211,3297890000,2496.65991211
2017-09-26,2503.51000977,2495.12011719,2501.04003906,2496.84008789,3043110000,2496.84008789
2017-09-27,2511.75,2495.90991211,2503.30004883,2507.04003906,3456030000,2507.04003906
2017-09-28,2510.81005859,2502.92993164,2503.40991211,2510.06005859,3168620000,2510.06005859
2017-09-29,2519.43994141,2507.98999023,2509.95996094,2519.36010742,3211920000,2519.36010742
2017-10-02,2529.22998047,2520.39990234,2521.19995117,2529.12011719,3199730000,2529.12011719
2017-10-03,2535.12988281,2528.85009766,2530.34008789,2534.58007812,3068850000,2534.58007812
2017-10-04,2540.5300293,2531.80004883,2533.47998047,2537.73999023,3017120000,2537.73999023
2017-10-05,2552.51000977,2540.02001953,2540.86010742,2552.07006836,3045120000,2552.07006836
2017-10-06,2549.40991211,2543.79003906,2547.43994141,2549.33007812,2884570000,2549.33007812
2017-10-09,2551.82006836,2541.60009766,2551.38989258,2544.72998047,2483970000,2544.72998047
2017-10-10,2555.22998047,2544.86010742,2549.98999023,2550.63989258,2960500000,2550.63989258
2017-10-11,2555.23999023,2547.94995117,2550.62011719,2555.23999023,2976090000,2555.23999023
2017-10-12,2555.33007812,2548.31005859,2552.87988281,2550.92993164,3151510000,2550.92993164
2017-10-13,2557.64990234,2552.09008789,2555.65991211,2553.16992188,3149440000,2553.16992188
2017-10-16,2559.4699707,2552.63989258,2555.57006836,2557.63989258,2916020000,2557.63989258
2017-10-17,2559.70996094,2554.68994141,2557.16992188,2559.36010742,2889390000,2559.36010742
2017-10-18,2564.11010742,2559.66992188,2562.87011719,2561.26000977,2998090000,2561.26000977
2017-10-19,2562.36010742,2547.91992188,2553.38989258,2562.10009766,2990710000,2562.10009766
2017-10-20,2575.43994141,2567.56005859,2567.56005859,2575.20996094,3384650000,2575.20996094
2017-10-23,2578.29003906,2564.33007812,2578.08007812,2564.97998047,3211710000,2564.97998047
2017-10-24,2572.17993164,2565.58007812,2568.65991211,2569.12988281,3427330000,2569.12988281
2017-10-25,2567.39990234,2544.0,2566.52001953,2557.14990234,3874510000,2557.14990234
2017-10-26,2567.07006836,2559.80004883,2560.08007812,2560.39990234,3869050000,2560.39990234
2017-10-27,2582.97998047,2565.93994141,2570.26000977,2581.07006836,3887110000,2581.07006836
2017-10-30,2580.0300293,2568.25,2577.75,2572.83007812,3658870000,2572.83007812
2017-10-31,2578.29003906,2572.14990234,2575.98999023,2575.26000977,3827230000,2575.26000977
2017-11-01,2588.39990234,2574.91992188,2583.20996094,2579.36010742,3813180000,2579.36010742
2017-11-02,2581.11010742,2566.16992188,2579.45996094,2579.85009766,4048270000,2579.85009766
2017-11-03,2588.41992188,2576.77001953,2581.92993164,2587.84008789,3567710000,2587.84008789
2017-11-06,2593.37988281,2585.65991211,2587.4699707,2591.12988281,3539080000,2591.12988281
2017-11-07,2597.02001953,2584.35009766,2592.11010742,2590.63989258,3809650000,2590.63989258
2017-11-08,2595.4699707,2585.02001953,2588.70996094,2594.37988281,3899360000,2594.37988281
2017-11-09,2586.5,2566.33007812,2584.0,2584.62011719,3831610000,2584.62011719
2017-11-10,2583.81005859,2575.57006836,2580.17993164,2582.30004883,3486910000,2582.30004883
2017-11-13,2587.65991211,2574.47998047,2576.5300293,2584.84008789,3402930000,2584.84008789
2017-11-14,2579.65991211,2566.56005859,2577.75,2578.87011719,3641760000,2578.87011719
2017-11-15,2572.84008789,2557.44995117,2569.44995117,2564.62011719,3558890000,2564.62011719
2017-11-16,2590.09008789,2572.94995117,2572.94995117,2585.63989258,3312710000,2585.63989258
2017-11-17,2583.95996094,2577.62011719,2582.93994141,2578.85009766,3300160000,2578.85009766
2017-11-20,2584.63989258,2578.23999023,2579.48999023,2582.13989258,3003540000,2582.13989258
2017-11-21,2601.18994141,2589.16992188,2589.16992188,2599.0300293,3332720000,2599.0300293
2017-11-22,2600.93994141,2595.22998047,2600.31005859,2597.08007812,2762950000,2597.08007812
2017-11-24,2604.20996094,2600.41992188,2600.41992188,2602.41992188,1349780000,2602.41992188
2017-11-27,2606.40991211,2598.87011719,2602.65991211,2601.41992188,3006860000,2601.41992188
2017-11-28,2627.68994141,2605.43994141,2605.93994141,2627.04003906,3488420000,2627.04003906
2017-11-29,2634.88989258,2620.32006836,2627.82006836,2626.07006836,4078280000,2626.07006836
2017-11-30,2657.73999023,2633.92993164,2633.92993164,2647.58007812,4938490000,2647.58007812
2017-12-01,2650.62011719,2605.52001953,2645.10009766,2642.2199707,3942320000,2642.2199707
2017-12-04,2665.18994141,2639.0300293,2657.18994141,2639.43994141,4023150000,2639.43994141
2017-12-05,2648.7199707,2627.72998047,2639.7800293,2629.57006836,3539040000,2629.57006836
2017-12-06,2634.40991211,2624.75,2626.23999023,2629.27001953,3229000000,2629.27001953
2017-12-07,2640.98999023,2626.5300293,2628.37988281,2636.97998047,3292400000,2636.97998047
2017-12-08,2651.64990234,2644.10009766,2646.20996094,2651.5,3106150000,2651.5
2017-12-11,2660.33007812,2651.4699707,2652.18994141,2659.98999023,3091950000,2659.98999023
2017-12-12,2669.7199707,2659.7800293,2661.72998047,2664.11010742,3555680000,2664.11010742
2017-12-13,2671.87988281,2662.85009766,2667.59008789,2662.85009766,3542370000,2662.85009766
2017-12-14,2668.09008789,2652.01000977,2665.87011719,2652.01000977,3430030000,2652.01000977
2017-12-15,2679.62988281,2659.13989258,2660.62988281,2675.81005859,5723920000,2675.81005859
2017-12-18,2694.9699707,2685.91992188,2685.91992188,2690.15991211,3724660000,2690.15991211
2017-12-19,2694.43994141,2680.73999023,2692.70996094,2681.4699707,3368590000,2681.4699707
2017-12-20,2691.01000977,2676.11010742,2688.17993164,2679.25,3241030000,2679.25
2017-12-21,2692.63989258,2682.39990234,2683.02001953,2684.57006836,3273390000,2684.57006836
2017-12-22,2685.35009766,2678.12988281,2684.2199707,2683.34008789,2399830000,2683.34008789
2017-12-26,2682.73999023,2677.95996094,2679.09008789,2680.5,1968780000,2680.5
2017-12-27,2685.63989258,2678.90991211,2682.10009766,2682.62011719,2202080000,2682.62011719
2017-12-28,2687.65991211,2682.68994141,2686.10009766,2687.54003906,2153330000,2687.54003906
2017-12-29,2692.12011719,2673.61010742,2689.14990234,2673.61010742,2443490000,2673.61010742
2018-01-02,2695.88989258,2682.36010742,2683.72998047,2695.81005859,3367250000,2695.81005859
2018-01-03,2714.37011719,2697.77001953,2697.85009766,2713.06005859,3538660000,2713.06005859
2018-01-04,2729.29003906,2719.07006836,2719.31005859,2723.98999023,3695260000,2723.98999023
2018-01-05,2743.44995117,2727.91992188,2731.33007812,2743.14990234,3236620000,2743.14990234
2018-01-08,2748.51000977,2737.60009766,2742.66992188,2747.70996094,3242650000,2747.70996094
2018-01-09,2759.13989258,2747.86010742,2751.14990234,2751.29003906,3453480000,2751.29003906
2018-01-10,2750.80004883,2736.06005859,2745.55004883,2748.22998047,3576350000,2748.22998047
2018-01-11,2767.56005859,2752.7800293,2752.9699707,2767.56005859,3641320000,2767.56005859
2018-01-12,2787.85009766,2769.63989258,2770.17993164,2786.23999023,3573970000,2786.23999023
2018-01-16,2807.54003906,2768.63989258,2798.95996094,2776.41992188,4325970000,2776.41992188
2018-01-17,2807.04003906,2778.37988281,2784.98999023,2802.56005859,3778050000,2802.56005859
2018-01-18,2805.83007812,2792.56005859,2802.39990234,2798.0300293,3681470000,2798.0300293
2018-01-19,2810.33007812,2798.08007812,2802.60009766,2810.30004883,3639430000,2810.30004883
2018-01-22,2833.0300293,2808.12011719,2809.15991211,2832.9699707,3471780000,2832.9699707
2018-01-23,2842.23999023,2830.59008789,2835.05004883,2839.12988281,3519650000,2839.12988281
2018-01-24,2852.9699707,2824.81005859,2845.41992188,2837.54003906,4014070000,2837.54003906
2018-01-25,2848.56005859,2830.93994141,2846.23999023,2839.25,3835150000,2839.25
2018-01-26,2872.87011719,2846.17993164,2847.47998047,2872.87011719,3443230000,2872.87011719
2018-01-29,2870.62011719,2851.47998047,2867.22998047,2853.5300293,3573830000,2853.5300293
2018-01-30,2837.75,2818.27001953,2832.73999023,2822.42993164,3990650000,2822.42993164
2018-01-31,2839.26000977,2813.04003906,2832.40991211,2823.81005859,4261280000,2823.81005859
2018-02-01,2835.95996094,2812.69995117,2816.44995117,2821.97998047,3938450000,2821.97998047
2018-02-02,2808.91992188,2759.9699707,2808.91992188,2762.12988281,4301130000,2762.12988281
2018-02-05,2763.38989258,2638.16992188,2741.06005859,2648.93994141,5283460000,2648.93994141
2018-02-06,2701.04003906,2593.07006836,2614.7800293,2695.13989258,5891660000,2695.13989258
2018-02-07,2727.66992188,2681.33007812,2690.94995117,2681.65991211,4626570000,2681.65991211
2018-02-08,2685.27001953,2580.56005859,2685.01000977,2581.0,5305440000,2581.0
2018-02-09,2638.66992188,2532.68994141,2601.7800293,2619.55004883,5680070000,2619.55004883
2018-02-12,2672.61010742,2622.44995117,2636.75,2656.0,4055790000,2656.0
2018-02-13,2668.84008789,2637.08007812,2646.27001953,2662.93994141,3472870000,2662.93994141
2018-02-14,2702.10009766,2648.87011719,2651.20996094,2698.62988281,4003740000,2698.62988281
2018-02-15,2731.51000977,2689.82006836,2713.45996094,2731.19995117,3684910000,2731.19995117
2018-02-16,2754.41992188,2725.11010742,2727.13989258,2732.2199707,3637460000,2732.2199707
2018-02-20,2737.60009766,2706.76000977,2722.98999023,2716.26000977,3627610000,2716.26000977
2018-02-21,2747.75,2701.29003906,2720.5300293,2701.33007812,3779400000,2701.33007812
2018-02-22,2731.26000977,2697.77001953,2710.41992188,2703.95996094,3701270000,2703.95996094
2018-02-23,2747.76000977,2713.73999023,2715.80004883,2747.30004883,3189190000,2747.30004883
2018-02-26,2780.63989258,2753.7800293,2757.37011719,2779.60009766,3424650000,2779.60009766
2018-02-27,2789.14990234,2744.2199707,2780.44995117,2744.2800293,3745080000,2744.2800293
2018-02-28,2761.52001953,2713.54003906,2753.7800293,2713.83007812,4230660000,2713.83007812
2018-03-01,2730.88989258,2659.64990234,2715.2199707,2677.66992188,4503970000,2677.66992188
2018-03-02,2696.25,2647.32006836,2658.88989258,2691.25,3882450000,2691.25
2018-03-05,2728.09008789,2675.75,2681.06005859,2720.93994141,3710810000,2720.93994141
2018-03-06,2732.08007812,2711.26000977,2730.17993164,2728.12011719,3370690000,2728.12011719
2018-03-07,2730.60009766,2701.73999023,2710.17993164,2726.80004883,3393270000,2726.80004883
2018-03-08,2740.44995117,2722.64990234,2732.75,2738.9699707,3212320000,2738.9699707
2018-03-09,2786.57006836,2751.54003906,2752.90991211,2786.57006836,3364100000,2786.57006836
2018-03-12,2796.97998047,2779.26000977,2790.54003906,2783.02001953,3185020000,2783.02001953
2018-03-13,2801.89990234,2758.67993164,2792.31005859,2765.31005859,3301650000,2765.31005859
2018-03-14,2777.11010742,2744.37988281,2774.06005859,2749.47998047,3391360000,2749.47998047
2018-03-15,2763.0300293,2741.4699707,2754.27001953,2747.33007812,3500330000,2747.33007812
2018-03-16,2761.85009766,2749.9699707,2750.57006836,2752.01000977,5372340000,2752.01000977
2018-03-19,2741.37988281,2694.59008789,2741.37988281,2712.91992188,3302130000,2712.91992188
2018-03-20,2724.2199707,2710.05004883,2715.05004883,2716.93994141,3261030000,2716.93994141
2018-03-21,2739.13989258,2709.79003906,2714.98999023,2711.92993164,3415510000,2711.92993164
2018-03-22,2695.67993164,2641.59008789,2691.36010742,2643.68994141,3739800000,2643.68994141
2018-03-23,2657.66992188,2585.88989258,2646.70996094,2588.26000977,3815080000,2588.26000977
2018-03-26,2661.36010742,2601.81005859,2619.35009766,2658.55004883,3511100000,2658.55004883
2018-03-27,2674.7800293,2596.12011719,2667.57006836,2612.62011719,3706350000,2612.62011719
2018-03-28,2632.64990234,2593.06005859,2611.30004883,2605.0,3864500000,2605.0
2018-03-29,2659.07006836,2609.7199707,2614.40991211,2640.87011719,3565990000,2640.87011719
2018-04-02,2638.30004883,2553.80004883,2633.44995117,2581.87988281,3598520000,2581.87988281
2018-04-03,2619.13989258,2575.48999023,2592.16992188,2614.44995117,3392810000,2614.44995117
2018-04-04,2649.86010742,2573.61010742,2584.04003906,2644.68994141,3350340000,2644.68994141
2018-04-05,2672.08007812,2649.58007812,2657.36010742,2662.84008789,3178970000,2662.84008789
2018-04-06,2656.87988281,2586.27001953,2645.82006836,2604.4699707,3299700000,2604.4699707
2018-04-09,2653.55004883,2610.79003906,2617.17993164,2613.15991211,3062960000,2613.15991211
2018-04-10,2665.44995117,2635.7800293,2638.40991211,2656.87011719,3543930000,2656.87011719
2018-04-11,2661.42993164,2639.25,2643.88989258,2642.18994141,3020760000,2642.18994141
2018-04-12,2674.7199707,2653.83007812,2653.83007812,2663.98999023,3021320000,2663.98999023
2018-04-13,2680.26000977,2645.05004883,2676.89990234,2656.30004883,2960910000,2656.30004883
2018-04-16,2686.48999023,2665.15991211,2670.10009766,2677.84008789,3019700000,2677.84008789
2018-04-17,2713.34008789,2692.05004883,2692.73999023,2706.38989258,3234360000,2706.38989258
2018-04-18,2717.48999023,2703.62988281,2710.11010742,2708.63989258,3383410000,2708.63989258
2018-04-19,2702.84008789,2681.89990234,2701.15991211,2693.12988281,3349370000,2693.12988281
2018-04-20,2693.93994141,2660.61010742,2692.56005859,2670.13989258,3388590000,2670.13989258
2018-04-23,2682.86010742,2657.98999023,2675.39990234,2670.29003906,3017480000,2670.29003906
2018-04-24,2683.55004883,2617.32006836,2680.80004883,2634.56005859,3706740000,2634.56005859
2018-04-25,2645.30004883,2612.66992188,2634.91992188,2639.39990234,3499440000,2639.39990234
2018-04-26,2676.47998047,2647.15991211,2651.64990234,2666.93994141,3665720000,2666.93994141
2018-04-27,2677.35009766,2659.01000977,2675.4699707,2669.90991211,3219030000,2669.90991211
2018-04-30,2682.87011719,2648.04003906,2682.51000977,2648.05004883,3734530000,2648.05004883
2018-05-01,2655.27001953,2625.40991211,2642.95996094,2654.80004883,3559850000,2654.80004883
2018-05-02,2660.87011719,2631.69995117,2654.23999023,2635.66992188,4010770000,2635.66992188
2018-05-03,2637.13989258,2594.62011719,2628.08007812,2629.72998047,3851470000,2629.72998047
2018-05-04,2670.92993164,2615.32006836,2621.44995117,2663.41992188,3327220000,2663.41992188
2018-05-07,2683.35009766,2664.69995117,2680.34008789,2672.62988281,3237960000,2672.62988281
2018-05-08,2676.34008789,2655.19995117,2670.26000977,2671.91992188,3717570000,2671.91992188
2018-05-09,2701.27001953,2674.13989258,2678.12011719,2697.79003906,3909500000,2697.79003906
2018-05-10,2726.11010742,2704.54003906,2705.02001953,2723.07006836,3333050000,2723.07006836
2018-05-11,2732.86010742,2717.44995117,2722.69995117,2727.7199707,2862700000,2727.7199707
2018-05-14,2742.10009766,2725.4699707,2738.4699707,2730.12988281,2972660000,2730.12988281
2018-05-15,2718.59008789,2701.90991211,2718.59008789,2711.44995117,3290680000,2711.44995117
2018-05-16,2727.76000977,2712.16992188,2712.62011719,2722.45996094,3202670000,2722.45996094
2018-05-17,2731.95996094,2711.36010742,2719.70996094,2720.12988281,3475400000,2720.12988281
2018-05-18,2719.5,2709.17993164,2717.35009766,2712.9699707,3368690000,2712.9699707
2018-05-21,2739.18994141,2725.69995117,2735.38989258,2733.01000977,3019890000,2733.01000977
2018-05-22,2742.23999023,2721.87988281,2738.34008789,2724.43994141,3366310000,2724.43994141
2018-05-23,2733.33007812,2709.54003906,2713.97998047,2733.29003906,3326290000,2733.29003906
2018-05-24,2731.9699707,2707.37988281,2730.93994141,2727.76000977,3256030000,2727.76000977
2018-05-25,2727.36010742,2714.98999023,2723.60009766,2721.33007812,2995260000,2721.33007812
2018-05-29,2710.66992188,2676.81005859,2705.11010742,2689.86010742,3736890000,2689.86010742
2018-05-30,2729.34008789,2702.42993164,2702.42993164,2724.01000977,3561050000,2724.01000977
2018-05-31,2722.5,2700.67993164,2720.97998047,2705.27001953,4235370000,2705.27001953
2018-06-01,2736.92993164,2718.69995117,2718.69995117,2734.62011719,3684130000,2734.62011719
2018-06-04,2749.15991211,2740.54003906,2741.66992188,2746.87011719,3376510000,2746.87011719
2018-06-05,2752.61010742,2739.51000977,2748.45996094,2748.80004883,3517790000,2748.80004883
2018-06-06,2772.38989258,2748.45996094,2753.25,2772.35009766,3651640000,2772.35009766
2018-06-07,2779.89990234,2760.15991211,2774.84008789,2770.37011719,3711330000,2770.37011719
2018-06-08,2779.38989258,2763.59008789,2765.84008789,2779.0300293,3123210000,2779.0300293
2018-06-11,2790.20996094,2780.16992188,2780.17993164,2782.0,3232330000,2782.0
2018-06-12,2789.80004883,2778.7800293,2785.60009766,2786.85009766,3401010000,2786.85009766
2018-06-13,2791.4699707,2774.64990234,2787.93994141,2775.62988281,3779230000,2775.62988281
2018-06-14,2789.06005859,2776.52001953,2783.20996094,2782.48999023,3526890000,2782.48999023
2018-06-15,2782.81005859,2761.72998047,2777.7800293,2779.65991211,5428790000,2779.65991211
2018-06-18,2774.98999023,2757.12011719,2765.79003906,2773.75,3287150000,2773.75
2018-06-19,2765.05004883,2743.18994141,2752.01000977,2762.59008789,3661470000,2762.59008789
2018-06-20,2774.86010742,2763.90991211,2769.72998047,2767.32006836,3327600000,2767.32006836
2018-06-21,2769.2800293,2744.38989258,2769.2800293,2749.76000977,3300060000,2749.76000977
2018-06-22,2764.16992188,2752.67993164,2760.79003906,2754.87988281,5450550000,2754.87988281
2018-06-25,2742.93994141,2698.66992188,2742.93994141,2717.07006836,3655080000,2717.07006836
2018-06-26,2732.90991211,2715.60009766,2722.12011719,2723.06005859,3555090000,2723.06005859
2018-06-27,2746.09008789,2699.37988281,2728.44995117,2699.62988281,3776090000,2699.62988281
2018-06-28,2724.34008789,2691.98999023,2698.68994141,2716.31005859,3428140000,2716.31005859
2018-06-29,2743.26000977,2718.0300293,2727.12988281,2718.37011719,3565620000,2718.37011719
2018-07-02,2727.26000977,2698.94995117,2704.94995117,2726.70996094,3073650000,2726.70996094
2018-07-03,2736.58007812,2711.15991211,2733.27001953,2713.2199707,1911470000,2713.2199707
2018-07-05,2737.83007812,2716.02001953,2724.18994141,2736.61010742,2953420000,2736.61010742
2018-07-06,2764.40991211,2733.52001953,2737.67993164,2759.82006836,2554780000,2759.82006836
2018-07-09,2784.64990234,2770.72998047,2775.62011719,2784.16992188,3050040000,2784.16992188
2018-07-10,2795.58007812,2786.23999023,2788.56005859,2793.84008789,3063850000,2793.84008789
2018-07-11,2785.90991211,2770.77001953,2779.82006836,2774.02001953,2964740000,2774.02001953
2018-07-12,2799.2199707,2781.5300293,2783.13989258,2798.29003906,2821690000,2798.29003906
2018-07-13,2804.5300293,2791.68994141,2796.92993164,2801.31005859,2614000000,2801.31005859
2018-07-16,2801.18994141,2793.38989258,2797.36010742,2798.42993164,2812230000,2798.42993164
2018-07-17,2814.18994141,2789.23999023,2789.34008789,2809.55004883,3050730000,2809.55004883
2018-07-18,2816.76000977,2805.88989258,2811.35009766,2815.62011719,3089780000,2815.62011719
2018-07-19,2812.05004883,2799.77001953,2809.37011719,2804.48999023,3266700000,2804.48999023
2018-07-20,2809.69995117,2800.01000977,2804.55004883,2801.83007812,3230210000,2801.83007812
2018-07-23,2808.61010742,2795.13989258,2799.16992188,2806.97998047,2907430000,2806.97998047
2018-07-24,2829.98999023,2811.12011719,2820.67993164,2820.39990234,3417530000,2820.39990234
2018-07-25,2848.0300293,2817.72998047,2817.72998047,2846.07006836,3553010000,2846.07006836
2018-07-26,2845.57006836,2835.26000977,2835.48999023,2837.43994141,3653330000,2837.43994141
2018-07-27,2843.16992188,2808.34008789,2842.35009766,2818.82006836,3415710000,2818.82006836
2018-07-30,2821.73999023,2798.11010742,2819.0,2802.60009766,3245770000,2802.60009766
2018-07-31,2824.45996094,2808.06005859,2809.72998047,2816.29003906,3892100000,2816.29003906
2018-08-01,2825.83007812,2805.85009766,2821.16992188,2813.36010742,3496990000,2813.36010742
2018-08-02,2829.90991211,2796.34008789,2800.47998047,2827.2199707,3467380000,2827.2199707
2018-08-03,2840.37988281,2827.37011719,2829.62011719,2840.35009766,3030390000,2840.35009766
2018-08-06,2853.29003906,2835.97998047,2840.29003906,2850.39990234,2874540000,2850.39990234
2018-08-07,2863.42993164,2855.91992188,2855.91992188,2858.44995117,3162770000,2858.44995117
2018-08-08,2862.43994141,2853.09008789,2856.79003906,2857.69995117,2972200000,2857.69995117
2018-08-09,2862.47998047,2851.97998047,2857.18994141,2853.58007812,3047050000,2853.58007812
2018-08-10,2842.19995117,2825.81005859,2838.89990234,2833.2800293,3256040000,2833.2800293
2018-08-13,2843.39990234,2819.87988281,2835.45996094,2821.92993164,3158450000,2821.92993164
2018-08-14,2843.11010742,2826.58007812,2827.87988281,2839.95996094,2976970000,2839.95996094
2018-08-15,2827.94995117,2802.48999023,2827.94995117,2818.37011719,3645070000,2818.37011719
2018-08-16,2850.48999023,2831.43994141,2831.43994141,2840.68994141,3219880000,2840.68994141
2018-08-17,2855.62988281,2833.72998047,2838.32006836,2850.12988281,3024100000,2850.12988281
2018-08-20,2859.76000977,2850.62011719,2853.92993164,2857.05004883,2748020000,2857.05004883
2018-08-21,2873.22998047,2861.32006836,2861.51000977,2862.95996094,3147140000,2862.95996094
2018-08-22,2867.54003906,2856.05004883,2860.98999023,2861.82006836,2689560000,2861.82006836
2018-08-23,2868.7800293,2854.0300293,2860.29003906,2856.97998047,2713910000,2856.97998047
2018-08-24,2876.15991211,2862.35009766,2862.35009766,2874.68994141,2596190000,2874.68994141
2018-08-27,2898.25,2884.68994141,2884.68994141,2896.73999023,2854080000,2896.73999023
2018-08-28,2903.77001953,2893.5,2901.44995117,2897.52001953,2683190000,2897.52001953
2018-08-29,2916.5,2898.39990234,2900.62011719,2914.04003906,2791860000,2914.04003906
2018-08-30,2912.45996094,2895.2199707,2908.93994141,2901.12988281,2802180000,2901.12988281
2018-08-31,2906.32006836,2891.72998047,2898.37011719,2901.52001953,2880260000,2901.52001953
2018-09-04,2900.17993164,2885.12988281,2896.95996094,2896.7199707,3077060000,2896.7199707
2018-09-05,2894.20996094,2876.91992188,2891.59008789,2888.60009766,3241250000,2888.60009766
2018-09-06,2892.05004883,2867.29003906,2888.63989258,2878.05004883,3139590000,2878.05004883
2018-09-07,2883.81005859,2864.12011719,2868.26000977,2871.67993164,2946270000,2871.67993164
2018-09-10,2886.92993164,2875.93994141,2881.38989258,2877.12988281,2731400000,2877.12988281
2018-09-11,2892.52001953,2866.7800293,2871.57006836,2887.88989258,2899660000,2887.88989258
2018-09-12,2894.64990234,2879.19995117,2888.29003906,2888.91992188,3264930000,2888.91992188
2018-09-13,2906.76000977,2896.38989258,2896.85009766,2904.17993164,3254930000,2904.17993164
2018-09-14,2908.30004883,2895.77001953,2906.37988281,2904.97998047,3149800000,2904.97998047
2018-09-17,2904.64990234,2886.15991211,2903.83007812,2888.80004883,2947760000,2888.80004883
2018-09-18,2911.16992188,2890.42993164,2890.73999023,2904.31005859,3074610000,2904.31005859
2018-09-19,2912.36010742,2903.82006836,2906.60009766,2907.94995117,3280020000,2907.94995117
2018-09-20,2934.80004883,2919.72998047,2919.72998047,2930.75,3337730000,2930.75
2018-09-21,2940.90991211,2927.11010742,2936.76000977,2929.66992188,5607610000,2929.66992188
2018-09-24,2923.79003906,2912.62988281,2921.83007812,2919.37011719,3372210000,2919.37011719
2018-09-25,2923.94995117,2913.69995117,2921.75,2915.56005859,3285480000,2915.56005859
2018-09-26,2931.14990234,2903.2800293,2916.97998047,2905.9699707,3388620000,2905.9699707
2018-09-27,2927.2199707,2909.27001953,2911.64990234,2914.0,3060850000,2914.0
2018-09-28,2920.5300293,2907.5,2910.0300293,2913.97998047,3432300000,2913.97998047
2018-10-01,2937.06005859,2917.90991211,2926.29003906,2924.59008789,3364190000,2924.59008789
2018-10-02,2931.41992188,2919.37011719,2923.80004883,2923.42993164,3401880000,2923.42993164
2018-10-03,2939.86010742,2921.36010742,2931.68994141,2925.51000977,3598710000,2925.51000977
2018-10-04,2919.7800293,2883.91992188,2919.35009766,2901.61010742,3496860000,2901.61010742
2018-10-05,2909.63989258,2869.29003906,2902.54003906,2885.57006836,3328980000,2885.57006836
2018-10-08,2889.44995117,2862.08007812,2877.5300293,2884.42993164,3330320000,2884.42993164
2018-10-09,2894.83007812,2874.27001953,2882.51000977,2880.34008789,3520500000,2880.34008789
2018-10-10,2874.02001953,2784.86010742,2873.89990234,2785.67993164,4501250000,2785.67993164
2018-10-11,2795.13989258,2710.51000977,2776.87011719,2728.37011719,4890630000,2728.37011719
2018-10-12,2775.77001953,2729.43994141,2770.54003906,2767.12988281,3966040000,2767.12988281
2018-10-15,2775.98999023,2749.0300293,2763.83007812,2750.79003906,3300140000,2750.79003906
2018-10-16,2813.45996094,2766.90991211,2767.05004883,2809.91992188,3428340000,2809.91992188
2018-10-17,2816.93994141,2781.81005859,2811.66992188,2809.20996094,3321710000,2809.20996094
2018-10-18,2806.04003906,2755.17993164,2802.0,2768.7800293,3616440000,2768.7800293
2018-10-19,2797.77001953,2760.27001953,2775.65991211,2767.7800293,3566490000,2767.7800293
2018-10-22,2778.93994141,2749.2199707,2773.93994141,2755.87988281,3307140000,2755.87988281
2018-10-23,2753.59008789,2691.42993164,2721.0300293,2740.68994141,4348580000,2740.68994141
2018-10-24,2742.59008789,2651.88989258,2737.87011719,2656.10009766,4709310000,2656.10009766
2018-10-25,2722.69995117,2667.84008789,2674.87988281,2705.57006836,4634770000,2705.57006836
