Date,High,Low,Open,Close,Volume,Adj Close
2000-10-02,21.5599994659,20.7999992371,20.9799995422,21.2299995422,0,21.2299995422
2000-10-03,21.8500003815,20.4099998474,20.9899997711,21.8500003815,0,21.8500003815
2000-10-04,22.6599998474,21.2099990845,22.1800003052,21.5400009155,0,21.5400009155
2000-10-05,21.2999992371,20.6499996185,21.0200004578,21.0300006866,0,21.0300006866
2000-10-06,23.3500003815,20.4300003052,20.5300006866,22.7099990845,0,22.7099990845
2000-10-09,24.6700000763,23.6299991608,23.9200000763,24.0200004578,0,24.0200004578
2000-10-10,25.0200004578,23.7199993134,23.7700004578,24.8600006104,0,24.8600006104
2000-10-11,28.3700008392,26.0900001526,26.2299995422,26.5699996948,0,26.5699996948
2000-10-12,30.5499992371,26.9500007629,27.2099990845,30.5100002289,0,30.5100002289
2000-10-13,29.4200000763,27.5,29.3400001526,27.6000003815,0,27.6000003815
2000-10-16,27.6499996185,26.5900001526,27.3299999237,26.7900009155,0,26.7900009155
2000-10-17,28.2900009155,26.1900005341,26.1900005341,27.8400001526,0,27.8400001526
2000-10-18,30.7999992371,28.1700000763,30.7000007629,28.7199993134,0,28.7199993134
2000-10-19,27.0200004578,24.8500003815,26.7999992371,25.0900001526,0,25.0900001526
2000-10-20,24.6299991608,23.0200004578,24.6299991608,24.2399997711,0,24.2399997711
2000-10-23,25.1299991608,24.2700004578,24.5799999237,24.6900005341,0,24.6900005341
2000-10-24,24.8099994659,23.6000003815,24.1399993896,24.2800006866,0,24.2800006866
2000-10-25,26.7800006866,25.0100002289,25.5799999237,26.6499996185,0,26.6499996185
2000-10-26,30.0799999237,26.4300003052,26.6399993896,28.6200008392,0,28.6200008392
2000-10-27,28.0499992371,26.4699993134,27.4200000763,26.4699993134,0,26.4699993134
2000-10-30,26.4799995422,25.0699996948,26.2299995422,25.4599990845,0,25.4599990845
2000-10-31,24.8700008392,23.3700008392,24.7700004578,23.6299991608,0,23.6299991608
2000-11-01,24.8600006104,23.9099998474,24.0699996948,24.2800006866,0,24.2800006866
2000-11-02,24.2399997711,23.6399993896,23.7099990845,23.9200000763,0,23.9200000763
2000-11-03,24.0599994659,23.5100002289,24.0499992371,23.6700000763,0,23.6700000763
2000-11-06,24.75,24.1299991608,24.5300006866,24.5200004578,0,24.5200004578
2000-11-07,25.4099998474,24.7299995422,25.1200008392,24.9099998474,0,24.9099998474
2000-11-08,25.7399997711,24.8700008392,24.8700008392,25.6599998474,0,25.6599998474
2000-11-09,28.4599990845,26.1800003052,26.7900009155,27.2000007629,0,27.2000007629
2000-11-10,28.8099994659,28.0,28.0699996948,28.5300006866,0,28.5300006866
2000-11-13,30.5699996948,28.7399997711,29.1299991608,29.0599994659,0,29.0599994659
2000-11-14,27.9300003052,26.3799991608,27.9300003052,26.8099994659,0,26.8099994659
2000-11-15,27.25,25.8500003815,27.2399997711,26.1499996185,0,26.1499996185
2000-11-16,25.8199996948,24.6700000763,25.8199996948,25.0499992371,0,25.0499992371
2000-11-17,25.8799991608,24.4699993134,25.5,24.8099994659,0,24.8099994659
2000-11-20,27.6000003815,26.3700008392,26.4899997711,27.4300003052,0,27.4300003052
2000-11-21,27.6399993896,26.5200004578,27.4300003052,26.6200008392,0,26.6200008392
2000-11-22,27.8299999237,26.8700008392,26.9099998474,27.7099990845,0,27.7099990845
2000-11-24,27.3199996948,25.9899997711,27.3199996948,26.0,0,26.0
2000-11-27,26.9799995422,26.1200008392,26.1200008392,26.9300003052,0,26.9300003052
2000-11-28,27.8400001526,26.7800006866,26.9899997711,27.6399993896,0,27.6399993896
2000-11-29,28.2199993134,27.2999992371,27.8799991608,27.4899997711,0,27.4899997711
2000-11-30,31.1100006104,28.4300003052,28.6399993896,29.6499996185,0,29.6499996185
2000-12-01,28.3899993896,27.0799999237,28.3099994659,27.4799995422,0,27.4799995422
2000-12-04,28.7399997711,27.6499996185,28.5499992371,27.7800006866,0,27.7800006866
2000-12-05,27.3099994659,24.9699993134,27.2800006866,24.9899997711,0,24.9899997711
2000-12-06,25.2099990845,23.8899993896,24.3199996948,25.0699996948,0,25.0699996948
2000-12-07,25.5499992371,24.9099998474,25.4599990845,25.3400001526,0,25.3400001526
2000-12-08,23.8400001526,22.3799991608,23.7399997711,22.4099998474,0,22.4099998474
2000-12-11,23.9899997711,22.8099994659,23.7999992371,23.5100002289,0,23.5100002289
2000-12-12,25.3600006104,23.9699993134,24.0300006866,24.8799991608,0,24.8799991608
2000-12-13,24.3199996948,23.2999992371,23.6900005341,23.6299991608,0,23.6299991608
2000-12-14,25.4099998474,23.3999996185,23.3999996185,24.8600006104,0,24.8600006104
2000-12-15,26.8700008392,25.4300003052,25.4300003052,26.5499992371,0,26.5499992371
2000-12-18,27.8899993896,26.4300003052,26.7900009155,27.7000007629,0,27.7000007629
2000-12-19,27.5400009155,25.4099998474,27.3500003815,27.1700000763,0,27.1700000763
2000-12-20,32.0200004578,29.4300003052,29.9500007629,31.7399997711,0,31.7399997711
2000-12-21,32.3199996948,29.2199993134,31.9699993134,29.6599998474,0,29.6599998474
2000-12-22,28.8299999237,27.5499992371,28.75,27.5499992371,0,27.5499992371
2000-12-26,29.1299991608,28.3700008392,28.4699993134,28.7299995422,0,28.7299995422
2000-12-27,28.9500007629,27.9599990845,28.8799991608,28.1399993896,0,28.1399993896
2000-12-28,28.0599994659,26.5300006866,27.9899997711,26.5699996948,0,26.5699996948
2000-12-29,26.9599990845,26.3199996948,26.3500003815,26.8500003815,0,26.8500003815
2001-01-02,30.3999996185,27.9200000763,27.9300003052,29.9899997711,0,29.9899997711
2001-01-03,29.9599990845,25.9899997711,29.6299991608,26.6000003815,0,26.6000003815
2001-01-04,27.1900005341,26.1299991608,26.3500003815,26.9699993134,0,26.9699993134
2001-01-05,29.0400009155,27.2099990845,27.8099994659,28.6700000763,0,28.6700000763
2001-01-08,30.7999992371,29.7199993134,29.9799995422,29.8400001526,0,29.8400001526
2001-01-09,29.5300006866,27.7700004578,29.4699993134,27.9899997711,0,27.9899997711
2001-01-10,28.4699993134,26.7000007629,28.4400005341,26.7999992371,0,26.7999992371
2001-01-11,26.7099990845,25.6499996185,26.6800003052,25.7900009155,0,25.7900009155
2001-01-12,25.4799995422,24.5,25.3099994659,24.5599994659,0,24.5599994659
2001-01-16,25.6800003052,24.8799991608,25.5900001526,25.2800006866,0,25.2800006866
2001-01-17,25.2199993134,24.2800006866,24.3999996185,24.9300003052,0,24.9300003052
2001-01-18,24.5300006866,23.1800003052,24.4799995422,23.3700008392,0,23.3700008392
2001-01-19,24.0799999237,23.0,23.6200008392,23.2399997711,0,23.2399997711
2001-01-22,24.3099994659,23.2399997711,24.2700004578,23.25,0,23.25
2001-01-23,23.1499996185,21.4699993134,23.0,21.5699996948,0,21.5699996948
2001-01-24,22.4099998474,21.8700008392,21.9799995422,22.0300006866,0,22.0300006866
2001-01-25,22.8600006104,22.2700004578,22.4400005341,22.6399993896,0,22.6399993896
2001-01-26,23.0499992371,22.4400005341,22.5200004578,22.5699996948,0,22.5699996948
2001-01-29,22.9599990845,22.5599994659,22.7999992371,22.6100006104,0,22.6100006104
2001-01-30,23.3500003815,22.4699993134,23.0699996948,22.5699996948,0,22.5699996948
2001-01-31,23.0200004578,21.9799995422,22.9400005341,22.0200004578,0,22.0200004578
2001-02-01,22.6800003052,21.6100006104,22.3899993896,21.6599998474,0,21.6599998474
2001-02-02,21.9500007629,20.8099994659,20.8700008392,21.9500007629,0,21.9500007629
2001-02-05,23.0100002289,22.1800003052,22.75,22.1900005341,0,22.1900005341
2001-02-06,22.1200008392,21.4200000763,22.0400009155,21.9799995422,0,21.9799995422
2001-02-07,22.3600006104,21.4400005341,21.6299991608,21.6700000763,0,21.6700000763
2001-02-08,21.6100006104,20.9200000763,21.4599990845,21.4599990845,0,21.4599990845
2001-02-09,22.2399997711,21.1599998474,21.6700000763,22.0300006866,0,22.0300006866
2001-02-12,23.1299991608,21.8299999237,23.0599994659,21.9200000763,0,21.9200000763
2001-02-13,21.6599998474,21.1200008392,21.6399993896,21.3700008392,0,21.3700008392
2001-02-14,22.5200004578,21.5200004578,21.8400001526,21.5200004578,0,21.5200004578
2001-02-15,21.5100002289,20.2199993134,21.5100002289,20.2700004578,0,20.2700004578
2001-02-16,22.7299995422,21.4300003052,21.6499996185,22.1200008392,0,22.1200008392
2001-02-20,24.7600002289,23.1599998474,23.4300003052,24.6900005341,0,24.6900005341
2001-02-21,25.8099994659,24.2399997711,24.8099994659,25.75,0,25.75
2001-02-22,28.4099998474,25.9599990845,25.9599990845,26.7600002289,0,26.7600002289
2001-02-23,30.6200008392,26.9400005341,27.1800003052,27.2099990845,0,27.2099990845
2001-02-26,27.4799995422,25.4300003052,27.1800003052,25.4300003052,0,25.4300003052
2001-02-27,26.5900001526,25.0200004578,25.5699996948,26.4899997711,0,26.4899997711
2001-02-28,28.8199996948,26.0499992371,26.3700008392,28.3500003815,0,28.3500003815
2001-03-01,30.2600002289,28.0799999237,29.6599998474,28.0799999237,0,28.0799999237
2001-03-02,29.3400001526,26.8199996948,29.0799999237,27.4300003052,0,27.4300003052
2001-03-05,28.4300003052,27.0799999237,28.3199996948,27.1200008392,0,27.1200008392
2001-03-06,26.2800006866,25.5799999237,26.2600002289,25.8899993896,0,25.8899993896
2001-03-07,25.5300006866,24.1200008392,25.2800006866,24.1200008392,0,24.1200008392
2001-03-08,24.8999996185,24.2299995422,24.4200000763,24.2900009155,0,24.2900009155
2001-03-09,25.7600002289,24.4599990845,24.4699993134,25.6200008392,0,25.6200008392
2001-03-12,30.5400009155,27.7399997711,27.8799991608,30.3199996948,0,30.3199996948
2001-03-13,30.8400001526,27.5499992371,30.7700004578,27.5499992371,0,27.5499992371
2001-03-14,30.7099990845,28.8600006104,30.3700008392,29.6100006104,0,29.6100006104
2001-03-15,28.9799995422,28.25,28.5300006866,28.5599994659,0,28.5599994659
2001-03-16,29.9099998474,28.5599994659,28.7800006866,29.9099998474,0,29.9099998474
2001-03-19,31.3299999237,29.5,30.6100006104,29.7800006866,0,29.7800006866
2001-03-20,31.2700004578,29.2999992371,30.0200004578,30.9599990845,0,30.9599990845
2001-03-21,32.1800003052,30.2600002289,31.4099998474,31.9300003052,0,31.9300003052
2001-03-22,35.4500007629,32.3499984741,32.4099998474,32.8400001526,0,32.8400001526
2001-03-23,33.0,30.4099998474,33.0,30.4500007629,0,30.4500007629
2001-03-26,30.2399997711,29.0400009155,30.0,29.0400009155,0,29.0400009155
2001-03-27,28.6299991608,27.0300006866,28.5200004578,27.0400009155,0,27.0400009155
2001-03-28,28.9799995422,28.2099990845,28.2600002289,28.5799999237,0,28.5799999237
2001-03-29,29.8400001526,28.1599998474,29.2700004578,29.1700000763,0,29.1700000763
2001-03-30,29.3199996948,28.2999992371,28.7600002289,28.6399993896,0,28.6399993896
2001-04-02,31.6100006104,29.1599998474,29.3999996185,31.2099990845,0,31.2099990845
2001-04-03,35.2000007629,32.9199981689,32.9199981689,34.7200012207,0,34.7200012207
2001-04-04,34.7400016785,33.2099990845,34.2799987793,34.0699996948,0,34.0699996948
2001-04-05,32.5099983215,29.8799991608,32.5099983215,29.9400005341,0,29.9400005341
2001-04-06,32.0400009155,30.2199993134,30.3899993896,31.6900005341,0,31.6900005341
2001-04-09,32.5499992371,31.3799991608,31.9400005341,31.9099998474,0,31.9099998474
2001-04-10,30.6900005341,29.3299999237,30.6700000763,29.4400005341,0,29.4400005341
2001-04-11,29.1299991608,28.3999996185,28.9400005341,28.4599990845,0,28.4599990845
2001-04-12,28.3700008392,26.1200008392,28.0900001526,26.1200008392,0,26.1200008392
2001-04-16,27.1800003052,26.2199993134,26.8500003815,26.3299999237,0,26.3299999237
2001-04-17,26.2199993134,25.3299999237,26.0400009155,25.6100006104,0,25.6100006104
2001-04-18,24.6499996185,23.0100002289,24.5799999237,24.1299991608,0,24.1299991608
2001-04-19,24.6200008392,24.1200008392,24.5100002289,24.1599998474,0,24.1599998474
2001-04-20,25.4500007629,24.5,24.6700000763,25.3799991608,0,25.3799991608
2001-04-23,28.6000003815,27.2800006866,27.3500003815,28.1599998474,0,28.1599998474
2001-04-24,28.6100006104,27.2299995422,27.7000007629,28.4899997711,0,28.4899997711
2001-04-25,28.6800003052,27.25,28.6399993896,27.3999996185,0,27.3999996185
2001-04-26,26.4099998474,25.6200008392,26.4099998474,25.9599990845,0,25.9599990845
2001-04-27,25.0,24.0200004578,25.0,24.0200004578,0,24.0200004578
2001-04-30,25.7399997711,23.8999996185,24.2099990845,25.4799995422,0,25.4799995422
2001-05-01,25.5699996948,24.1599998474,25.4599990845,24.2000007629,0,24.2000007629
2001-05-02,25.0400009155,23.9699993134,24.6000003815,24.2299995422,0,24.2299995422
2001-05-03,26.3199996948,25.4300003052,25.5200004578,25.7800006866,0,25.7800006866
2001-05-04,26.4899997711,23.8799991608,26.4899997711,23.9099998474,0,23.9099998474
2001-05-07,25.4599990845,24.5300006866,25.1000003815,24.8600006104,0,24.8600006104
2001-05-08,25.3500003815,24.4400005341,24.4899997711,24.4400005341,0,24.4400005341
2001-05-09,25.0599994659,24.2700004578,24.9400005341,24.3500003815,0,24.3500003815
2001-05-10,24.6700000763,23.5499992371,23.6900005341,24.0,0,24.0
2001-05-11,23.8600006104,23.1399993896,23.1399993896,23.5400009155,0,23.5400009155
2001-05-14,24.5,24.0599994659,24.2299995422,24.2600002289,0,24.2600002289
2001-05-15,24.5,23.3400001526,24.4099998474,23.7099990845,0,23.7099990845
2001-05-16,23.2199993134,21.1700000763,23.1700000763,21.8899993896,0,21.8899993896
2001-05-17,22.7399997711,21.3199996948,22.5,21.4699993134,0,21.4699993134
2001-05-18,21.7099990845,21.1700000763,21.4599990845,21.2299995422,0,21.2299995422
2001-05-21,21.9599990845,20.7399997711,21.8999996185,20.7600002289,0,20.7600002289
2001-05-22,21.5599994659,21.0900001526,21.5300006866,21.3500003815,0,21.3500003815
2001-05-23,22.1499996185,21.5799999237,21.6000003815,22.0799999237,0,22.0799999237
2001-05-24,21.8899993896,20.5499992371,21.8500003815,20.5699996948,0,20.5699996948
2001-05-25,21.1299991608,20.4599990845,20.6000003815,20.6000003815,0,20.6000003815
2001-05-29,22.3700008392,21.9300003052,22.1599998474,22.1399993896,0,22.1399993896
2001-05-30,23.1599998474,22.25,22.3999996185,22.7600002289,0,22.7600002289
2001-05-31,23.1599998474,22.3299999237,22.9599990845,22.6399993896,0,22.6399993896
2001-06-01,23.1200008392,21.5200004578,23.0200004578,21.5900001526,0,21.5900001526
2001-06-04,22.0699996948,21.3299999237,21.6399993896,21.3799991608,0,21.3799991608
2001-06-05,20.9200000763,19.4699993134,20.7999992371,19.5799999237,0,19.5799999237
2001-06-06,20.6399993896,19.9300003052,20.0900001526,20.3899993896,0,20.3899993896
2001-06-07,20.3899993896,19.6700000763,20.3500003815,19.6700000763,0,19.6700000763
2001-06-08,20.4400005341,19.5799999237,19.6200008392,19.9200000763,0,19.9200000763
2001-06-11,21.0900001526,20.3700008392,20.6200008392,20.7000007629,0,20.7000007629
2001-06-12,21.6800003052,20.4300003052,21.2099990845,20.7000007629,0,20.7000007629
2001-06-13,21.6000003815,20.7000007629,20.7900009155,21.4500007629,0,21.4500007629
2001-06-14,23.1200008392,22.1200008392,22.1299991608,23.1200008392,0,23.1200008392
2001-06-15,24.4200000763,22.4400005341,23.9799995422,22.8099994659,0,22.8099994659
2001-06-18,23.5400009155,22.9300003052,23.2600002289,23.1700000763,0,23.1700000763
2001-06-19,22.8199996948,21.9300003052,22.3999996185,22.3400001526,0,22.3400001526
2001-06-20,22.2900009155,21.6000003815,22.0499992371,21.7099990845,0,21.7099990845
2001-06-21,21.3600006104,19.3400001526,21.3099994659,19.3799991608,0,19.3799991608
2001-06-22,20.2000007629,19.5900001526,19.8199996948,20.0200004578,0,20.0200004578
2001-06-25,20.8899993896,20.25,20.3600006104,20.6700000763,0,20.6700000763
2001-06-26,21.6499996185,20.75,21.4500007629,21.2000007629,0,21.2000007629
2001-06-27,21.8400001526,20.5400009155,21.5499992371,20.8799991608,0,20.8799991608
2001-06-28,20.1800003052,19.5200004578,20.1800003052,20.0100002289,0,20.0100002289
2001-06-29,19.8999996185,18.8299999237,19.8999996185,19.0599994659,0,19.0599994659
2001-07-02,19.75,18.7399997711,19.75,18.7600002289,0,18.7600002289
2001-07-03,19.3700008392,18.9200000763,19.2099990845,18.9200000763,0,18.9200000763
2001-07-05,20.3899993896,19.7000007629,20.1399993896,20.0900001526,0,20.0900001526
2001-07-06,21.8999996185,20.9599990845,20.9599990845,21.6299991608,0,21.6299991608
2001-07-09,22.9599990845,22.2999992371,22.7099990845,22.4799995422,0,22.4799995422
2001-07-10,23.2600002289,22.2800006866,22.2800006866,23.25,0,23.25
2001-07-11,24.9099998474,23.5900001526,24.1700000763,24.0100002289,0,24.0100002289
2001-07-12,23.2900009155,22.0900001526,23.2900009155,22.0900001526,0,22.0900001526
2001-07-13,22.1200008392,21.0200004578,22.0300006866,21.1399993896,0,21.1399993896
2001-07-16,22.9099998474,21.5799999237,21.6900005341,22.9099998474,0,22.9099998474
2001-07-17,23.6000003815,22.4599990845,23.5400009155,22.6100006104,0,22.6100006104
2001-07-18,23.8400001526,23.0699996948,23.1900005341,23.6000003815,0,23.6000003815
2001-07-19,23.0699996948,21.8400001526,22.5799999237,22.5100002289,0,22.5100002289
2001-07-20,23.0100002289,22.1900005341,22.6700000763,22.3400001526,0,22.3400001526
2001-07-23,23.8700008392,22.5100002289,22.6399993896,23.7399997711,0,23.7399997711
2001-07-24,25.6100006104,24.1599998474,24.2000007629,25.2399997711,0,25.2399997711
2001-07-25,25.2299995422,23.9200000763,24.9200000763,24.0,0,24.0
2001-07-26,24.2299995422,22.9799995422,24.0200004578,23.0100002289,0,23.0100002289
2001-07-27,23.1299991608,21.9300003052,23.0200004578,22.0,0,22.0
2001-07-30,23.0300006866,22.4799995422,22.4799995422,22.6900005341,0,22.6900005341
2001-07-31,22.4500007629,20.7900009155,22.3099994659,21.6200008392,0,21.6200008392
2001-08-01,20.9899997711,20.1299991608,20.9699993134,20.5599994659,0,20.5599994659
2001-08-02,20.4799995422,19.6900005341,20.3299999237,20.0900001526,0,20.0900001526
2001-08-03,21.0300006866,19.8299999237,20.2299995422,19.8899993896,0,19.8899993896
2001-08-06,22.2600002289,20.8799991608,21.0699996948,21.8899993896,0,21.8899993896
2001-08-07,21.5100002289,20.7299995422,21.4300003052,21.0100002289,0,21.0100002289
2001-08-08,22.5699996948,20.7199993134,21.5200004578,22.3199996948,0,22.3199996948
2001-08-09,22.4300003052,21.6399993896,22.0200004578,21.75,0,21.75
2001-08-10,21.5300006866,20.3700008392,20.5599994659,20.5499992371,0,20.5499992371
2001-08-13,20.6900005341,20.2399997711,20.5799999237,20.4200000763,0,20.4200000763
2001-08-14,20.5400009155,19.9300003052,19.9500007629,20.4799995422,0,20.4799995422
2001-08-15,20.9099998474,19.8400001526,20.1399993896,20.9099998474,0,20.9099998474
2001-08-16,22.1499996185,21.0599994659,21.2600002289,21.5400009155,0,21.5400009155
2001-08-17,24.2399997711,21.9099998474,21.9400005341,23.8400001526,0,23.8400001526
2001-08-20,24.8500003815,22.8700008392,24.8299999237,22.8700008392,0,22.8700008392
2001-08-21,24.5100002289,21.6299991608,22.5499992371,24.3999996185,0,24.3999996185
2001-08-22,23.2800006866,22.3400001526,22.7099990845,22.4400005341,0,22.4400005341
2001-08-23,22.3600006104,21.8500003815,22.0499992371,22.2299995422,0,22.2299995422
2001-08-24,21.3099994659,19.7000007629,21.2999992371,19.7099990845,0,19.7099990845
2001-08-27,20.8500003815,20.1299991608,20.5,20.5599994659,0,20.5599994659
2001-08-28,22.1200008392,20.8999996185,20.8999996185,22.0,0,22.0
2001-08-29,23.2600002289,21.8400001526,21.8500003815,23.0300006866,0,23.0300006866
2001-08-30,25.8400001526,23.1599998474,23.1599998474,25.4099998474,0,25.4099998474
2001-08-31,25.4699993134,24.4099998474,25.3099994659,24.9200000763,0,24.9200000763
2001-09-04,26.1700000763,24.1900005341,26.1100006104,25.8500003815,0,25.8500003815
2001-09-05,27.3700008392,26.2199993134,26.2199993134,26.3500003815,0,26.3500003815
2001-09-06,28.7299995422,27.2299995422,27.2299995422,28.6100006104,0,28.6100006104
2001-09-07,31.2999992371,28.9200000763,29.8899993896,30.9899997711,0,30.9899997711
2001-09-10,33.3400001526,31.8400001526,33.1100006104,31.8400001526,0,31.8400001526
2001-09-17,44.3300018311,39.7700004578,43.2000007629,41.7599983215,0,41.7599983215
2001-09-18,42.1699981689,38.8699989319,41.0699996948,38.8699989319,0,38.8699989319
2001-09-19,44.2599983215,37.5,37.8800010681,40.5600013733,0,40.5600013733
2001-09-20,43.7599983215,41.1699981689,41.4000015259,43.7400016785,0,43.7400016785
2001-09-21,49.3499984741,42.6599998474,48.9300003052,42.6599998474,0,42.6599998474
2001-09-24,41.4900016785,37.2000007629,41.3199996948,37.75,0,37.75
2001-09-25,37.2599983215,35.8100013733,37.0600013733,35.8100013733,0,35.8100013733
2001-09-26,35.7400016785,34.4900016785,35.0,35.2599983215,0,35.2599983215
2001-09-27,36.1100006104,33.9900016785,35.4500007629,34.0,0,34.0
2001-09-28,33.0800018311,31.7399997711,33.0800018311,31.9300003052,0,31.9300003052
2001-10-01,34.0800018311,32.2900009155,33.4199981689,32.3199996948,0,32.3199996948
2001-10-02,32.6399993896,31.1599998474,32.4099998474,31.1800003052,0,31.1800003052
2001-10-03,32.4700012207,31.1499996185,32.4000015259,31.3400001526,0,31.3400001526
2001-10-04,32.1599998474,30.3099994659,31.3700008392,31.9699993134,0,31.9699993134
2001-10-05,34.3899993896,32.6399993896,32.6800003052,33.3899993896,0,33.3899993896
2001-10-08,36.1800003052,34.8400001526,35.6599998474,35.1199989319,0,35.1199989319
2001-10-09,35.5299987793,34.4799995422,35.25,34.8300018311,0,34.8300018311
2001-10-10,34.1699981689,31.3400001526,34.1699981689,31.6000003815,0,31.6000003815
2001-10-11,32.1599998474,30.8299999237,30.9300003052,31.5,0,31.5
2001-10-12,36.5600013733,32.2700004578,32.4799995422,35.2700004578,0,35.2700004578
2001-10-15,36.9500007629,35.2400016785,36.75,35.3100013733,0,35.3100013733
2001-10-16,35.3199996948,32.8499984741,34.8100013733,32.8800010681,0,32.8800010681
2001-10-17,35.0900001526,32.4399986267,32.4399986267,35.0800018311,0,35.0800018311
2001-10-18,35.6100006104,34.8499984741,35.4199981689,34.9500007629,0,34.9500007629
2001-10-19,35.4599990845,33.8899993896,34.7599983215,34.1100006104,0,34.1100006104
2001-10-22,34.6599998474,32.1699981689,34.4700012207,32.25,0,32.25
2001-10-23,32.4599990845,31.2999992371,32.2400016785,32.0,0,32.0
2001-10-24,31.8400001526,30.7999992371,31.7399997711,30.9500007629,0,30.9500007629
2001-10-25,32.9199981689,29.4500007629,32.4000015259,29.4599990845,0,29.4599990845
2001-10-26,30.0200004578,28.1100006104,30.0200004578,28.4200000763,0,28.4200000763
2001-10-29,31.6700000763,30.3099994659,30.4300003052,31.6399993896,0,31.6399993896
2001-10-30,34.7700004578,33.0,33.2400016785,33.4599990845,0,33.4599990845
2001-10-31,33.5900001526,32.2700004578,33.1199989319,33.5600013733,0,33.5600013733
2001-11-01,34.5699996948,32.0,33.9700012207,32.3100013733,0,32.3100013733
2001-11-02,32.6699981689,30.4599990845,32.4500007629,30.7099990845,0,30.7099990845
2001-11-05,31.2099990845,30.2299995422,31.1399993896,30.5,0,30.5
2001-11-06,31.1900005341,28.7199993134,30.6399993896,28.7999992371,0,28.7999992371
2001-11-07,29.5400009155,28.1100006104,29.4099998474,29.1299991608,0,29.1299991608
2001-11-08,28.8799991608,27.4300003052,28.5100002289,28.6200008392,0,28.6200008392
2001-11-09,29.0499992371,27.3400001526,28.9899997711,27.4400005341,0,27.4400005341
2001-11-12,31.9400005341,29.0400009155,31.9400005341,29.3500003815,0,29.3500003815
2001-11-13,28.0200004578,26.3400001526,27.9500007629,26.4699993134,0,26.4699993134
2001-11-14,27.0400009155,26.2600002289,26.2700004578,26.5599994659,0,26.5599994659
2001-11-15,26.4599990845,25.5300006866,26.3299999237,25.5599994659,0,25.5599994659
2001-11-16,25.9500007629,25.0300006866,25.7600002289,25.0699996948,0,25.0699996948
2001-11-19,25.4300003052,24.4599990845,25.4300003052,24.4599990845,0,24.4599990845
2001-11-20,24.4799995422,23.5,24.3500003815,24.1200008392,0,24.1200008392
2001-11-21,24.4200000763,23.8400001526,23.8600006104,24.1900005341,0,24.1900005341
2001-11-23,23.9400005341,23.0,23.9300003052,23.25,0,23.25
2001-11-26,24.7399997711,23.75,24.2199993134,23.7900009155,0,23.7900009155
2001-11-27,24.5599994659,22.9599990845,23.6000003815,24.0,0,24.0
2001-11-28,25.9099998474,24.2900009155,24.5699996948,25.8999996185,0,25.8999996185
2001-11-29,26.4599990845,25.1399993896,26.1599998474,25.1800003052,0,25.1800003052
2001-11-30,25.2999992371,23.6000003815,25.0499992371,23.8400001526,0,23.8400001526
2001-12-03,26.3799991608,25.5200004578,25.9200000763,25.7700004578,0,25.7700004578
2001-12-04,25.75,24.0799999237,25.4099998474,24.0799999237,0,24.0799999237
2001-12-05,23.1499996185,22.5799999237,23.1499996185,23.0200004578,0,23.0200004578
2001-12-06,24.1399993896,23.3500003815,23.5,23.7099990845,0,23.7099990845
2001-12-07,23.8500003815,23.1800003052,23.7600002289,23.4899997711,0,23.4899997711
2001-12-10,25.8700008392,24.5799999237,24.9699993134,25.6200008392,0,25.6200008392
2001-12-11,25.5799999237,24.2199993134,25.25,25.2999992371,0,25.2999992371
2001-12-12,25.9099998474,24.6599998474,25.0,24.8700008392,0,24.8700008392
2001-12-13,25.9300003052,25.0300006866,25.4799995422,25.9099998474,0,25.9099998474
2001-12-14,25.5300006866,24.2299995422,25.2800006866,24.6299991608,0,24.6299991608
2001-12-17,25.0599994659,23.9599990845,25.0200004578,24.2600002289,0,24.2600002289
2001-12-18,23.7099990845,23.1900005341,23.4300003052,23.2900009155,0,23.2900009155
2001-12-19,23.3400001526,22.2600002289,23.3400001526,22.5799999237,0,22.5799999237
2001-12-20,23.6900005341,22.4799995422,22.5599994659,23.6700000763,0,23.6700000763
2001-12-21,23.2800006866,22.3799991608,23.1299991608,22.5,0,22.5
2001-12-24,23.1100006104,22.6200008392,23.0599994659,22.6200008392,0,22.6200008392
2001-12-26,22.4200000763,22.0100002289,22.3600006104,22.2900009155,0,22.2900009155
2001-12-27,22.0100002289,21.5900001526,22.0100002289,21.5900001526,0,21.5900001526
2001-12-28,21.5900001526,21.1200008392,21.3999996185,21.3999996185,0,21.3999996185
2001-12-31,23.7999992371,22.4599990845,22.5,23.7999992371,0,23.7999992371
2002-01-02,24.2000007629,22.7099990845,23.7800006866,22.7099990845,0,22.7099990845
2002-01-03,22.4300003052,21.3299999237,22.2199993134,21.3400001526,0,21.3400001526
2002-01-04,21.5300006866,20.3999996185,20.9699993134,20.4500007629,0,20.4500007629
2002-01-07,22.1499996185,21.3500003815,21.4099998474,21.9400005341,0,21.9400005341
2002-01-08,22.2900009155,21.2800006866,21.6299991608,21.8299999237,0,21.8299999237
2002-01-09,22.4200000763,20.6599998474,21.2999992371,22.1299991608,0,22.1299991608
2002-01-10,22.7800006866,21.7800006866,22.2800006866,22.3600006104,0,22.3600006104
2002-01-11,22.8400001526,21.9200000763,22.2900009155,22.6000003815,0,22.6000003815
2002-01-14,24.0400009155,23.2399997711,23.9400005341,23.5799999237,0,23.5799999237
2002-01-15,23.7399997711,22.5799999237,23.3899993896,22.7000007629,0,22.7000007629
2002-01-16,23.6000003815,22.8700008392,23.4200000763,23.4500007629,0,23.4500007629
2002-01-17,23.5499992371,22.1299991608,23.3400001526,22.25,0,22.25
2002-01-18,23.0699996948,22.2199993134,22.9699993134,22.5200004578,0,22.5200004578
2002-01-22,23.8299999237,22.7600002289,22.9300003052,23.6100006104,0,23.6100006104
2002-01-23,23.5400009155,21.6800003052,23.3500003815,21.8799991608,0,21.8799991608
2002-01-24,21.3400001526,20.7399997711,21.1900005341,21.1499996185,0,21.1499996185
2002-01-25,21.5699996948,20.7399997711,21.3600006104,21.0100002289,0,21.0100002289
2002-01-28,21.8799991608,21.1100006104,21.2399997711,21.1399993896,0,21.1399993896
2002-01-29,24.9899997711,20.6900005341,20.9200000763,24.3500003815,0,24.3500003815
2002-01-30,26.8799991608,23.2199993134,24.5799999237,23.2199993134,0,23.2199993134
2002-01-31,22.7000007629,21.0900001526,22.4500007629,21.0900001526,0,21.0900001526
2002-02-01,21.4300003052,20.9500007629,21.1200008392,21.1200008392,0,21.1200008392
2002-02-04,25.1499996185,22.6900005341,22.7700004578,24.8700008392,0,24.8700008392
2002-02-05,26.1900005341,24.5100002289,25.2600002289,25.4500007629,0,25.4500007629
2002-02-06,27.3199996948,25.3400001526,25.5300006866,26.0900001526,0,26.0900001526
2002-02-07,26.5400009155,24.2399997711,25.9899997711,25.1100006104,0,25.1100006104
2002-02-08,24.6700000763,23.0699996948,24.5599994659,23.2600002289,0,23.2600002289
2002-02-11,24.0400009155,21.7800006866,24.0400009155,21.7800006866,0,21.7800006866
2002-02-12,22.4400005341,21.4400005341,22.2999992371,21.6200008392,0,21.6200008392
2002-02-13,21.1700000763,20.5499992371,20.9200000763,20.8500003815,0,20.8500003815
2002-02-14,21.9200000763,21.3199996948,21.9200000763,21.7700004578,0,21.7700004578
2002-02-15,22.7900009155,21.5400009155,21.9799995422,22.3700008392,0,22.3700008392
2002-02-19,24.5900001526,23.8299999237,23.9200000763,24.4300003052,0,24.4300003052
2002-02-20,24.9400005341,22.6200008392,23.7800006866,22.6599998474,0,22.6599998474
2002-02-21,23.9599990845,21.8999996185,22.5900001526,23.7999992371,0,23.7999992371
2002-02-22,24.4400005341,22.75,24.0400009155,22.8600006104,0,22.8600006104
2002-02-25,23.1100006104,21.4200000763,23.0900001526,21.8400001526,0,21.8400001526
2002-02-26,22.25,21.3500003815,21.3600006104,21.6800003052,0,21.6800003052
2002-02-27,22.4200000763,20.8199996948,21.1800003052,21.4899997711,0,21.4899997711
2002-02-28,21.5900001526,20.7099990845,21.1200008392,21.5900001526,0,21.5900001526
2002-03-01,21.0599994659,19.8799991608,21.0599994659,19.9599990845,0,19.9599990845
2002-03-04,20.9500007629,20.3500003815,20.6900005341,20.5,0,20.5
2002-03-05,21.1200008392,20.2399997711,20.7600002289,20.2999992371,0,20.2999992371
2002-03-06,20.4899997711,19.5499992371,20.2700004578,19.9400005341,0,19.9400005341
2002-03-07,20.8099994659,19.9699993134,20.7199993134,20.0400009155,0,20.0400009155
2002-03-08,20.2199993134,19.2700004578,19.7600002289,19.2700004578,0,19.2700004578
2002-03-11,20.7700004578,19.5599994659,20.6599998474,19.8400001526,0,19.8400001526
2002-03-12,20.5699996948,19.5100002289,20.5200004578,19.5900001526,0,19.5900001526
2002-03-13,19.8899993896,19.3999996185,19.8299999237,19.4599990845,0,19.4599990845
2002-03-14,19.5599994659,18.9799995422,19.4500007629,19.2000007629,0,19.2000007629
2002-03-15,18.8400001526,18.3799991608,18.7700004578,18.4200000763,0,18.4200000763
2002-03-18,19.3999996185,18.7399997711,18.7900009155,18.9300003052,0,18.9300003052
2002-03-19,18.6599998474,18.0900001526,18.5,18.1599998474,0,18.1599998474
2002-03-20,18.75,18.3299999237,18.7000007629,18.4599990845,0,18.4599990845
2002-03-21,18.8400001526,18.1399993896,18.6100006104,18.1499996185,0,18.1499996185
2002-03-22,18.3799991608,17.6200008392,18.3400001526,17.7700004578,0,17.7700004578
2002-03-25,18.7199993134,18.0400009155,18.1800003052,18.4799995422,0,18.4799995422
2002-03-26,18.4400005341,17.8099994659,18.4400005341,18.1299991608,0,18.1299991608
2002-03-27,18.1599998474,17.5499992371,18.1000003815,17.7000007629,0,17.7000007629
2002-03-28,17.5100002289,17.0200004578,17.2299995422,17.3999996185,0,17.3999996185
2002-04-01,19.5,18.6100006104,18.9899997711,18.7299995422,0,18.7299995422
2002-04-02,19.4099998474,19.1200008392,19.1200008392,19.1599998474,0,19.1599998474
2002-04-03,20.4699993134,19.3999996185,19.4099998474,20.2000007629,0,20.2000007629
2002-04-04,20.0900001526,19.4599990845,19.8999996185,19.7800006866,0,19.7800006866
2002-04-05,19.3999996185,18.7800006866,19.3299999237,19.1299991608,0,19.1299991608
2002-04-08,20.4599990845,19.5699996948,20.3500003815,19.6100006104,0,19.6100006104
2002-04-09,19.7299995422,19.2999992371,19.3099994659,19.4699993134,0,19.4699993134
2002-04-10,19.2800006866,18.1700000763,19.2199993134,18.1900005341,0,18.1900005341
2002-04-11,20.3500003815,18.5599994659,18.7199993134,20.2999992371,0,20.2999992371
2002-04-12,20.1900005341,19.3099994659,19.9599990845,19.4200000763,0,19.4200000763
2002-04-15,20.2000007629,19.4699993134,20.1299991608,19.8199996948,0,19.8199996948
2002-04-16,19.0300006866,18.0599994659,18.5799999237,18.1100006104,0,18.1100006104
2002-04-17,19.0300006866,17.8999996185,18.3400001526,18.4300003052,0,18.4300003052
2002-04-18,19.7999992371,17.8199996948,17.8199996948,19.2900009155,0,19.2900009155
2002-04-19,18.9599990845,17.7299995422,18.4099998474,18.2999992371,0,18.2999992371
2002-04-22,20.0900001526,19.3400001526,19.4099998474,19.7700004578,0,19.7700004578
2002-04-23,20.3299999237,19.2000007629,19.2299995422,20.2800006866,0,20.2800006866
2002-04-24,20.8600006104,19.7099990845,20.0100002289,20.7700004578,0,20.7700004578
2002-04-25,21.7000007629,20.8600006104,21.5599994659,20.9500007629,0,20.9500007629
2002-04-26,22.1399993896,20.6700000763,20.7199993134,22.1399993896,0,22.1399993896
2002-04-29,24.5,22.9099998474,23.2299995422,24.0499992371,0,24.0499992371
2002-04-30,24.0300006866,21.6399993896,24.0300006866,21.9099998474,0,21.9099998474
2002-05-01,22.0300006866,19.9099998474,21.4400005341,20.0599994659,0,20.0599994659
2002-05-02,20.5100002289,19.9099998474,20.1100006104,20.0699996948,0,20.0699996948
2002-05-03,20.9599990845,20.0499992371,20.25,20.1900005341,0,20.1900005341
2002-05-06,22.5699996948,20.8299999237,20.9899997711,22.5599994659,0,22.5599994659
2002-05-07,22.5900001526,21.6399993896,22.3799991608,21.9400005341,0,21.9400005341
2002-05-08,21.3099994659,20.2099990845,21.2999992371,20.3899993896,0,20.3899993896
2002-05-09,21.6200008392,20.8299999237,20.8400001526,21.5599994659,0,21.5599994659
2002-05-10,22.7099990845,21.7700004578,21.8299999237,22.4099998474,0,22.4099998474
2002-05-13,22.25,20.6700000763,22.25,20.7199993134,0,20.7199993134
2002-05-14,20.0799999237,19.2000007629,19.8700008392,19.3500003815,0,19.3500003815
2002-05-15,19.6499996185,18.5,19.5,19.1900005341,0,19.1900005341
2002-05-16,19.3099994659,18.4799995422,19.3099994659,18.5,0,18.5
2002-05-17,18.5699996948,17.7000007629,18.0100002289,17.7000007629,0,17.7000007629
2002-05-20,19.4200000763,18.7600002289,18.7600002289,19.2399997711,0,19.2399997711
2002-05-21,20.1100006104,18.9899997711,19.0400009155,20.0499992371,0,20.0499992371
2002-05-22,20.7099990845,19.5400009155,20.25,19.5799999237,0,19.5799999237
2002-05-23,19.1599998474,18.1900005341,19.0499992371,18.2299995422,0,18.2299995422
2002-05-24,19.0300006866,18.2199993134,18.2199993134,18.8999996185,0,18.8999996185
2002-05-28,20.7700004578,20.0699996948,20.2099990845,20.3099994659,0,20.3099994659
2002-05-29,20.7900009155,19.7299995422,20.4099998474,20.3899993896,0,20.3899993896
2002-05-30,21.5799999237,20.4200000763,20.8799991608,20.6100006104,0,20.6100006104
2002-05-31,20.2600002289,19.4300003052,20.2600002289,19.9799995422,0,19.9799995422
2002-06-03,23.3700008392,20.6200008392,20.9799995422,23.3700008392,0,23.3700008392
2002-06-04,24.8199996948,23.3099994659,23.6000003815,23.8899993896,0,23.8899993896
2002-06-05,23.7700004578,22.4599990845,23.5200004578,22.6100006104,0,22.6100006104
2002-06-06,24.6399993896,22.9400005341,22.9699993134,24.1599998474,0,24.1599998474
2002-06-07,26.1499996185,22.9799995422,25.9599990845,23.5100002289,0,23.5100002289
2002-06-10,24.2800006866,23.0499992371,24.1800003052,23.7199993134,0,23.7199993134
2002-06-11,24.5,22.8099994659,23.1100006104,24.4500007629,0,24.4500007629
2002-06-12,25.5,23.8500003815,24.1800003052,24.1499996185,0,24.1499996185
2002-06-13,25.5599994659,23.9699993134,24.6499996185,25.0200004578,0,25.0200004578
2002-06-14,28.7800006866,25.7999992371,28.4300003052,25.9599990845,0,25.9599990845
2002-06-17,25.9200000763,24.6000003815,25.9200000763,24.6399993896,0,24.6399993896
2002-06-18,24.8099994659,24.0599994659,24.75,24.2399997711,0,24.2399997711
2002-06-19,26.0799999237,24.6499996185,25.0499992371,26.0599994659,0,26.0599994659
2002-06-20,27.5599994659,26.0,26.1000003815,27.4799995422,0,27.4799995422
2002-06-21,28.5,26.8400001526,28.3799991608,27.2299995422,0,27.2299995422
2002-06-24,29.0200004578,26.4599990845,27.9300003052,26.9799995422,0,26.9799995422
2002-06-25,27.9200000763,25.4899997711,26.4099998474,27.8400001526,0,27.8400001526
2002-06-26,30.9799995422,28.4099998474,29.9899997711,28.4200000763,0,28.4200000763
2002-06-27,29.2399997711,26.2900009155,27.6700000763,26.2900009155,0,26.2900009155
2002-06-28,25.8799991608,24.8799991608,25.7399997711,25.3999996185,0,25.3999996185
2002-07-01,27.1599998474,25.6299991608,25.7099990845,27.1100006104,0,27.1100006104
2002-07-02,29.7800006866,27.5599994659,27.5599994659,28.9599990845,0,28.9599990845
2002-07-03,31.0300006866,28.7600002289,28.8799991608,29.4200000763,0,29.4200000763
2002-07-05,27.2999992371,25.6800003052,27.2999992371,27.1100006104,0,27.1100006104
2002-07-08,28.7800006866,27.8799991608,28.5400009155,28.25,0,28.25
2002-07-09,30.3400001526,27.7900009155,27.9599990845,30.2199993134,0,30.2199993134
2002-07-10,34.1699981689,30.7700004578,31.3999996185,34.0999984741,0,34.0999984741
2002-07-11,36.3499984741,33.8499984741,34.4199981689,33.8499984741,0,33.8499984741
2002-07-12,34.2999992371,32.4099998474,34.2999992371,32.9399986267,0,32.9399986267
2002-07-15,38.3800010681,34.8600006104,35.0699996948,35.0299987793,0,35.0299987793
2002-07-16,36.8199996948,35.2000007629,35.9700012207,36.6500015259,0,36.6500015259
2002-07-17,36.7299995422,33.6199989319,34.25,35.4500007629,0,35.4500007629
2002-07-18,35.4199981689,33.4500007629,35.2000007629,35.1199989319,0,35.1199989319
2002-07-19,38.1699981689,35.9799995422,36.4199981689,38.1699981689,0,38.1699981689
2002-07-22,42.5800018311,38.5699996948,39.1300010681,41.8699989319,0,41.8699989319
2002-07-23,46.1300010681,42.0499992371,42.2700004578,44.9199981689,0,44.9199981689
2002-07-24,48.4599990845,39.8300018311,48.1699981689,39.8600006104,0,39.8600006104
2002-07-25,42.0499992371,38.8899993896,40.6500015259,39.2700004578,0,39.2700004578
2002-07-26,38.7999992371,35.5099983215,38.6100006104,35.5099983215,0,35.5099983215
2002-07-29,33.8899993896,31.1900005341,33.8899993896,31.3299999237,0,31.3299999237
2002-07-30,32.7700004578,30.6000003815,32.0400009155,31.9200000763,0,31.9200000763
2002-07-31,33.6800003052,32.0299987793,32.7799987793,32.0299987793,0,32.0299987793
2002-08-01,36.9500007629,32.7700004578,32.7700004578,36.9500007629,0,36.9500007629
2002-08-02,43.9300003052,36.8600006104,37.5299987793,41.2900009155,0,41.2900009155
2002-08-05,45.2099990845,41.7700004578,41.9500007629,45.0800018311,0,45.0800018311
2002-08-06,43.0600013733,40.2799987793,43.0600013733,42.0299987793,0,42.0299987793
2002-08-07,41.3699989319,38.6500015259,40.7200012207,38.7299995422,0,38.7299995422
2002-08-08,39.0600013733,36.1899986267,38.5299987793,36.3300018311,0,36.3300018311
2002-08-09,37.4799995422,34.6899986267,37.4099998474,35.3300018311,0,35.3300018311
2002-08-12,37.5200004578,36.8300018311,37.2299995422,37.0499992371,0,37.0499992371
2002-08-13,37.3100013733,34.2000007629,37.2400016785,35.8199996948,0,35.8199996948
2002-08-14,35.9900016785,32.3499984741,35.5600013733,32.3600006104,0,32.3600006104
2002-08-15,32.0999984741,29.4300003052,31.8999996185,29.4300003052,0,29.4300003052
2002-08-16,29.9500007629,28.0100002289,29.8799991608,28.8099994659,0,28.8099994659
2002-08-19,29.7299995422,28.2900009155,29.6000003815,28.6100006104,0,28.6100006104
2002-08-20,30.2199993134,29.1800003052,29.5200004578,29.5900001526,0,29.5900001526
2002-08-21,30.0599994659,28.0699996948,29.1800003052,28.2299995422,0,28.2299995422
2002-08-22,28.6399993896,27.6100006104,28.6399993896,27.75,0,27.75
2002-08-23,29.5400009155,28.0799999237,28.0799999237,29.3199996948,0,29.3199996948
2002-08-26,31.9300003052,29.6299991608,30.7299995422,29.8899993896,0,29.8899993896
2002-08-27,30.7999992371,29.5300006866,29.8899993896,30.1100006104,0,30.1100006104
2002-08-28,33.5999984741,31.1900005341,31.2399997711,33.3199996948,0,33.3199996948
2002-08-29,35.4199981689,33.2099990845,35.4199981689,33.6699981689,0,33.6699981689
2002-08-30,33.6399993896,31.9300003052,33.6399993896,32.6399993896,0,32.6399993896
2002-09-03,39.9700012207,37.1199989319,37.1199989319,39.9700012207,0,39.9700012207
2002-09-04,39.7099990845,37.0499992371,39.2099990845,37.4399986267,0,37.4399986267
2002-09-05,40.4099998474,38.2099990845,39.5800018311,38.8600006104,0,38.8600006104
2002-09-06,37.3499984741,35.9900016785,36.8800010681,36.3300018311,0,36.3300018311
2002-09-09,39.6300010681,36.0400009155,39.0999984741,36.4500007629,0,36.4500007629
2002-09-10,35.9799995422,35.0800018311,35.9799995422,35.0800018311,0,35.0800018311
2002-09-11,34.8100013733,33.7200012207,34.8100013733,34.8100013733,0,34.8100013733
2002-09-12,37.7400016785,36.0999984741,36.2400016785,37.5,0,37.5
2002-09-13,38.5200004578,35.8199996948,38.2200012207,35.8199996948,0,35.8199996948
2002-09-16,38.5499992371,36.6399993896,37.3400001526,36.7400016785,0,36.7400016785
2002-09-17,38.0600013733,35.7900009155,35.8699989319,38.0099983215,0,38.0099983215
2002-09-18,39.7099990845,36.9599990845,38.6800003052,37.5200004578,0,37.5200004578
2002-09-19,40.7000007629,38.9199981689,39.9199981689,40.6500015259,0,40.6500015259
2002-09-20,40.2299995422,38.7200012207,39.9300003052,38.9799995422,0,38.9799995422
2002-09-23,41.1800003052,39.2599983215,40.7799987793,39.6800003052,0,39.6800003052
2002-09-24,41.3400001526,39.5699996948,40.9500007629,40.5200004578,0,40.5200004578
2002-09-25,39.9199981689,36.7900009155,39.6500015259,37.3300018311,0,37.3300018311
2002-09-26,36.1500015259,34.5999984741,36.0900001526,34.5999984741,0,34.5999984741
2002-09-27,36.9700012207,33.9599990845,35.0699996948,36.9700012207,0,36.9700012207
2002-09-30,41.8600006104,38.8899993896,41.0699996948,39.6899986267,0,39.6899986267
2002-10-01,37.6100006104,33.7700004578,37.25,34.1199989319,0,34.1199989319
2002-10-02,36.9700012207,34.4199981689,35.1599998474,36.8300018311,0,36.8300018311
2002-10-03,37.75,36.1100006104,37.3300018311,37.3100013733,0,37.3100013733
2002-10-04,40.2900009155,38.6699981689,39.1800003052,39.4599990845,0,39.4599990845
2002-10-07,42.9500007629,41.0400009155,41.6500015259,42.6399993896,0,42.6399993896
2002-10-08,43.4399986267,39.9599990845,42.0900001526,41.0200004578,0,41.0200004578
2002-10-09,42.5800018311,41.2099990845,42.25,42.1300010681,0,42.1300010681
2002-10-10,39.3899993896,37.5400009155,39.1300010681,37.5499992371,0,37.5499992371
2002-10-11,36.5299987793,35.2000007629,36.3600006104,35.7000007629,0,35.7000007629
2002-10-14,37.1800003052,36.0200004578,36.9199981689,36.0400009155,0,36.0400009155
2002-10-15,34.7099990845,33.7900009155,34.3600006104,34.0200004578,0,34.0200004578
2002-10-16,36.2700004578,34.9099998474,34.9099998474,36.0,0,36.0
2002-10-17,35.1300010681,33.9300003052,34.7700004578,34.0999984741,0,34.0999984741
2002-10-18,34.7299995422,33.3400001526,34.5999984741,33.5299987793,0,33.5299987793
2002-10-21,35.5499992371,33.0,35.3400001526,33.1100006104,0,33.1100006104
2002-10-22,34.7599983215,33.6100006104,34.3899993896,34.0900001526,0,34.0900001526
2002-10-23,35.6100006104,33.2000007629,34.0600013733,33.2000007629,0,33.2000007629
2002-10-24,34.4300003052,32.5299987793,32.9900016785,34.0299987793,0,34.0299987793
2002-10-25,33.3699989319,29.8799991608,33.3699989319,30.0,0,30.0
2002-10-28,31.6700000763,30.3099994659,30.7800006866,31.0699996948,0,31.0699996948
2002-10-29,33.5299987793,31.5300006866,31.5300006866,32.2700004578,0,32.2700004578
2002-10-30,32.5,30.7900009155,32.5,31.2299995422,0,31.2299995422
2002-10-31,31.5699996948,29.6900005341,31.5699996948,31.1399993896,0,31.1399993896
2002-11-01,31.7000007629,28.6200008392,31.5699996948,29.2999992371,0,29.2999992371
2002-11-04,30.8999996185,28.8299999237,29.8099994659,30.8199996948,0,30.8199996948
2002-11-05,31.7199993134,30.4300003052,31.0100002289,31.2299995422,0,31.2299995422
2002-11-06,32.5999984741,30.7099990845,31.8899993896,30.7299995422,0,30.7299995422
2002-11-07,31.8500003815,30.7600002289,31.4200000763,31.4200000763,0,31.4200000763
2002-11-08,31.0300006866,29.1000003815,30.3899993896,29.4099998474,0,29.4099998474
2002-11-11,31.6399993896,30.4099998474,30.6299991608,31.2999992371,0,31.2999992371
2002-11-12,31.2000007629,29.75,31.0900001526,30.5799999237,0,30.5799999237
2002-11-13,31.8999996185,30.5,31.2099990845,31.2399997711,0,31.2399997711
2002-11-14,29.7600002289,28.6499996185,29.6900005341,28.6700000763,0,28.6700000763
2002-11-15,28.2299995422,26.4400005341,27.9200000763,26.6499996185,0,26.6499996185
2002-11-18,27.6599998474,26.7299995422,27.0900001526,27.6599998474,0,27.6599998474
2002-11-19,28.1499996185,26.6299991608,28.1200008392,27.4099998474,0,27.4099998474
2002-11-20,26.9300003052,25.0599994659,26.9300003052,25.3199996948,0,25.3199996948
2002-11-21,24.75,23.4099998474,24.6000003815,23.8099994659,0,23.8099994659
2002-11-22,24.2199993134,23.0499992371,23.9899997711,23.1599998474,0,23.1599998474
2002-11-25,25.4200000763,23.6200008392,23.9200000763,24.0699996948,0,24.0699996948
2002-11-26,26.1499996185,24.5599994659,24.5599994659,25.9699993134,0,25.9699993134
2002-11-27,27.4200000763,23.9699993134,25.1499996185,27.25,0,27.25
2002-11-29,27.7000007629,26.8400001526,27.1000003815,27.5,0,27.5
2002-12-02,28.6100006104,27.2800006866,28.3500003815,27.4599990845,0,27.4599990845
2002-12-03,28.4099998474,27.4699993134,27.7900009155,28.3299999237,0,28.3299999237
2002-12-04,29.5100002289,28.2700004578,29.1000003815,28.9200000763,0,28.9200000763
2002-12-05,30.2000007629,29.2600002289,29.5,30.1000003815,0,30.1000003815
2002-12-06,30.6399993896,28.7700004578,30.6399993896,28.8799991608,0,28.8799991608
2002-12-09,31.2000007629,29.9899997711,30.0699996948,30.7800006866,0,30.7800006866
2002-12-10,30.4899997711,28.6499996185,30.4400005341,28.7600002289,0,28.7600002289
2002-12-11,29.0,27.5499992371,28.9200000763,27.7600002289,0,27.7600002289
2002-12-12,28.1599998474,27.2299995422,27.9500007629,27.2900009155,0,27.2900009155
2002-12-13,28.6700000763,27.5599994659,28.0100002289,28.1800003052,0,28.1800003052
2002-12-16,28.2900009155,26.2199993134,28.25,26.2399997711,0,26.2399997711
2002-12-17,26.8199996948,25.8999996185,26.25,26.6599998474,0,26.6599998474
2002-12-18,28.5499992371,27.2900009155,27.2900009155,28.2900009155,0,28.2900009155
2002-12-19,30.8400001526,27.8799991608,28.2600002289,30.2099990845,0,30.2099990845
2002-12-20,28.75,26.5900001526,28.5900001526,26.7099990845,0,26.7099990845
2002-12-23,27.6900005341,25.8700008392,27.6100006104,26.2000007629,0,26.2000007629
2002-12-24,26.8199996948,26.3799991608,26.3899993896,26.4899997711,0,26.4899997711
2002-12-26,27.5699996948,26.1599998474,26.3199996948,27.3700008392,0,27.3700008392
2002-12-27,29.9699993134,27.5200004578,27.7199993134,29.5499992371,0,29.5499992371
2002-12-30,30.8299999237,29.4699993134,30.6900005341,29.6200008392,0,29.6200008392
2002-12-31,29.6200008392,28.6000003815,29.0799999237,28.6200008392,0,28.6200008392
2003-01-02,28.7399997711,25.3199996948,28.7399997711,25.3899993896,0,25.3899993896
2003-01-03,25.5499992371,24.6800003052,25.5499992371,24.6800003052,0,24.6800003052
2003-01-06,25.4200000763,24.2900009155,25.3199996948,24.9099998474,0,24.9099998474
2003-01-07,25.6900005341,24.9099998474,25.1299991608,25.1299991608,0,25.1299991608
2003-01-08,25.7600002289,25.0699996948,25.6200008392,25.5300006866,0,25.5300006866
2003-01-09,24.8999996185,24.0200004578,24.8999996185,24.25,0,24.25
2003-01-10,24.6900005341,24.1499996185,24.6200008392,24.3199996948,0,24.3199996948
2003-01-13,25.4799995422,24.6800003052,24.9500007629,24.8999996185,0,24.8999996185
2003-01-14,25.0900001526,24.3799991608,25.0100002289,24.5699996948,0,24.5699996948
2003-01-15,26.0100002289,24.8500003815,24.8500003815,25.5100002289,0,25.5100002289
2003-01-16,25.7999992371,24.6900005341,24.9200000763,25.0100002289,0,25.0100002289
2003-01-17,26.0,25.2000007629,25.3899993896,25.7000007629,0,25.7000007629
2003-01-21,27.7000007629,26.7299995422,26.75,27.5900001526,0,27.5900001526
2003-01-22,29.0799999237,27.7700004578,28.1599998474,29.0100002289,0,29.0100002289
2003-01-23,29.1900005341,27.3500003815,28.7199993134,27.5300006866,0,27.5300006866
2003-01-24,32.4099998474,28.4500007629,28.4699993134,31.5100002289,0,31.5100002289
2003-01-27,35.3300018311,32.9700012207,33.3100013733,34.6899986267,0,34.6899986267
2003-01-28,34.4700012207,31.8199996948,34.4199981689,31.9300003052,0,31.9300003052
2003-01-29,33.2400016785,31.0499992371,32.4500007629,31.2600002289,0,31.2600002289
2003-01-30,31.5,30.6599998474,31.3799991608,31.3199996948,0,31.3199996948
2003-01-31,31.6599998474,30.6100006104,31.1499996185,31.1700000763,0,31.1700000763
2003-02-03,32.4500007629,30.8700008392,32.4500007629,31.0200004578,0,31.0200004578
2003-02-04,33.3699989319,32.7000007629,32.7400016785,32.7599983215,0,32.7599983215
2003-02-05,33.2200012207,31.9799995422,32.7599983215,33.0400009155,0,33.0400009155
2003-02-06,34.2400016785,33.1199989319,34.0299987793,33.3499984741,0,33.3499984741
2003-02-07,34.3100013733,33.1899986267,33.2999992371,34.0099983215,0,34.0099983215
2003-02-10,35.6599998474,33.9900016785,35.2099990845,33.9900016785,0,33.9900016785
2003-02-11,33.9700012207,32.7200012207,33.1800003052,33.6800003052,0,33.6800003052
2003-02-12,34.3300018311,33.7700004578,33.8800010681,34.3300018311,0,34.3300018311
2003-02-13,35.2000007629,33.3300018311,34.9900016785,33.7000007629,0,33.7000007629
2003-02-14,33.9399986267,32.4199981689,33.7400016785,32.6199989319,0,32.6199989319
2003-02-18,32.1199989319,31.1100006104,32.1199989319,31.1100006104,0,31.1100006104
2003-02-19,31.7199993134,31.1299991608,31.1700000763,31.3099994659,0,31.3099994659
2003-02-20,31.2700004578,30.8600006104,30.9699993134,31.1599998474,0,31.1599998474
2003-02-21,31.6499996185,30.1599998474,30.9799995422,30.25,0,30.25
2003-02-24,32.3100013733,31.4599990845,31.4599990845,31.9799995422,0,31.9799995422
2003-02-25,33.0600013733,31.6000003815,32.7099990845,31.7399997711,0,31.7399997711
2003-02-26,32.2099990845,31.75,32.1199989319,31.9400005341,0,31.9400005341
2003-02-27,31.8500003815,30.4699993134,31.7600002289,30.5300006866,0,30.5300006866
2003-02-28,29.8400001526,29.0599994659,29.8400001526,29.6299991608,0,29.6299991608
2003-03-03,30.5200004578,29.7099990845,29.7800006866,30.4300003052,0,30.4300003052
2003-03-04,31.9799995422,30.9799995422,31.0499992371,31.8299999237,0,31.8299999237
2003-03-05,31.3299999237,30.3799991608,31.25,30.3799991608,0,30.3799991608
2003-03-06,31.5300006866,30.6900005341,31.0400009155,31.3700008392,0,31.3700008392
2003-03-07,32.8100013733,30.8400001526,32.6399993896,31.0799999237,0,31.0799999237
2003-03-10,33.8499984741,33.0800018311,33.3699989319,33.3100013733,0,33.3100013733
2003-03-11,33.75,32.9700012207,33.3199996948,33.6100006104,0,33.6100006104
2003-03-12,34.4000015259,33.3199996948,33.6899986267,33.5099983215,0,33.5099983215
2003-03-13,32.9799995422,31.6700000763,32.9799995422,31.7600002289,0,31.7600002289
2003-03-14,31.25,30.4500007629,30.8500003815,30.9799995422,0,30.9799995422
2003-03-17,32.6199989319,31.6700000763,31.8500003815,31.75,0,31.75
2003-03-18,31.5100002289,30.2399997711,31.5100002289,30.4300003052,0,30.4300003052
2003-03-19,31.5400009155,30.3999996185,30.8199996948,31.5400009155,0,31.5400009155
2003-03-20,32.0,30.4099998474,31.8099994659,30.4400005341,0,30.4400005341
2003-03-21,29.7000007629,28.4400005341,29.4099998474,28.6700000763,0,28.6700000763
2003-03-24,31.0,30.3299999237,30.5300006866,30.3899993896,0,30.3899993896
2003-03-25,30.5,28.75,30.2700004578,28.75,0,28.75
2003-03-26,28.7900009155,27.8899993896,28.6200008392,28.2299995422,0,28.2299995422
2003-03-27,29.1000003815,27.6200008392,28.9400005341,27.9599990845,0,27.9599990845
2003-03-28,28.25,27.5799999237,28.2099990845,27.75,0,27.75
2003-03-31,30.2099990845,28.5699996948,29.9500007629,29.1499996185,0,29.1499996185
2003-04-01,29.5799999237,28.1800003052,29.5799999237,28.3600006104,0,28.3600006104
2003-04-02,28.1200008392,27.4500007629,27.5,28.0200004578,0,28.0200004578
2003-04-03,28.4400005341,27.5400009155,28.3199996948,28.2099990845,0,28.2099990845
2003-04-04,30.0400009155,28.3500003815,28.3500003815,29.1299991608,0,29.1299991608
2003-04-07,28.8600006104,27.6800003052,28.8600006104,28.4500007629,0,28.4500007629
2003-04-08,27.9400005341,26.8600006104,27.8700008392,27.1299991608,0,27.1299991608
2003-04-09,27.2299995422,26.1299991608,27.0799999237,27.1100006104,0,27.1100006104
2003-04-10,27.1299991608,25.5100002289,26.9200000763,25.6000003815,0,25.6000003815
2003-04-11,25.2000007629,24.3099994659,24.4200000763,24.4400005341,0,24.4400005341
2003-04-14,25.0,23.3199996948,24.8299999237,23.4099998474,0,23.4099998474
2003-04-15,23.4200000763,22.4400005341,23.2399997711,22.5599994659,0,22.5599994659
2003-04-16,22.8500003815,21.9500007629,22.5,22.5200004578,0,22.5200004578
2003-04-17,22.3799991608,21.3299999237,22.1100006104,21.5,0,21.5
2003-04-21,22.3500003815,21.5599994659,21.8099994659,21.9500007629,0,21.9500007629
2003-04-22,21.8600006104,20.2600002289,21.8299999237,20.7000007629,0,20.7000007629
2003-04-23,21.0699996948,20.6800003052,20.8600006104,20.7999992371,0,20.7999992371
2003-04-24,21.2700004578,20.3099994659,21.0300006866,20.3299999237,0,20.3299999237
2003-04-25,20.8899993896,20.3600006104,20.5100002289,20.7999992371,0,20.7999992371
2003-04-28,20.9599990845,20.6499996185,20.8899993896,20.8400001526,0,20.8400001526
2003-04-29,21.3299999237,20.4599990845,20.6599998474,20.7600002289,0,20.7600002289
2003-04-30,21.5599994659,20.8700008392,21.0400009155,21.2099990845,0,21.2099990845
2003-05-01,22.3299999237,21.3199996948,21.3500003815,21.5900001526,0,21.5900001526
2003-05-02,21.4200000763,20.6299991608,21.0900001526,20.6299991608,0,20.6299991608
2003-05-05,21.7099990845,21.0599994659,21.3199996948,21.1299991608,0,21.1299991608
2003-05-06,21.3500003815,20.3999996185,21.0,20.7999992371,0,20.7999992371
2003-05-07,21.5799999237,20.9400005341,21.4500007629,21.0,0,21.0
2003-05-08,21.6599998474,20.7000007629,21.6599998474,21.2399997711,0,21.2399997711
2003-05-09,20.9300003052,19.6599998474,20.8500003815,19.6900005341,0,19.6900005341
2003-05-12,20.0200004578,19.3899993896,19.9599990845,19.5200004578,0,19.5200004578
2003-05-13,20.0499992371,19.3500003815,19.5100002289,19.9099998474,0,19.9099998474
2003-05-14,20.2900009155,19.8199996948,20.0200004578,20.0,0,20.0
2003-05-15,19.7900009155,19.2199993134,19.5499992371,19.2399997711,0,19.2399997711
2003-05-16,19.4200000763,18.2399997711,19.2600002289,18.3999996185,0,18.3999996185
2003-05-19,20.6900005341,19.4500007629,19.4899997711,20.5100002289,0,20.5100002289
2003-05-20,21.6800003052,20.2999992371,20.4899997711,21.2900009155,0,21.2900009155
2003-05-21,21.7199993134,21.2099990845,21.6900005341,21.2099990845,0,21.2099990845
2003-05-22,21.0,19.5599994659,20.9899997711,19.7800006866,0,19.7800006866
2003-05-23,20.0799999237,19.1399993896,20.0699996948,19.1700000763,0,19.1700000763
2003-05-27,20.75,19.6599998474,20.6800003052,19.9899997711,0,19.9899997711
2003-05-28,20.3500003815,19.7900009155,19.7900009155,20.0300006866,0,20.0300006866
2003-05-29,20.7399997711,19.6599998474,19.7199993134,20.4300003052,0,20.4300003052
2003-05-30,19.8299999237,19.4400005341,19.8299999237,19.4699993134,0,19.4699993134
2003-06-02,20.9799995422,20.0599994659,20.3500003815,20.8500003815,0,20.8500003815
2003-06-03,21.2199993134,20.7000007629,20.8500003815,20.8400001526,0,20.8400001526
2003-06-04,20.9500007629,20.5,20.9500007629,20.6200008392,0,20.6200008392
2003-06-05,21.3899993896,20.8099994659,21.2099990845,20.8299999237,0,20.8299999237
2003-06-06,21.4400005341,20.1599998474,20.4099998474,21.25,0,21.25
2003-06-09,22.8099994659,22.1200008392,22.2000007629,22.1499996185,0,22.1499996185
2003-06-10,21.8700008392,20.6399993896,21.8700008392,20.6399993896,0,20.6399993896
2003-06-11,20.7199993134,20.1000003815,20.6100006104,20.2099990845,0,20.2099990845
2003-06-12,21.0400009155,20.3899993896,20.7399997711,20.4099998474,0,20.4099998474
2003-06-13,20.8999996185,20.5,20.5699996948,20.6599998474,0,20.6599998474
2003-06-16,21.2800006866,20.2199993134,21.2800006866,20.2199993134,0,20.2199993134
2003-06-17,20.5499992371,19.7800006866,20.2999992371,20.0100002289,0,20.0100002289
2003-06-18,20.3299999237,19.7399997711,20.25,19.7600002289,0,19.7600002289
2003-06-19,19.9899997711,19.5100002289,19.8299999237,19.7999992371,0,19.7999992371
2003-06-20,19.5900001526,18.8899993896,19.5400009155,19.1399993896,0,19.1399993896
2003-06-23,20.9899997711,20.1599998474,20.1599998474,20.5799999237,0,20.5799999237
2003-06-24,20.8899993896,20.2399997711,20.2900009155,20.75,0,20.75
2003-06-25,21.25,20.4799995422,21.1399993896,20.8099994659,0,20.8099994659
2003-06-26,20.4699993134,19.3999996185,20.1900005341,19.3999996185,0,19.3999996185
2003-06-27,19.6399993896,18.8700008392,19.3999996185,19.1599998474,0,19.1599998474
2003-06-30,19.6299991608,19.2099990845,19.3099994659,19.5200004578,0,19.5200004578
2003-07-01,20.7999992371,19.2900009155,20.4899997711,19.4599990845,0,19.4599990845
2003-07-02,19.3999996185,18.8400001526,18.9099998474,19.0300006866,0,19.0300006866
2003-07-03,19.7299995422,18.8600006104,19.3299999237,19.3899993896,0,19.3899993896
2003-07-07,20.3199996948,19.8400001526,19.9899997711,20.0599994659,0,20.0599994659
2003-07-08,20.0499992371,19.3700008392,19.9599990845,19.4799995422,0,19.4799995422
2003-07-09,19.6299991608,18.9300003052,19.5,18.9300003052,0,18.9300003052
2003-07-10,19.5,19.0499992371,19.2600002289,19.1900005341,0,19.1900005341
2003-07-11,18.8899993896,18.2600002289,18.75,18.4699993134,0,18.4699993134
2003-07-14,19.6700000763,18.7000007629,18.8799991608,19.5900001526,0,19.5900001526
2003-07-15,19.9300003052,19.3799991608,19.7000007629,19.5499992371,0,19.5499992371
2003-07-16,20.1499996185,19.6599998474,19.7099990845,19.7600002289,0,19.7600002289
2003-07-17,20.4500007629,19.7999992371,19.7999992371,20.2199993134,0,20.2199993134
2003-07-18,20.2000007629,19.1000003815,20.1399993896,19.1100006104,0,19.1100006104
2003-07-21,20.3600006104,19.7800006866,20.0599994659,19.7800006866,0,19.7800006866
2003-07-22,20.0699996948,19.1000003815,19.8500003815,19.1700000763,0,19.1700000763
2003-07-23,19.6000003815,18.6000003815,19.4400005341,18.6399993896,0,18.6399993896
2003-07-24,18.6499996185,17.8799991608,18.3700008392,18.6000003815,0,18.6000003815
2003-07-25,18.8799991608,17.6499996185,18.6000003815,17.75,0,17.75
2003-07-28,18.7600002289,18.25,18.6900005341,18.3600006104,0,18.3600006104
2003-07-29,19.5,18.3199996948,18.6000003815,18.6700000763,0,18.6700000763
2003-07-30,19.0300006866,18.7299995422,18.8799991608,18.8500003815,0,18.8500003815
2003-07-31,19.5799999237,18.3600006104,18.8199996948,19.4899997711,0,19.4899997711
2003-08-01,20.7700004578,20.0599994659,20.0599994659,20.75,0,20.75
2003-08-04,22.8600006104,21.25,22.1599998474,21.2700004578,0,21.2700004578
2003-08-05,22.6800003052,21.3600006104,21.6100006104,22.6800003052,0,22.6800003052
2003-08-06,23.8899993896,21.4799995422,23.2600002289,21.5,0,21.5
2003-08-07,21.7199993134,20.0900001526,21.5100002289,20.2600002289,0,20.2600002289
2003-08-08,20.2099990845,19.4799995422,19.7800006866,19.5900001526,0,19.5900001526
2003-08-11,20.3099994659,19.5100002289,20.0400009155,19.75,0,19.75
2003-08-12,19.5499992371,17.75,19.1100006104,17.9400005341,0,17.9400005341
2003-08-13,18.9899997711,18.0499992371,18.3099994659,18.7700004578,0,18.7700004578
2003-08-14,18.9599990845,18.2000007629,18.9599990845,18.4699993134,0,18.4699993134
2003-08-15,18.9400005341,18.1499996185,18.6499996185,18.2700004578,0,18.2700004578
2003-08-18,18.8500003815,18.0100002289,18.7199993134,18.1800003052,0,18.1800003052
2003-08-19,18.3799991608,17.7900009155,17.9899997711,17.8600006104,0,17.8600006104
2003-08-20,18.3299999237,17.8099994659,18.0699996948,17.8199996948,0,17.8199996948
2003-08-21,18.1800003052,17.6399993896,17.6399993896,17.8400001526,0,17.8400001526
2003-08-22,18.6299991608,17.7299995422,17.7399997711,18.5499992371,0,18.5499992371
2003-08-25,19.5799999237,19.2099990845,19.4500007629,19.5300006866,0,19.5300006866
2003-08-26,20.2999992371,19.4500007629,19.7700004578,19.4899997711,0,19.4899997711
2003-08-27,19.9300003052,19.0900001526,19.9099998474,19.1299991608,0,19.1299991608
2003-08-28,19.5900001526,18.4500007629,19.0900001526,18.4799995422,0,18.4799995422
2003-08-29,18.75,18.5200004578,18.5300006866,18.6299991608,0,18.6299991608
2003-09-02,19.8299999237,18.9500007629,19.3099994659,19.0200004578,0,19.0200004578
2003-09-03,19.5799999237,19.2099990845,19.3099994659,19.4400005341,0,19.4400005341
2003-09-04,19.6399993896,18.7000007629,19.5799999237,18.7099990845,0,18.7099990845
2003-09-05,18.6900005341,18.1499996185,18.6399993896,18.1700000763,0,18.1700000763
2003-09-08,18.5900001526,18.25,18.2999992371,18.2600002289,0,18.2600002289
2003-09-09,19.1399993896,18.4500007629,18.4799995422,18.8500003815,0,18.8500003815
2003-09-10,20.1499996185,19.2600002289,19.2600002289,20.0100002289,0,20.0100002289
2003-09-11,20.0200004578,19.1900005341,19.8700008392,19.25,0,19.25
2003-09-12,20.6599998474,18.5100002289,20.5799999237,18.6800003052,0,18.6800003052
2003-09-15,19.3500003815,18.8500003815,19.1499996185,19.2800006866,0,19.2800006866
2003-09-16,18.9400005341,17.9500007629,18.9400005341,18.0300006866,0,18.0300006866
2003-09-17,18.2399997711,17.9799995422,18.0300006866,18.1499996185,0,18.1499996185
2003-09-18,18.1499996185,17.5599994659,18.1399993896,17.5699996948,0,17.5699996948
2003-09-19,17.8600006104,17.5200004578,17.8299999237,17.5400009155,0,17.5400009155
2003-09-22,20.0300006866,19.0300006866,19.0799999237,19.6499996185,0,19.6499996185
2003-09-23,19.9699993134,19.3099994659,19.9099998474,19.4699993134,0,19.4699993134
2003-09-24,21.2600002289,19.4400005341,19.5300006866,21.2199993134,0,21.2199993134
2003-09-25,22.2700004578,21.0400009155,21.1100006104,22.2600002289,0,22.2600002289
2003-09-26,22.7299995422,21.8500003815,22.2800006866,22.2299995422,0,22.2299995422
2003-09-29,22.8500003815,21.6399993896,22.8500003815,21.6700000763,0,21.6700000763
2003-09-30,23.2600002289,22.0300006866,22.0400009155,22.7199993134,0,22.7199993134
2003-10-01,22.8199996948,20.9899997711,22.8099994659,21.0699996948,0,21.0699996948
2003-10-02,21.4500007629,20.7099990845,21.2299995422,20.7999992371,0,20.7999992371
2003-10-03,20.0900001526,18.9500007629,19.9400005341,19.5,0,19.5
2003-10-06,20.6900005341,19.4500007629,20.6900005341,19.5100002289,0,19.5100002289
2003-10-07,20.1399993896,19.3999996185,20.1399993896,19.4099998474,0,19.4099998474
2003-10-08,19.6100006104,19.0799999237,19.2600002289,19.1800003052,0,19.1800003052
2003-10-09,19.2800006866,18.2600002289,18.5100002289,18.8199996948,0,18.8199996948
2003-10-10,18.9200000763,18.4200000763,18.9200000763,18.4500007629,0,18.4500007629
2003-10-13,17.9099998474,17.4200000763,17.6200008392,17.5499992371,0,17.5499992371
2003-10-14,17.7900009155,17.2000007629,17.3999996185,17.3700008392,0,17.3700008392
2003-10-15,17.9599990845,16.9799995422,17.7299995422,17.6900005341,0,17.6900005341
2003-10-16,18.0499992371,16.8600006104,17.5799999237,17.1900005341,0,17.1900005341
2003-10-17,17.8500003815,16.9699993134,16.9699993134,17.6200008392,0,17.6200008392
2003-10-20,18.0699996948,17.0400009155,17.8400001526,17.0400009155,0,17.0400009155
2003-10-21,17.2299995422,16.1900005341,17.1599998474,16.5499992371,0,16.5499992371
2003-10-22,17.9799995422,17.1000003815,17.1000003815,17.6700000763,0,17.6700000763
2003-10-23,18.5100002289,17.4799995422,18.5100002289,17.6800003052,0,17.6800003052
2003-10-24,18.6800003052,17.6700000763,18.25,17.7099990845,0,17.7099990845
2003-10-27,18.1800003052,17.7399997711,17.9699993134,18.0499992371,0,18.0499992371
2003-10-28,17.8899993896,16.7700004578,17.7900009155,16.8199996948,0,16.8199996948
2003-10-29,17.0200004578,16.3400001526,16.8500003815,16.4300003052,0,16.4300003052
2003-10-30,16.7600002289,16.0100002289,16.0400009155,16.3299999237,0,16.3299999237
2003-10-31,16.1900005341,15.7899999619,16.1100006104,16.1000003815,0,16.1000003815
2003-11-03,16.7000007629,16.2199993134,16.3299999237,16.5499992371,0,16.5499992371
2003-11-04,16.7800006866,16.4500007629,16.5699996948,16.5499992371,0,16.5499992371
2003-11-05,17.3199996948,16.5499992371,16.9899997711,16.8600006104,0,16.8600006104
2003-11-06,17.3700008392,16.6200008392,17.0,16.7399997711,0,16.7399997711
2003-11-07,16.9300003052,16.5,16.6299991608,16.9300003052,0,16.9300003052
2003-11-10,17.8799991608,17.5300006866,17.7900009155,17.6200008392,0,17.6200008392
2003-11-11,18.5300006866,17.5,18.1399993896,17.5400009155,0,17.5400009155
2003-11-12,17.8500003815,16.5499992371,17.7800006866,16.75,0,16.75
2003-11-13,17.1299991608,16.4300003052,17.0499992371,16.4699993134,0,16.4699993134
2003-11-14,17.0,16.1700000763,16.6299991608,16.9400005341,0,16.9400005341
2003-11-17,19.3600006104,18.0400009155,18.1399993896,18.6000003815,0,18.6000003815
2003-11-18,19.1700000763,17.7800006866,18.0900001526,19.1100006104,0,19.1100006104
2003-11-19,19.5100002289,18.6499996185,19.1399993896,18.7999992371,0,18.7999992371
2003-11-20,19.6100006104,18.4599990845,19.0900001526,19.4799995422,0,19.4799995422
2003-11-21,19.3999996185,18.8199996948,19.0799999237,18.9799995422,0,18.9799995422
2003-11-24,18.9799995422,17.1900005341,18.9099998474,17.4400005341,0,17.4400005341
2003-11-25,17.8700008392,16.3999996185,17.3999996185,16.7099990845,0,16.7099990845
2003-11-26,17.2600002289,16.0200004578,16.1100006104,16.2299995422,0,16.2299995422
2003-11-28,16.6200008392,16.1599998474,16.5100002289,16.3199996948,0,16.3199996948
2003-12-01,17.0300006866,16.1700000763,16.7399997711,16.7700004578,0,16.7700004578
2003-12-02,16.8899993896,16.1700000763,16.8899993896,16.2700004578,0,16.2700004578
2003-12-03,16.6800003052,15.7700004578,16.0799999237,16.6299991608,0,16.6299991608
2003-12-04,16.8299999237,16.2900009155,16.4799995422,16.2999992371,0,16.2999992371
2003-12-05,17.3199996948,16.5,16.7600002289,17.0900001526,0,17.0900001526
2003-12-08,17.5900001526,16.5200004578,17.5499992371,16.5400009155,0,16.5400009155
2003-12-09,17.7999992371,16.5599994659,16.6299991608,17.6299991608,0,17.6299991608
2003-12-10,18.2700004578,17.5799999237,17.6599998474,17.8700008392,0,17.8700008392
2003-12-11,17.9500007629,16.5100002289,17.9500007629,16.7299995422,0,16.7299995422
2003-12-12,16.9799995422,16.0900001526,16.1900005341,16.4099998474,0,16.4099998474
2003-12-15,17.4200000763,15.7899999619,15.8000001907,17.2299995422,0,17.2299995422
2003-12-16,17.4500007629,15.8999996185,17.2700004578,15.9300003052,0,15.9300003052
2003-12-17,16.2700004578,15.5200004578,16.1200008392,15.5799999237,0,15.5799999237
2003-12-18,16.1900005341,14.6599998474,15.5900001526,16.1599998474,0,16.1599998474
2003-12-19,16.8099994659,15.7100000381,16.6599998474,16.4200000763,0,16.4200000763
2003-12-22,17.3099994659,16.6100006104,17.0599994659,16.9400005341,0,16.9400005341
2003-12-23,17.3999996185,16.2900009155,17.3199996948,16.4899997711,0,16.4899997711
2003-12-24,16.7700004578,16.2399997711,16.6499996185,16.6599998474,0,16.6599998474
2003-12-26,17.4899997711,16.6299991608,16.7600002289,17.4500007629,0,17.4500007629
2003-12-29,17.8600006104,17.0699996948,17.8099994659,17.0900001526,0,17.0900001526
2003-12-30,17.9699993134,17.2000007629,17.3199996948,17.6800003052,0,17.6800003052
2003-12-31,18.8600006104,17.4099998474,17.4899997711,18.3099994659,0,18.3099994659
2004-01-02,18.6800003052,17.5400009155,17.9599990845,18.2199993134,0,18.2199993134
2004-01-05,18.4899997711,17.4400005341,18.4500007629,17.4899997711,0,17.4899997711
2004-01-06,17.6700000763,16.1900005341,17.6599998474,16.7299995422,0,16.7299995422
2004-01-07,16.75,15.5,16.7199993134,15.5,0,15.5
2004-01-08,15.6800003052,15.3199996948,15.4200000763,15.6099996567,0,15.6099996567
2004-01-09,16.8799991608,15.5699996948,16.1499996185,16.75,0,16.75
2004-01-12,17.4599990845,16.7900009155,17.3199996948,16.8199996948,0,16.8199996948
2004-01-13,18.3299999237,16.5300006866,16.6000003815,18.0400009155,0,18.0400009155
2004-01-14,17.2999992371,16.3999996185,17.2900009155,16.75,0,16.75
2004-01-15,17.3099994659,15.4899997711,17.0699996948,15.5600004196,0,15.5600004196
2004-01-16,15.4399995804,14.8999996185,15.3999996185,15.0,0,15.0
2004-01-20,16.1299991608,15.0900001526,15.7700004578,15.2100000381,0,15.2100000381
2004-01-21,15.6300001144,14.2399997711,15.6300001144,14.3400001526,0,14.3400001526
2004-01-22,14.8699998856,14.0100002289,14.1999998093,14.7100000381,0,14.7100000381
2004-01-23,15.0500001907,14.5600004196,14.7299995422,14.8400001526,0,14.8400001526
2004-01-26,15.779999733,14.5200004578,15.779999733,14.5500001907,0,14.5500001907
2004-01-27,15.4399995804,14.7399997711,15.279999733,15.3500003815,0,15.3500003815
2004-01-28,17.0599994659,15.2899999619,15.3699998856,16.7800006866,0,16.7800006866
2004-01-29,17.6599998474,16.7900009155,16.8799991608,17.1399993896,0,17.1399993896
2004-01-30,17.3500003815,16.5499992371,16.5499992371,16.6299991608,0,16.6299991608
2004-02-02,17.5599994659,16.6700000763,17.4500007629,17.1100006104,0,17.1100006104
2004-02-03,17.7800006866,17.1700000763,17.2900009155,17.3400001526,0,17.3400001526
2004-02-04,18.0599994659,17.4599990845,17.8400001526,17.8700008392,0,17.8700008392
2004-02-05,17.9899997711,17.6000003815,17.9099998474,17.7099990845,0,17.7099990845
2004-02-06,17.7099990845,15.9399995804,17.7099990845,16.0,0,16.0
2004-02-09,16.8199996948,16.1200008392,16.5400009155,16.3899993896,0,16.3899993896
2004-02-10,16.7600002289,15.8400001526,16.4099998474,15.9399995804,0,15.9399995804
2004-02-11,16.1599998474,15.2600002289,15.8999996185,15.3900003433,0,15.3900003433
2004-02-12,15.720000267,15.2299995422,15.3599996567,15.3100004196,0,15.3100004196
2004-02-13,16.0300006866,14.8599996567,15.1199998856,15.5799999237,0,15.5799999237
2004-02-17,15.9600000381,15.3199996948,15.6300001144,15.3999996185,0,15.3999996185
2004-02-18,15.7600002289,15.3000001907,15.5100002289,15.5900001526,0,15.5900001526
2004-02-19,15.970000267,15.1999998093,15.3299999237,15.8000001907,0,15.8000001907
2004-02-20,16.5499992371,15.8199996948,15.8500003815,16.0400009155,0,16.0400009155
2004-02-23,16.7800006866,16.25,16.5,16.2900009155,0,16.2900009155
2004-02-24,16.7600002289,15.7700004578,16.3799991608,15.8999996185,0,15.8999996185
2004-02-25,16.0499992371,14.9300003052,15.5799999237,14.9300003052,0,14.9300003052
2004-02-26,15.3299999237,14.6899995804,15.3199996948,14.8299999237,0,14.8299999237
2004-02-27,14.7700004578,13.8000001907,13.8000001907,14.5500001907,0,14.5500001907
2004-03-01,15.0500001907,14.3999996185,14.9099998474,14.4399995804,0,14.4399995804
2004-03-02,14.8900003433,14.1800003052,14.5900001526,14.8599996567,0,14.8599996567
2004-03-03,15.2700004578,14.470000267,14.7299995422,14.5500001907,0,14.5500001907
2004-03-04,14.5,14.1899995804,14.4499998093,14.3999996185,0,14.3999996185
2004-03-05,14.8199996948,13.8299999237,14.8100004196,14.4799995422,0,14.4799995422
2004-03-08,15.8299999237,14.5399999619,14.8299999237,15.7899999619,0,15.7899999619
2004-03-09,16.7399997711,15.5600004196,15.5699996948,16.6000003815,0,16.6000003815
2004-03-10,18.7000007629,16.1100006104,16.1200008392,18.6700000763,0,18.6700000763
2004-03-11,20.6900005341,17.6299991608,18.8099994659,20.6700000763,0,20.6700000763
2004-03-12,20.0799999237,18.0599994659,19.9400005341,18.2999992371,0,18.2999992371
2004-03-15,21.3899993896,18.8600006104,18.9799995422,21.1299991608,0,21.1299991608
2004-03-16,20.9400005341,19.8600006104,20.2700004578,20.3400001526,0,20.3400001526
2004-03-17,19.5499992371,17.9799995422,19.5400009155,18.1100006104,0,18.1100006104
2004-03-18,19.2299995422,18.3500003815,18.3799991608,18.5300006866,0,18.5300006866
2004-03-19,19.25,17.8899993896,17.9799995422,19.1499996185,0,19.1499996185
2004-03-22,22.6700000763,20.6100006104,20.6100006104,21.5799999237,0,21.5799999237
2004-03-23,21.3299999237,20.0100002289,21.0599994659,20.6700000763,0,20.6700000763
2004-03-24,20.8299999237,19.4500007629,20.2399997711,19.8099994659,0,19.8099994659
2004-03-25,19.5799999237,17.6100006104,19.5799999237,17.8799991608,0,17.8799991608
2004-03-26,18.2299995422,16.6700000763,18.1900005341,17.3299999237,0,17.3299999237
2004-03-29,17.1700000763,16.2900009155,17.1100006104,16.5,0,16.5
2004-03-30,16.7999992371,16.1299991608,16.6800003052,16.2800006866,0,16.2800006866
2004-03-31,16.9599990845,16.2299995422,16.3299999237,16.7399997711,0,16.7399997711
2004-04-01,17.25,16.6499996185,16.7600002289,16.6499996185,0,16.6499996185
2004-04-02,16.5499992371,15.2100000381,15.2100000381,15.6400003433,0,15.6400003433
2004-04-05,16.6399993896,14.8100004196,16.1700000763,14.970000267,0,14.970000267
2004-04-06,15.529999733,15.0699996948,15.3500003815,15.3199996948,0,15.3199996948
2004-04-07,16.3600006104,15.3400001526,15.4099998474,15.7600002289,0,15.7600002289
2004-04-08,16.8199996948,14.9600000381,14.9600000381,16.2600002289,0,16.2600002289
2004-04-12,16.1200008392,15.0,15.7100000381,15.279999733,0,15.279999733
2004-04-13,17.9799995422,15.2899999619,15.2899999619,17.2600002289,0,17.2600002289
2004-04-14,17.7099990845,15.6000003815,17.2900009155,15.6199998856,0,15.6199998856
2004-04-15,16.7800006866,15.220000267,16.0200004578,15.7399997711,0,15.7399997711
2004-04-16,15.6899995804,14.7700004578,15.5900001526,14.9399995804,0,14.9399995804
2004-04-19,16.0799999237,15.3299999237,15.7299995422,15.4200000763,0,15.4200000763
2004-04-20,16.7199993134,14.7899999619,15.2399997711,16.6700000763,0,16.6700000763
2004-04-21,16.9400005341,15.5500001907,16.6100006104,15.6000003815,0,15.6000003815
2004-04-22,15.9799995422,13.8599996567,15.8900003433,14.6099996567,0,14.6099996567
2004-04-23,14.5600004196,13.8900003433,14.4200000763,14.0100002289,0,14.0100002289
2004-04-26,15.220000267,14.3900003433,14.75,14.7700004578,0,14.7700004578
2004-04-27,15.1700000763,14.3699998856,15.0500001907,15.0699996948,0,15.0699996948
2004-04-28,16.5400009155,15.5500001907,15.5500001907,16.2900009155,0,16.2900009155
2004-04-29,17.2700004578,15.8699998856,16.3600006104,16.6000003815,0,16.6000003815
2004-04-30,17.2299995422,16.1399993896,16.2700004578,17.1900005341,0,17.1900005341
2004-05-03,17.7199993134,16.6100006104,17.6900005341,16.6200008392,0,16.6200008392
2004-05-04,17.1299991608,15.970000267,16.7999992371,16.5499992371,0,16.5499992371
2004-05-05,16.5499992371,15.6400003433,16.4300003052,15.7700004578,0,15.7700004578
2004-05-06,17.6700000763,16.4500007629,16.4500007629,17.0499992371,0,17.0499992371
2004-05-07,18.1700000763,16.4400005341,17.2199993134,18.1299991608,0,18.1299991608
2004-05-10,20.2000007629,18.9899997711,19.4400005341,19.7700004578,0,19.7700004578
2004-05-11,19.2800006866,17.9400005341,19.2299995422,18.5699996948,0,18.5699996948
2004-05-12,20.4099998474,18.1399993896,18.7900009155,18.1399993896,0,18.1399993896
2004-05-13,18.9200000763,17.9699993134,18.7800006866,18.8600006104,0,18.8600006104
2004-05-14,19.2700004578,18.0599994659,18.6599998474,18.4699993134,0,18.4699993134
2004-05-17,20.4500007629,19.6499996185,19.7000007629,19.9599990845,0,19.9599990845
2004-05-18,19.7000007629,19.1399993896,19.6000003815,19.3299999237,0,19.3299999237
2004-05-19,18.9300003052,17.5799999237,18.4799995422,18.9300003052,0,18.9300003052
2004-05-20,19.25,18.5499992371,18.6000003815,18.6700000763,0,18.6700000763
2004-05-21,18.7399997711,18.0,18.7299995422,18.4899997711,0,18.4899997711
2004-05-24,18.8199996948,17.9599990845,18.7900009155,18.0799999237,0,18.0799999237
2004-05-25,18.4200000763,15.7299995422,18.4099998474,15.9600000381,0,15.9600000381
2004-05-26,16.2999992371,15.779999733,16.0900001526,15.970000267,0,15.970000267
2004-05-27,15.8599996567,15.1899995804,15.7399997711,15.279999733,0,15.279999733
2004-05-28,15.6499996185,15.3900003433,15.4399995804,15.5,0,15.5
2004-06-01,16.9599990845,16.1900005341,16.6000003815,16.2999992371,0,16.2999992371
2004-06-02,16.7000007629,15.9499998093,16.0499992371,16.0799999237,0,16.0799999237
2004-06-03,17.0400009155,16.1599998474,16.4300003052,17.0300006866,0,17.0300006866
2004-06-04,16.8999996185,15.8199996948,16.2399997711,16.7800006866,0,16.7800006866
2004-06-07,16.7000007629,15.3299999237,16.6000003815,15.3900003433,0,15.3900003433
2004-06-08,15.8800001144,15.0,15.7899999619,15.0100002289,0,15.0100002289
2004-06-09,15.4600000381,14.5600004196,14.5600004196,15.3900003433,0,15.3900003433
2004-06-10,15.3500003815,14.9200000763,15.3299999237,15.0399999619,0,15.0399999619
2004-06-14,16.3600006104,15.5399999619,15.5399999619,16.0699996948,0,16.0699996948
2004-06-15,15.3500003815,14.720000267,15.3400001526,15.0500001907,0,15.0500001907
2004-06-16,15.220000267,14.4799995422,14.8299999237,14.7899999619,0,14.7899999619
2004-06-17,15.5799999237,15.0,15.0600004196,15.1499996185,0,15.1499996185
2004-06-18,15.25,14.5100002289,14.7399997711,14.9899997711,0,14.9899997711
2004-06-21,15.6199998856,14.9600000381,15.6099996567,15.2600002289,0,15.2600002289
2004-06-22,15.6400003433,14.3100004196,15.4399995804,14.3100004196,0,14.3100004196
2004-06-23,14.8199996948,13.75,14.6000003815,13.9799995422,0,13.9799995422
2004-06-24,14.970000267,14.1599998474,14.3900003433,14.8100004196,0,14.8100004196
2004-06-25,15.2899999619,14.470000267,14.779999733,15.1899995804,0,15.1899995804
2004-06-28,16.1299991608,15.1899995804,15.279999733,16.0699996948,0,16.0699996948
2004-06-29,16.2800006866,15.220000267,15.220000267,15.470000267,0,15.470000267
2004-06-30,15.7299995422,14.25,15.2700004578,14.3400001526,0,14.3400001526
2004-07-01,15.5699996948,14.4099998474,14.7399997711,15.1999998093,0,15.1999998093
2004-07-02,15.4499998093,14.8000001907,15.2299995422,15.0799999237,0,15.0799999237
2004-07-06,16.75,16.1299991608,16.25,16.25,0,16.25
2004-07-07,16.4699993134,15.5900001526,16.3600006104,15.8100004196,0,15.8100004196
2004-07-08,16.3600006104,15.5,15.8599996567,16.2000007629,0,16.2000007629
2004-07-09,16.0300006866,15.7100000381,16.0100002289,15.779999733,0,15.779999733
2004-07-12,15.6099996567,14.6099996567,15.25,14.9600000381,0,14.9600000381
2004-07-13,15.0799999237,14.279999733,14.8599996567,14.4600000381,0,14.4600000381
2004-07-14,16.5900001526,13.3400001526,14.8999996185,13.7600002289,0,13.7600002289
2004-07-15,14.7299995422,13.6000003815,13.9399995804,14.7100000381,0,14.7100000381
2004-07-16,14.5799999237,13.9499998093,14.2700004578,14.3400001526,0,14.3400001526
2004-07-19,15.8299999237,14.8599996567,15.1700000763,15.1700000763,0,15.1700000763
2004-07-20,15.5699996948,13.9799995422,15.529999733,14.1700000763,0,14.1700000763
2004-07-21,16.4599990845,13.9099998474,14.0,16.4099998474,0,16.4099998474
2004-07-22,17.1000003815,15.2899999619,16.6499996185,15.75,0,15.75
2004-07-23,16.9400005341,15.8199996948,15.8199996948,16.5,0,16.5
2004-07-26,17.9300003052,16.9799995422,17.2199993134,17.2999992371,0,17.2999992371
2004-07-27,17.3400001526,16.2999992371,17.2399997711,16.5499992371,0,16.5499992371
2004-07-28,17.4099998474,15.9399995804,16.7700004578,16.1499996185,0,16.1499996185
2004-07-29,16.1200008392,15.4200000763,16.0,15.6800003052,0,15.6800003052
2004-07-30,15.8900003433,15.2700004578,15.8500003815,15.3199996948,0,15.3199996948
2004-08-02,16.5799999237,15.220000267,16.4200000763,15.3699998856,0,15.3699998856
2004-08-03,16.0499992371,15.279999733,15.5600004196,16.0300006866,0,16.0300006866
2004-08-04,16.6499996185,15.8199996948,16.3299999237,16.2099990845,0,16.2099990845
2004-08-05,18.4099998474,16.1700000763,16.1900005341,18.3199996948,0,18.3199996948
2004-08-06,19.6800003052,18.1800003052,18.2099990845,19.3400001526,0,19.3400001526
2004-08-09,19.9699993134,18.6299991608,19.9699993134,18.8899993896,0,18.8899993896
2004-08-10,18.8600006104,17.25,18.7999992371,17.4699993134,0,17.4699993134
2004-08-11,18.4899997711,17.8400001526,18.1499996185,18.0400009155,0,18.0400009155
2004-08-12,19.2999992371,18.3600006104,18.6100006104,19.0799999237,0,19.0799999237
2004-08-13,19.25,17.9699993134,18.9099998474,17.9799995422,0,17.9799995422
2004-08-16,19.2800006866,17.4200000763,19.2800006866,17.5699996948,0,17.5699996948
2004-08-17,17.2800006866,16.1599998474,16.5799999237,17.0200004578,0,17.0200004578
2004-08-18,17.5499992371,16.1299991608,17.5499992371,16.2299995422,0,16.2299995422
2004-08-19,17.5499992371,16.3099994659,16.5400009155,16.9599990845,0,16.9599990845
2004-08-20,17.0400009155,15.779999733,16.9899997711,16.0,0,16.0
2004-08-23,16.7099990845,15.7899999619,16.6800003052,15.8800001144,0,15.8800001144
2004-08-24,15.8100004196,15.3299999237,15.6300001144,15.3299999237,0,15.3299999237
2004-08-25,15.7600002289,14.8100004196,15.3999996185,14.9799995422,0,14.9799995422
2004-08-26,15.220000267,14.7600002289,15.220000267,14.9099998474,0,14.9099998474
2004-08-27,15.0200004578,14.6700000763,14.9099998474,14.7100000381,0,14.7100000381
2004-08-30,15.5799999237,15.3000001907,15.3500003815,15.4399995804,0,15.4399995804
2004-08-31,15.8500003815,15.279999733,15.6400003433,15.2899999619,0,15.2899999619
2004-09-01,15.3900003433,14.720000267,15.3900003433,14.9099998474,0,14.9099998474
2004-09-02,15.0500001907,14.1800003052,14.970000267,14.279999733,0,14.279999733
2004-09-03,14.3800001144,13.7899999619,14.3599996567,13.9099998474,0,13.9099998474
2004-09-07,14.6400003433,14.029999733,14.5200004578,14.0699996948,0,14.0699996948
2004-09-08,14.3100004196,13.8800001144,14.1599998474,14.0600004196,0,14.0600004196
2004-09-09,14.4099998474,13.6999998093,14.1199998856,14.0100002289,0,14.0100002289
2004-09-10,14.2299995422,13.6899995804,13.8999996185,13.7600002289,0,13.7600002289
2004-09-13,13.779999733,13.1599998474,13.6400003433,13.1700000763,0,13.1700000763
2004-09-14,13.8900003433,13.5,13.5,13.5600004196,0,13.5600004196
2004-09-15,14.6700000763,13.6800003052,13.8800001144,14.6400003433,0,14.6400003433
2004-09-16,14.6599998474,14.2700004578,14.2899999619,14.3900003433,0,14.3900003433
2004-09-17,14.4300003052,13.9300003052,14.1099996567,14.029999733,0,14.029999733
2004-09-20,15.2899999619,13.9799995422,13.9799995422,14.4300003052,0,14.4300003052
2004-09-21,15.9799995422,13.3800001144,15.9799995422,13.6599998474,0,13.6599998474
2004-09-22,15.3000001907,13.9499998093,15.279999733,14.7399997711,0,14.7399997711
2004-09-23,15.0799999237,14.6099996567,14.8500003815,14.8000001907,0,14.8000001907
2004-09-24,14.9399995804,14.0799999237,14.9300003052,14.279999733,0,14.279999733
2004-09-27,15.0900001526,14.5500001907,14.8599996567,14.6199998856,0,14.6199998856
2004-09-28,14.8400001526,13.6899995804,14.7299995422,13.8299999237,0,13.8299999237
2004-09-29,14.1400003433,13.1999998093,14.0900001526,13.2100000381,0,13.2100000381
2004-09-30,13.6700000763,13.1999998093,13.4899997711,13.3400001526,0,13.3400001526
2004-10-01,13.1099996567,12.6000003815,13.1099996567,12.75,0,12.75
2004-10-04,13.4499998093,12.9899997711,13.0500001907,13.4099998474,0,13.4099998474
2004-10-05,14.1899995804,13.5100002289,13.5100002289,13.9499998093,0,13.9499998093
2004-10-06,14.1000003815,13.2399997711,14.0100002289,13.279999733,0,13.279999733
2004-10-07,14.6599998474,13.3199996948,13.3299999237,14.5,0,14.5
2004-10-08,15.5200004578,13.779999733,14.6999998093,15.0500001907,0,15.0500001907
2004-10-11,15.2700004578,14.279999733,14.6899995804,14.7100000381,0,14.7100000381
2004-10-12,15.6899995804,14.9099998474,15.2100000381,15.0500001907,0,15.0500001907
2004-10-13,15.6300001144,13.9200000763,13.9200000763,15.4200000763,0,15.4200000763
2004-10-14,16.5599994659,15.220000267,15.220000267,16.4300003052,0,16.4300003052
2004-10-15,16.4899997711,14.720000267,16.2800006866,15.0399999619,0,15.0399999619
2004-10-18,16.1599998474,14.6400003433,16.1599998474,14.7100000381,0,14.7100000381
2004-10-19,16.3199996948,14.3199996948,16.3199996948,15.1300001144,0,15.1300001144
2004-10-20,15.529999733,14.8000001907,15.4600000381,14.8500003815,0,14.8500003815
2004-10-21,15.1899995804,14.279999733,14.9799995422,14.5399999619,0,14.5399999619
2004-10-22,15.4099998474,14.3100004196,14.5900001526,15.279999733,0,15.279999733
2004-10-25,16.7099990845,16.0200004578,16.0699996948,16.5799999237,0,16.5799999237
2004-10-26,16.8700008392,15.970000267,16.7199993134,16.3899993896,0,16.3899993896
2004-10-27,16.5300006866,15.6599998474,16.4799995422,15.720000267,0,15.720000267
2004-10-28,16.0499992371,15.3599996567,16.0200004578,15.3900003433,0,15.3900003433
2004-10-29,16.2900009155,14.9600000381,15.8299999237,16.2700004578,0,16.2700004578
2004-11-01,16.7600002289,16.1800003052,16.4300003052,16.2700004578,0,16.2700004578
2004-11-02,16.3199996948,15.2100000381,15.9899997711,16.1800003052,0,16.1800003052
2004-11-03,15.1800003052,13.7899999619,15.0500001907,14.0399999619,0,14.0399999619
2004-11-04,14.0200004578,12.9499998093,13.8299999237,13.970000267,0,13.970000267
2004-11-05,14.1000003815,13.2299995422,13.6700000763,13.8400001526,0,13.8400001526
2004-11-08,14.4799995422,13.6800003052,14.1099996567,13.8000001907,0,13.8000001907
2004-11-09,13.9600000381,12.8900003433,12.8900003433,13.6099996567,0,13.6099996567
2004-11-10,13.5100002289,12.7899999619,13.1599998474,13.0799999237,0,13.0799999237
2004-11-11,13.1199998856,12.6400003433,13.1099996567,13.0399999619,0,13.0399999619
2004-11-12,13.4799995422,13.0399999619,13.2399997711,13.3299999237,0,13.3299999237
2004-11-15,14.0600004196,13.25,14.0500001907,13.3800001144,0,13.3800001144
2004-11-16,13.6700000763,13.1999998093,13.4099998474,13.2100000381,0,13.2100000381
2004-11-17,13.3900003433,12.7700004578,13.1999998093,13.2100000381,0,13.2100000381
2004-11-18,13.2899999619,12.9600000381,13.220000267,12.9799995422,0,12.9799995422
2004-11-19,13.8299999237,12.7700004578,12.7899999619,13.5,0,13.5
2004-11-22,13.7100000381,12.9399995804,13.7100000381,12.970000267,0,12.970000267
2004-11-23,12.9099998474,12.5699996948,12.779999733,12.6700000763,0,12.6700000763
2004-11-24,12.8900003433,12.5600004196,12.5799999237,12.720000267,0,12.720000267
2004-11-26,12.8999996185,12.5900001526,12.7600002289,12.779999733,0,12.779999733
2004-11-29,13.6899995804,12.9300003052,12.9899997711,13.3000001907,0,13.3000001907
2004-11-30,13.3800001144,13.0699996948,13.2700004578,13.2399997711,0,13.2399997711
2004-12-01,13.1199998856,12.7700004578,13.1000003815,12.970000267,0,12.970000267
2004-12-02,13.0399999619,12.720000267,12.970000267,12.9799995422,0,12.9799995422
2004-12-03,13.0600004196,12.3999996185,13.0200004578,12.9600000381,0,12.9600000381
2004-12-06,13.3999996185,12.9300003052,12.9499998093,13.1899995804,0,13.1899995804
2004-12-07,13.7399997711,12.9600000381,13.0699996948,13.6700000763,0,13.6700000763
2004-12-08,13.6800003052,13.1800003052,13.5200004578,13.1899995804,0,13.1899995804
2004-12-09,13.7100000381,12.7700004578,13.5200004578,12.8800001144,0,12.8800001144
2004-12-10,13.1499996185,12.6800003052,13.0500001907,12.7600002289,0,12.7600002289
2004-12-13,12.6099996567,12.1300001144,12.3699998856,12.5399999619,0,12.5399999619
2004-12-14,12.970000267,12.2100000381,12.5500001907,12.7299995422,0,12.7299995422
2004-12-15,12.8800001144,12.2299995422,12.4099998474,12.3500003815,0,12.3500003815
2004-12-16,12.5900001526,11.9600000381,12.3400001526,12.2700004578,0,12.2700004578
2004-12-17,12.75,11.8699998856,12.3400001526,11.9499998093,0,11.9499998093
2004-12-20,12.3400001526,11.7700004578,12.2600002289,11.8299999237,0,11.8299999237
2004-12-21,12.0,11.3699998856,11.779999733,11.5500001907,0,11.5500001907
2004-12-22,11.7100000381,11.3699998856,11.4200000763,11.4499998093,0,11.4499998093
2004-12-23,11.6400003433,11.1400003433,11.4099998474,11.2299995422,0,11.2299995422
2004-12-27,12.1599998474,11.529999733,11.529999733,12.1400003433,0,12.1400003433
2004-12-28,12.3999996185,11.970000267,12.25,12.0,0,12.0
2004-12-29,11.7899999619,11.6099996567,11.6099996567,11.6199998856,0,11.6199998856
2004-12-30,12.6099996567,12.1800003052,12.25,12.5600004196,0,12.5600004196
2004-12-31,13.2899999619,12.4200000763,12.4200000763,13.2899999619,0,13.2899999619
2005-01-03,14.2299995422,13.25,13.3900003433,14.0799999237,0,14.0799999237
2005-01-04,14.4499998093,13.9300003052,14.0100002289,13.9799995422,0,13.9799995422
2005-01-05,14.0900001526,13.2600002289,13.9799995422,14.0900001526,0,14.0900001526
2005-01-06,14.0900001526,13.3299999237,14.0900001526,13.5799999237,0,13.5799999237
2005-01-07,13.5100002289,12.9399995804,13.470000267,13.4899997711,0,13.4899997711
2005-01-10,13.9300003052,12.9399995804,13.9200000763,13.2299995422,0,13.2299995422
2005-01-11,13.6800003052,13.0500001907,13.4399995804,13.1899995804,0,13.1899995804
2005-01-12,13.9399995804,12.5399999619,13.9399995804,12.5600004196,0,12.5600004196
2005-01-13,12.8599996567,12.3699998856,12.6999998093,12.8400001526,0,12.8400001526
2005-01-14,12.8199996948,12.2899999619,12.6800003052,12.4300003052,0,12.4300003052
2005-01-18,13.1499996185,12.3000001907,13.1300001144,12.470000267,0,12.470000267
2005-01-19,13.2100000381,12.4099998474,12.470000267,13.1800003052,0,13.1800003052
2005-01-20,14.1099996567,13.279999733,13.3699998856,13.8299999237,0,13.8299999237
2005-01-21,14.4600000381,13.3999996185,13.75,14.3599996567,0,14.3599996567
2005-01-24,14.75,14.1700000763,14.3800001144,14.6499996185,0,14.6499996185
2005-01-25,14.3599996567,13.8800001144,14.3400001526,14.0600004196,0,14.0600004196
2005-01-26,13.8400001526,13.0600004196,13.8400001526,13.4399995804,0,13.4399995804
2005-01-27,13.5699996948,12.9600000381,13.5,13.2399997711,0,13.2399997711
2005-01-28,13.5600004196,12.8299999237,13.1499996185,13.2399997711,0,13.2399997711
2005-01-31,13.6300001144,12.7899999619,13.6300001144,12.8199996948,0,12.8199996948
2005-02-01,13.0200004578,12.0200004578,12.8000001907,12.029999733,0,12.029999733
2005-02-02,12.0600004196,11.5200004578,12.0100002289,11.6599998474,0,11.6599998474
2005-02-03,12.1199998856,11.720000267,12.029999733,11.7899999619,0,11.7899999619
2005-02-04,11.970000267,10.8999996185,11.970000267,11.2100000381,0,11.2100000381
2005-02-07,11.75,11.3599996567,11.529999733,11.7299995422,0,11.7299995422
2005-02-08,11.6700000763,11.4499998093,11.6599998474,11.6000003815,0,11.6000003815
2005-02-09,12.0200004578,11.4099998474,11.5200004578,12.0,0,12.0
2005-02-10,11.9899997711,11.3800001144,11.9799995422,11.5100002289,0,11.5100002289
2005-02-11,11.8199996948,11.25,11.6400003433,11.4300003052,0,11.4300003052
2005-02-14,11.8599996567,11.1800003052,11.279999733,11.5200004578,0,11.5200004578
2005-02-15,11.7600002289,11.1300001144,11.5699996948,11.2700004578,0,11.2700004578
2005-02-16,11.5,11.029999733,11.3999996185,11.1000003815,0,11.1000003815
2005-02-17,11.9099998474,11.2100000381,11.25,11.7700004578,0,11.7700004578
2005-02-18,12.1199998856,11.1800003052,11.9899997711,11.1800003052,0,11.1800003052
2005-02-22,13.1999998093,12.0900001526,12.1800003052,13.1400003433,0,13.1400003433
2005-02-23,12.9399995804,12.3000001907,12.9399995804,12.3900003433,0,12.3900003433
2005-02-24,12.5100002289,11.4799995422,12.5100002289,11.5699996948,0,11.5699996948
2005-02-25,11.779999733,10.9200000763,11.75,11.4899997711,0,11.4899997711
2005-02-28,12.5,11.7299995422,11.8900003433,12.0799999237,0,12.0799999237
2005-03-01,12.1000003815,11.6599998474,11.9499998093,12.0399999619,0,12.0399999619
2005-03-02,12.9099998474,12.1999998093,12.8800001144,12.5,0,12.5
2005-03-03,13.0699996948,12.2299995422,12.279999733,12.9300003052,0,12.9300003052
2005-03-04,12.5,11.9399995804,12.4899997711,11.9399995804,0,11.9399995804
2005-03-07,12.6000003815,12.0500001907,12.3599996567,12.2600002289,0,12.2600002289
2005-03-08,12.5,11.9499998093,12.0600004196,12.3999996185,0,12.3999996185
2005-03-09,12.720000267,12.1999998093,12.2299995422,12.6999998093,0,12.6999998093
2005-03-10,12.970000267,12.4200000763,12.6199998856,12.4899997711,0,12.4899997711
2005-03-11,12.9799995422,12.1099996567,12.2899999619,12.8000001907,0,12.8000001907
2005-03-14,12.9899997711,12.3599996567,12.8199996948,12.3900003433,0,12.3900003433
2005-03-15,13.220000267,12.3299999237,12.4399995804,13.1499996185,0,13.1499996185
2005-03-16,13.8100004196,13.1899995804,13.3000001907,13.4899997711,0,13.4899997711
2005-03-17,13.6700000763,13.1999998093,13.25,13.2899999619,0,13.2899999619
2005-03-18,13.6700000763,13.0799999237,13.6499996185,13.1400003433,0,13.1400003433
2005-03-21,13.9799995422,13.3299999237,13.6199998856,13.6099996567,0,13.6099996567
2005-03-22,14.279999733,13.1499996185,13.7600002289,14.2700004578,0,14.2700004578
2005-03-23,14.8900003433,13.8800001144,14.6099996567,14.0600004196,0,14.0600004196
2005-03-24,13.8800001144,12.970000267,13.8599996567,13.4200000763,0,13.4200000763
2005-03-28,14.0100002289,13.4399995804,14.0100002289,13.75,0,13.75
2005-03-29,14.6800003052,13.3800001144,13.9600000381,14.4899997711,0,14.4899997711
2005-03-30,14.470000267,13.6400003433,14.470000267,13.6400003433,0,13.6400003433
2005-03-31,14.1000003815,13.5699996948,13.7100000381,14.0200004578,0,14.0200004578
2005-04-01,14.3800001144,12.9200000763,13.6400003433,14.0900001526,0,14.0900001526
2005-04-04,14.7600002289,13.9600000381,14.529999733,14.1099996567,0,14.1099996567
2005-04-05,14.1099996567,13.6599998474,14.1000003815,13.6800003052,0,13.6800003052
2005-04-06,13.7600002289,12.8900003433,13.75,13.1499996185,0,13.1499996185
2005-04-07,12.9600000381,12.3000001907,12.9200000763,12.3299999237,0,12.3299999237
2005-04-08,12.6499996185,11.5200004578,12.0600004196,12.6199998856,0,12.6199998856
2005-04-11,12.4600000381,11.8199996948,12.0900001526,11.9799995422,0,11.9799995422
2005-04-12,12.8299999237,11.1999998093,12.1199998856,11.3000001907,0,11.3000001907
2005-04-13,13.4399995804,11.2700004578,11.6800003052,13.3100004196,0,13.3100004196
2005-04-14,14.6000003815,12.6700000763,13.3999996185,14.529999733,0,14.529999733
2005-04-15,18.0499992371,14.7100000381,14.9200000763,17.7399997711,0,17.7399997711
2005-04-18,18.5900001526,16.4099998474,18.3299999237,16.5599994659,0,16.5599994659
2005-04-19,15.970000267,14.8100004196,15.279999733,14.9600000381,0,14.9600000381
2005-04-20,17.25,14.5200004578,14.8599996567,16.9200000763,0,16.9200000763
2005-04-21,16.2199993134,14.2600002289,16.2199993134,14.4099998474,0,14.4099998474
2005-04-22,16.3199996948,14.1999998093,14.5399999619,15.3800001144,0,15.3800001144
2005-04-25,15.470000267,14.6000003815,15.2899999619,14.6199998856,0,14.6199998856
2005-04-26,15.1499996185,14.2700004578,14.2700004578,14.9099998474,0,14.9099998474
2005-04-27,15.9300003052,14.4300003052,14.6199998856,14.8699998856,0,14.8699998856
2005-04-28,16.8700008392,14.1899995804,14.1899995804,16.8600006104,0,16.8600006104
2005-04-29,16.9200000763,15.2600002289,15.75,15.3100004196,0,15.3100004196
2005-05-02,16.0100002289,15.0799999237,15.4499998093,15.1199998856,0,15.1199998856
2005-05-03,15.3100004196,14.529999733,15.1899995804,14.529999733,0,14.529999733
2005-05-04,15.3800001144,13.6999998093,14.4399995804,13.8500003815,0,13.8500003815
2005-05-05,15.8199996948,13.4300003052,13.4799995422,13.9799995422,0,13.9799995422
2005-05-06,14.0600004196,13.1099996567,13.2899999619,14.0500001907,0,14.0500001907
2005-05-09,14.5600004196,13.529999733,14.1099996567,13.75,0,13.75
2005-05-10,15.1099996567,14.029999733,14.0500001907,14.9099998474,0,14.9099998474
2005-05-11,15.8000001907,14.3100004196,14.6899995804,14.4499998093,0,14.4499998093
2005-05-12,16.2299995422,14.1599998474,14.4300003052,16.1200008392,0,16.1200008392
2005-05-13,17.7000007629,15.3999996185,15.8800001144,16.3199996948,0,16.3199996948
2005-05-16,16.8700008392,15.6700000763,16.8700008392,15.6800003052,0,15.6800003052
2005-05-17,16.2099990845,14.4499998093,15.9200000763,14.5699996948,0,14.5699996948
2005-05-18,14.1300001144,13.3000001907,14.1099996567,13.6300001144,0,13.6300001144
2005-05-19,14.0200004578,13.25,13.3500003815,13.3199996948,0,13.3199996948
2005-05-20,13.7299995422,13.0699996948,13.5699996948,13.1400003433,0,13.1400003433
2005-05-23,13.4499998093,12.75,13.3800001144,12.9499998093,0,12.9499998093
2005-05-24,13.3000001907,12.529999733,13.1199998856,12.6899995804,0,12.6899995804
2005-05-25,13.1099996567,12.5799999237,12.8299999237,12.5799999237,0,12.5799999237
2005-05-26,12.3800001144,11.6499996185,12.2299995422,12.2399997711,0,12.2399997711
2005-05-27,12.4300003052,12.0600004196,12.0600004196,12.1499996185,0,12.1499996185
2005-05-31,13.4499998093,12.6700000763,12.6899995804,13.2899999619,0,13.2899999619
2005-06-01,13.3400001526,12.1700000763,13.3400001526,12.3599996567,0,12.3599996567
2005-06-02,12.4300003052,11.8000001907,12.3500003815,11.8400001526,0,11.8400001526
2005-06-03,12.4899997711,11.5200004578,11.779999733,12.1499996185,0,12.1499996185
2005-06-06,13.0,12.2100000381,12.6800003052,12.279999733,0,12.279999733
2005-06-07,12.4300003052,11.470000267,12.220000267,12.3900003433,0,12.3900003433
2005-06-08,12.8299999237,12.0500001907,12.0500001907,12.6999998093,0,12.6999998093
2005-06-09,13.0699996948,12.0600004196,12.6899995804,12.0799999237,0,12.0799999237
2005-06-10,12.3999996185,11.8999996185,12.1599998474,11.9600000381,0,11.9600000381
2005-06-13,12.1199998856,11.3100004196,12.1199998856,11.6499996185,0,11.6499996185
2005-06-14,12.0200004578,11.5200004578,11.6499996185,11.7899999619,0,11.7899999619
2005-06-15,11.9600000381,11.0500001907,11.220000267,11.4600000381,0,11.4600000381
2005-06-16,11.3599996567,11.0399999619,11.2399997711,11.1499996185,0,11.1499996185
2005-06-17,11.6400003433,10.779999733,10.8299999237,11.4799995422,0,11.4799995422
2005-06-20,12.529999733,11.3100004196,12.5100002289,11.470000267,0,11.470000267
2005-06-21,11.6700000763,11.0100002289,11.5200004578,11.0799999237,0,11.0799999237
2005-06-22,11.3100004196,10.8100004196,10.9600000381,11.0500001907,0,11.0500001907
2005-06-23,12.1300001144,10.9600000381,11.1899995804,12.1300001144,0,12.1300001144
2005-06-24,12.3199996948,11.9499998093,12.2700004578,12.1800003052,0,12.1800003052
2005-06-27,12.779999733,12.3800001144,12.7299995422,12.5200004578,0,12.5200004578
2005-06-28,12.3100004196,11.5500001907,12.3100004196,11.5799999237,0,11.5799999237
2005-06-29,11.779999733,11.4399995804,11.5399999619,11.7700004578,0,11.7700004578
2005-06-30,12.1000003815,11.5,11.720000267,12.0399999619,0,12.0399999619
2005-07-01,11.9200000763,11.3800001144,11.75,11.3999996185,0,11.3999996185
2005-07-05,12.4099998474,11.529999733,12.4099998474,11.6800003052,0,11.6800003052
2005-07-06,12.3299999237,11.5399999619,11.6700000763,12.2700004578,0,12.2700004578
2005-07-07,13.9200000763,12.4799995422,13.9099998474,12.4899997711,0,12.4899997711
2005-07-08,12.2899999619,11.0900001526,12.2399997711,11.4499998093,0,11.4499998093
2005-07-11,11.4099998474,10.529999733,10.9600000381,11.279999733,0,11.279999733
2005-07-12,11.3699998856,10.8500003815,11.029999733,10.9499998093,0,10.9499998093
2005-07-13,11.4399995804,10.8000001907,11.0900001526,10.8400001526,0,10.8400001526
2005-07-14,11.1300001144,10.5,10.8699998856,10.8100004196,0,10.8100004196
2005-07-15,10.8999996185,10.1300001144,10.6099996567,10.3299999237,0,10.3299999237
2005-07-18,11.0900001526,10.7700004578,11.0900001526,10.7700004578,0,10.7700004578
2005-07-19,10.7899999619,10.3599996567,10.6300001144,10.4499998093,0,10.4499998093
2005-07-20,10.9399995804,9.88000011444,10.8000001907,10.2299995422,0,10.2299995422
2005-07-21,11.2100000381,10.2299995422,10.2299995422,10.970000267,0,10.970000267
2005-07-22,11.0500001907,10.5100002289,11.0100002289,10.5200004578,0,10.5200004578
2005-07-25,11.279999733,10.6999998093,11.1199998856,11.1000003815,0,11.1000003815
2005-07-26,11.25,10.9200000763,11.1099996567,10.9899997711,0,10.9899997711
2005-07-27,11.029999733,10.3400001526,11.029999733,10.3599996567,0,10.3599996567
2005-07-28,10.5799999237,10.2700004578,10.3999996185,10.5200004578,0,10.5200004578
2005-07-29,11.7299995422,10.2399997711,10.2399997711,11.5699996948,0,11.5699996948
2005-08-01,12.2299995422,11.3599996567,11.75,12.0799999237,0,12.0799999237
2005-08-02,12.029999733,11.6899995804,12.0,11.75,0,11.75
2005-08-03,12.0100002289,11.6199998856,11.8999996185,11.8299999237,0,11.8299999237
2005-08-04,12.5699996948,11.9899997711,12.1199998856,12.5200004578,0,12.5200004578
2005-08-05,12.9200000763,11.8199996948,11.8199996948,12.4799995422,0,12.4799995422
2005-08-08,13.2899999619,12.5600004196,12.5600004196,13.2100000381,0,13.2100000381
2005-08-09,12.779999733,12.2399997711,12.25,12.3999996185,0,12.3999996185
2005-08-10,12.5600004196,11.5100002289,12.029999733,12.3800001144,0,12.3800001144
2005-08-11,12.9399995804,11.8800001144,12.3400001526,12.4200000763,0,12.4200000763
2005-08-12,12.9799995422,12.1800003052,12.3599996567,12.7399997711,0,12.7399997711
2005-08-15,12.9899997711,12.0799999237,12.8699998856,12.2600002289,0,12.2600002289
2005-08-16,13.8900003433,12.279999733,12.3699998856,13.5200004578,0,13.5200004578
2005-08-17,13.7600002289,12.779999733,13.3500003815,13.3000001907,0,13.3000001907
2005-08-18,13.8800001144,13.0100002289,13.470000267,13.4200000763,0,13.4200000763
2005-08-19,13.8500003815,12.6099996567,12.8400001526,13.4200000763,0,13.4200000763
2005-08-22,13.8900003433,13.1999998093,13.6700000763,13.4200000763,0,13.4200000763
2005-08-23,14.0500001907,13.3000001907,13.6300001144,13.3400001526,0,13.3400001526
2005-08-24,14.1800003052,13.0,13.5600004196,14.1700000763,0,14.1700000763
2005-08-25,14.1199998856,13.6599998474,13.9200000763,13.7299995422,0,13.7299995422
2005-08-26,14.1999998093,13.6499996185,13.7899999619,13.720000267,0,13.720000267
2005-08-29,14.4099998474,13.3800001144,14.3400001526,13.5200004578,0,13.5200004578
2005-08-30,14.1800003052,13.470000267,13.4899997711,13.6499996185,0,13.6499996185
2005-08-31,13.6300001144,12.5600004196,13.3699998856,12.6000003815,0,12.6000003815
2005-09-01,13.3699998856,12.3100004196,12.8599996567,13.1499996185,0,13.1499996185
2005-09-02,13.720000267,13.029999733,13.2100000381,13.5699996948,0,13.5699996948
2005-09-06,14.1800003052,12.8999996185,14.1700000763,12.9300003052,0,12.9300003052
2005-09-07,13.1999998093,12.4399995804,13.0600004196,12.5200004578,0,12.5200004578
2005-09-08,12.9399995804,12.3699998856,12.720000267,12.9300003052,0,12.9300003052
2005-09-09,12.6499996185,11.9600000381,12.4600000381,11.9799995422,0,11.9799995422
2005-09-12,11.8900003433,11.4499998093,11.6599998474,11.6499996185,0,11.6499996185
2005-09-13,12.4799995422,11.75,11.7600002289,12.3900003433,0,12.3900003433
2005-09-14,13.2600002289,12.6700000763,12.7899999619,12.9099998474,0,12.9099998474
2005-09-15,13.1700000763,12.279999733,12.720000267,12.4899997711,0,12.4899997711
2005-09-16,11.9300003052,11.0699996948,11.8900003433,11.220000267,0,11.220000267
2005-09-19,12.4600000381,12.0399999619,12.1700000763,12.1400003433,0,12.1400003433
2005-09-20,12.9600000381,11.8299999237,12.2299995422,12.6400003433,0,12.6400003433
2005-09-21,13.9099998474,12.9600000381,13.0699996948,13.7899999619,0,13.7899999619
2005-09-22,14.3900003433,13.3100004196,13.8500003815,13.3299999237,0,13.3299999237
2005-09-23,13.8800001144,12.75,13.6400003433,12.9600000381,0,12.9600000381
2005-09-26,13.470000267,12.6400003433,13.2700004578,13.0399999619,0,13.0399999619
2005-09-27,13.4600000381,12.5100002289,13.0600004196,12.7600002289,0,12.7600002289
2005-09-28,12.9799995422,12.3699998856,12.6000003815,12.6300001144,0,12.6300001144
2005-09-29,13.2299995422,12.1499996185,12.9200000763,12.2399997711,0,12.2399997711
2005-09-30,12.4399995804,11.9200000763,12.4200000763,11.9200000763,0,11.9200000763
2005-10-03,12.6199998856,11.9799995422,12.3699998856,12.4600000381,0,12.4600000381
2005-10-04,13.2100000381,12.1099996567,12.5,13.1999998093,0,13.1999998093
2005-10-05,14.5799999237,12.970000267,13.1499996185,14.5500001907,0,14.5500001907
2005-10-06,15.6300001144,14.0399999619,14.529999733,14.9600000381,0,14.9600000381
2005-10-07,14.8199996948,14.3000001907,14.5600004196,14.5900001526,0,14.5900001526
2005-10-10,15.6099996567,14.8699998856,14.9300003052,15.5500001907,0,15.5500001907
2005-10-11,15.6999998093,15.0600004196,15.3500003815,15.6300001144,0,15.6300001144
2005-10-12,16.2700004578,15.0399999619,15.5600004196,16.2199993134,0,16.2199993134
2005-10-13,17.1900005341,15.9799995422,16.3199996948,16.4699993134,0,16.4699993134
2005-10-14,16.0300006866,14.8299999237,15.9899997711,14.8699998856,0,14.8699998856
2005-10-17,15.3000001907,14.5799999237,15.3000001907,14.6700000763,0,14.6700000763
2005-10-18,15.3999996185,14.7899999619,14.9200000763,15.3299999237,0,15.3299999237
2005-10-19,15.8599996567,13.470000267,15.6300001144,13.5,0,13.5
2005-10-20,16.1900005341,13.9799995422,14.1800003052,16.1100006104,0,16.1100006104
2005-10-21,16.2700004578,15.2600002289,15.529999733,16.1299991608,0,16.1299991608
2005-10-24,16.4400005341,14.6099996567,16.1800003052,14.7399997711,0,14.7399997711
2005-10-25,15.3000001907,14.1999998093,14.9600000381,14.529999733,0,14.529999733
2005-10-26,14.8800001144,13.720000267,14.8000001907,14.5900001526,0,14.5900001526
2005-10-27,16.2999992371,14.5699996948,14.7299995422,16.0200004578,0,16.0200004578
2005-10-28,15.6099996567,14.1099996567,15.4499998093,14.25,0,14.25
2005-10-31,15.3900003433,13.9300003052,14.0399999619,15.3199996948,0,15.3199996948
2005-11-01,15.6599998474,14.6499996185,14.8500003815,14.8500003815,0,14.8500003815
2005-11-02,14.9899997711,13.3800001144,14.9899997711,13.4799995422,0,13.4799995422
2005-11-03,13.2299995422,12.5,13.1199998856,13.0,0,13.0
2005-11-04,13.6199998856,12.6899995804,12.8800001144,13.1700000763,0,13.1700000763
2005-11-07,13.6499996185,12.7600002289,13.1099996567,13.1000003815,0,13.1000003815
2005-11-08,13.6099996567,13.0399999619,13.6099996567,13.0799999237,0,13.0799999237
2005-11-09,13.3599996567,12.4200000763,13.1400003433,12.8000001907,0,12.8000001907
2005-11-10,13.1700000763,11.7299995422,12.6800003052,11.8999996185,0,11.8999996185
2005-11-11,11.9600000381,11.6300001144,11.8199996948,11.6300001144,0,11.6300001144
2005-11-14,12.3400001526,11.7700004578,11.9899997711,12.1800003052,0,12.1800003052
2005-11-15,12.6899995804,11.6999998093,12.1599998474,12.2299995422,0,12.2299995422
2005-11-16,12.6800003052,12.1700000763,12.220000267,12.2600002289,0,12.2600002289
2005-11-17,12.1999998093,11.25,11.9200000763,11.25,0,11.25
2005-11-18,11.6700000763,10.9600000381,11.1899995804,11.1199998856,0,11.1199998856
2005-11-21,11.3800001144,10.7100000381,11.1800003052,10.8199996948,0,10.8199996948
2005-11-22,11.1000003815,10.5,11.0100002289,10.6000003815,0,10.6000003815
2005-11-23,11.029999733,10.6700000763,10.9600000381,10.9600000381,0,10.9600000381
2005-11-25,11.2399997711,10.8800001144,11.0399999619,10.8800001144,0,10.8800001144
2005-11-28,11.9899997711,11.3299999237,11.3400001526,11.8400001526,0,11.8400001526
2005-11-29,11.9600000381,11.6099996567,11.7700004578,11.8900003433,0,11.8900003433
2005-11-30,12.1300001144,11.5500001907,11.8400001526,12.0600004196,0,12.0600004196
2005-12-01,12.2299995422,11.1400003433,12.0900001526,11.2399997711,0,11.2399997711
2005-12-02,11.2299995422,10.9399995804,11.1000003815,11.0100002289,0,11.0100002289
2005-12-05,11.6800003052,11.3999996185,11.4499998093,11.6000003815,0,11.6000003815
2005-12-06,11.5900001526,10.9600000381,11.1599998474,11.5200004578,0,11.5200004578
2005-12-07,12.4399995804,11.4499998093,11.4899997711,12.1800003052,0,12.1800003052
2005-12-08,12.4099998474,11.7299995422,11.8800001144,12.2100000381,0,12.2100000381
2005-12-09,12.1999998093,11.5600004196,11.9099998474,11.6899995804,0,11.6899995804
2005-12-12,11.8100004196,10.8299999237,10.8599996567,11.470000267,0,11.470000267
2005-12-13,11.4200000763,10.5699996948,10.5699996948,11.1099996567,0,11.1099996567
2005-12-14,10.7899999619,10.3900003433,10.75,10.4799995422,0,10.4799995422
2005-12-15,11.1099996567,10.3699998856,10.6599998474,10.7299995422,0,10.7299995422
2005-12-16,10.75,10.1499996185,10.6999998093,10.6800003052,0,10.6800003052
2005-12-19,11.3800001144,10.6499996185,11.1099996567,11.3800001144,0,11.3800001144
2005-12-20,11.4499998093,11.0,11.3199996948,11.1899995804,0,11.1899995804
2005-12-21,11.0699996948,10.3400001526,10.7100000381,10.8100004196,0,10.8100004196
2005-12-22,10.8900003433,10.279999733,10.8199996948,10.2899999619,0,10.2899999619
2005-12-23,10.4799995422,10.2399997711,10.3699998856,10.2700004578,0,10.2700004578
2005-12-27,11.6499996185,10.8299999237,10.970000267,11.5699996948,0,11.5699996948
2005-12-28,11.6400003433,11.2600002289,11.5500001907,11.3500003815,0,11.3500003815
2005-12-29,11.6700000763,11.1400003433,11.3599996567,11.6099996567,0,11.6099996567
2005-12-30,12.0699996948,11.5500001907,11.9600000381,12.0699996948,0,12.0699996948
2006-01-03,12.5100002289,10.9899997711,12.25,11.1400003433,0,11.1400003433
2006-01-04,11.7100000381,10.970000267,11.220000267,11.3699998856,0,11.3699998856
2006-01-05,11.8400001526,11.3100004196,11.4300003052,11.3100004196,0,11.3100004196
2006-01-06,11.5,10.8100004196,11.2299995422,11.0,0,11.0
2006-01-09,11.3500003815,10.9799995422,11.3500003815,11.1300001144,0,11.1300001144
2006-01-10,11.3900003433,10.8400001526,11.3900003433,10.8599996567,0,10.8599996567
2006-01-11,11.1599998474,10.8299999237,11.029999733,10.9399995804,0,10.9399995804
2006-01-12,11.3800001144,10.9399995804,10.9799995422,11.1999998093,0,11.1999998093
2006-01-13,11.6099996567,11.1099996567,11.3999996185,11.2299995422,0,11.2299995422
2006-01-17,12.4600000381,11.8699998856,12.1300001144,11.9099998474,0,11.9099998474
2006-01-18,12.6999998093,12.1999998093,12.6199998856,12.25,0,12.25
2006-01-19,12.3400001526,11.6499996185,12.1199998856,11.9799995422,0,11.9799995422
2006-01-20,14.5600004196,11.8900003433,12.1000003815,14.5600004196,0,14.5600004196
2006-01-23,14.4799995422,13.5799999237,14.4399995804,13.9300003052,0,13.9300003052
2006-01-24,13.8299999237,13.1400003433,13.7899999619,13.3100004196,0,13.3100004196
2006-01-25,13.3800001144,12.6199998856,12.9499998093,12.8699998856,0,12.8699998856
2006-01-26,12.9099998474,12.1899995804,12.8900003433,12.4200000763,0,12.4200000763
2006-01-27,12.3299999237,11.720000267,12.2700004578,11.970000267,0,11.970000267
2006-01-30,12.4600000381,12.0699996948,12.220000267,12.3900003433,0,12.3900003433
2006-01-31,13.0600004196,12.4499998093,12.4499998093,12.9499998093,0,12.9499998093
2006-02-01,13.029999733,12.3400001526,13.029999733,12.3599996567,0,12.3599996567
2006-02-02,13.470000267,12.4799995422,12.5399999619,13.2299995422,0,13.2299995422
2006-02-03,13.6999998093,12.6400003433,13.3699998856,12.9600000381,0,12.9600000381
2006-02-06,13.4300003052,12.9899997711,13.4300003052,13.0399999619,0,13.0399999619
2006-02-07,13.6700000763,12.970000267,13.1999998093,13.5900001526,0,13.5900001526
2006-02-08,13.6099996567,12.7600002289,13.4099998474,12.8299999237,0,12.8299999237
2006-02-09,13.1499996185,12.2700004578,12.5600004196,13.1199998856,0,13.1199998856
2006-02-10,13.7299995422,12.6899995804,13.3500003815,12.8699998856,0,12.8699998856
2006-02-13,13.6999998093,13.0500001907,13.3400001526,13.3500003815,0,13.3500003815
2006-02-14,13.1499996185,12.0100002289,13.0900001526,12.25,0,12.25
2006-02-15,12.9499998093,12.2100000381,12.4300003052,12.3100004196,0,12.3100004196
2006-02-16,12.2899999619,11.1300001144,12.1899995804,11.4799995422,0,11.4799995422
2006-02-17,12.2100000381,11.5200004578,11.6400003433,12.0100002289,0,12.0100002289
2006-02-21,12.6400003433,12.279999733,12.3599996567,12.4099998474,0,12.4099998474
2006-02-22,12.3000001907,11.6800003052,12.2700004578,11.8800001144,0,11.8800001144
2006-02-23,11.970000267,11.5799999237,11.8599996567,11.8699998856,0,11.8699998856
2006-02-24,12.0600004196,11.4200000763,11.9399995804,11.4600000381,0,11.4600000381
2006-02-27,11.8299999237,11.3999996185,11.7899999619,11.5900001526,0,11.5900001526
2006-02-28,12.3599996567,11.7100000381,11.7399997711,12.3400001526,0,12.3400001526
2006-03-01,12.0699996948,11.5200004578,12.0500001907,11.5399999619,0,11.5399999619
2006-03-02,11.9499998093,11.5600004196,11.7899999619,11.720000267,0,11.720000267
2006-03-03,12.1000003815,11.3599996567,12.029999733,11.9600000381,0,11.9600000381
2006-03-06,12.9099998474,12.220000267,12.220000267,12.7399997711,0,12.7399997711
2006-03-07,13.3400001526,12.6400003433,12.9200000763,12.6599998474,0,12.6599998474
2006-03-08,13.3400001526,12.2600002289,12.8299999237,12.3199996948,0,12.3199996948
2006-03-09,12.6899995804,12.0100002289,12.2100000381,12.6800003052,0,12.6800003052
2006-03-10,12.6000003815,11.7899999619,12.5200004578,11.8500003815,0,11.8500003815
2006-03-13,11.75,10.8900003433,11.720000267,11.3699998856,0,11.3699998856
2006-03-14,11.720000267,10.529999733,11.6099996567,10.7399997711,0,10.7399997711
2006-03-15,11.5399999619,10.9799995422,11.1700000763,11.3500003815,0,11.3500003815
2006-03-16,12.0500001907,10.5699996948,10.5900001526,11.9799995422,0,11.9799995422
2006-03-17,12.1999998093,11.529999733,11.5600004196,12.1199998856,0,12.1199998856
2006-03-20,12.2100000381,10.7899999619,12.1099996567,11.7899999619,0,11.7899999619
2006-03-21,11.8900003433,11.1700000763,11.7100000381,11.6199998856,0,11.6199998856
2006-03-22,11.7899999619,11.1099996567,11.7100000381,11.2100000381,0,11.2100000381
2006-03-23,11.5699996948,11.1099996567,11.1899995804,11.1700000763,0,11.1700000763
2006-03-24,11.4799995422,11.0900001526,11.2299995422,11.1899995804,0,11.1899995804
2006-03-27,11.720000267,11.4099998474,11.4600000381,11.4600000381,0,11.4600000381
2006-03-28,11.8999996185,11.3800001144,11.6899995804,11.5799999237,0,11.5799999237
2006-03-29,11.5699996948,10.7899999619,11.4600000381,10.9499998093,0,10.9499998093
2006-03-30,11.7299995422,10.6999998093,11.029999733,11.5699996948,0,11.5699996948
2006-03-31,11.6499996185,11.2700004578,11.4200000763,11.3900003433,0,11.3900003433
2006-04-03,11.6199998856,11.029999733,11.470000267,11.5699996948,0,11.5699996948
2006-04-04,11.8000001907,11.0900001526,11.6599998474,11.1400003433,0,11.1400003433
2006-04-05,11.3599996567,11.0600004196,11.2399997711,11.1300001144,0,11.1300001144
2006-04-06,11.7399997711,11.25,11.3400001526,11.4499998093,0,11.4499998093
2006-04-07,12.3100004196,11.1999998093,11.4399995804,12.2600002289,0,12.2600002289
2006-04-10,12.4899997711,12.0399999619,12.4399995804,12.1899995804,0,12.1899995804
2006-04-11,13.0600004196,12.0600004196,12.0900001526,13.0,0,13.0
2006-04-12,13.0900001526,12.6599998474,13.0799999237,12.7600002289,0,12.7600002289
2006-04-13,13.0,12.279999733,12.9300003052,12.3800001144,0,12.3800001144
2006-04-17,13.0200004578,12.2700004578,12.8000001907,12.5799999237,0,12.5799999237
2006-04-18,12.5500001907,11.3100004196,12.5500001907,11.3999996185,0,11.3999996185
2006-04-19,11.8000001907,11.2299995422,11.5200004578,11.3199996948,0,11.3199996948
2006-04-20,11.6700000763,11.0200004578,11.3000001907,11.6400003433,0,11.6400003433
2006-04-21,11.9799995422,11.1899995804,11.2399997711,11.5900001526,0,11.5900001526
2006-04-24,12.4200000763,11.6700000763,12.2600002289,11.75,0,11.75
2006-04-25,12.1899995804,11.5900001526,11.7100000381,11.75,0,11.75
2006-04-26,11.7899999619,11.3400001526,11.7600002289,11.7600002289,0,11.7600002289
2006-04-27,12.5200004578,11.5500001907,12.2700004578,11.8400001526,0,11.8400001526
2006-04-28,12.1300001144,11.4200000763,12.1300001144,11.5900001526,0,11.5900001526
2006-05-01,12.5900001526,11.75,11.8299999237,12.5399999619,0,12.5399999619
2006-05-02,12.2700004578,11.9300003052,12.1999998093,11.9899997711,0,11.9899997711
2006-05-03,12.4499998093,11.9499998093,12.2100000381,11.9899997711,0,11.9899997711
2006-05-04,12.1599998474,11.7100000381,11.9200000763,11.8599996567,0,11.8599996567
2006-05-05,11.6199998856,11.1800003052,11.3900003433,11.6199998856,0,11.6199998856
2006-05-08,12.0600004196,11.8100004196,11.9799995422,12.0,0,12.0
2006-05-09,12.1499996185,11.8800001144,12.1000003815,11.9899997711,0,11.9899997711
2006-05-10,12.3199996948,11.779999733,12.220000267,11.779999733,0,11.779999733
2006-05-11,12.9200000763,11.9899997711,12.3299999237,12.4899997711,0,12.4899997711
2006-05-12,14.2600002289,12.7100000381,12.7100000381,14.1899995804,0,14.1899995804
2006-05-15,15.1300001144,13.4399995804,15.1199998856,13.5699996948,0,13.5699996948
2006-05-16,13.6099996567,12.9799995422,13.4899997711,13.3500003815,0,13.3500003815
2006-05-17,16.2600002289,13.3900003433,13.8299999237,16.2600002289,0,16.2600002289
2006-05-18,17.0900001526,14.9600000381,15.5399999619,16.9899997711,0,16.9899997711
2006-05-19,18.0100002289,15.8999996185,16.1599998474,17.1800003052,0,17.1800003052
2006-05-22,19.6200008392,16.7299995422,18.5499992371,17.7199993134,0,17.7199993134
2006-05-23,18.2600002289,15.3599996567,16.7000007629,18.2600002289,0,18.2600002289
2006-05-24,19.8700008392,17.1299991608,17.8700008392,17.3600006104,0,17.3600006104
2006-05-25,16.6700000763,15.3100004196,16.6700000763,15.5,0,15.5
2006-05-26,15.0399999619,14.2600002289,14.9200000763,14.2600002289,0,14.2600002289
2006-05-30,18.7199993134,15.3900003433,15.3900003433,18.6599998474,0,18.6599998474
2006-05-31,18.0900001526,16.4099998474,18.0900001526,16.4400005341,0,16.4400005341
2006-06-01,16.5599994659,14.4799995422,16.4699993134,14.5200004578,0,14.5200004578
2006-06-02,14.970000267,13.9200000763,14.1700000763,14.3199996948,0,14.3199996948
2006-06-05,17.1399993896,14.970000267,14.970000267,16.6499996185,0,16.6499996185
2006-06-06,18.5599994659,16.6499996185,16.7199993134,17.3400001526,0,17.3400001526
2006-06-07,17.8600006104,16.0699996948,17.2099990845,17.7999992371,0,17.7999992371
2006-06-08,20.75,17.8799991608,17.9200000763,18.3500003815,0,18.3500003815
2006-06-09,18.4500007629,17.0699996948,17.8999996185,18.1200008392,0,18.1200008392
2006-06-12,21.25,17.8899993896,18.1299991608,20.9599990845,0,20.9599990845
2006-06-13,23.8099994659,20.2700004578,20.9500007629,23.8099994659,0,23.8099994659
2006-06-14,23.4899997711,21.4500007629,23.4500007629,21.4599990845,0,21.4599990845
2006-06-15,21.1399993896,15.6499996185,21.0499992371,15.8999996185,0,15.8999996185
2006-06-16,18.1299991608,16.5200004578,16.5599994659,17.25,0,17.25
2006-06-19,18.1000003815,15.7299995422,16.0599994659,17.8299999237,0,17.8299999237
2006-06-20,17.6499996185,16.3899993896,17.5200004578,16.6900005341,0,16.6900005341
2006-06-21,16.7199993134,14.8800001144,16.6700000763,15.5200004578,0,15.5200004578
2006-06-22,16.6599998474,15.5600004196,15.9499998093,15.8800001144,0,15.8800001144
2006-06-23,16.5799999237,14.9399995804,16.4099998474,15.8900003433,0,15.8900003433
2006-06-26,16.6100006104,15.4899997711,16.5499992371,15.6199998856,0,15.6199998856
2006-06-27,16.5499992371,15.2700004578,15.5799999237,16.3999996185,0,16.3999996185
2006-06-28,17.0,15.779999733,16.0200004578,15.7899999619,0,15.7899999619
2006-06-29,15.3000001907,12.9300003052,15.279999733,13.029999733,0,13.029999733
2006-06-30,13.470000267,12.7399997711,12.8999996185,13.0799999237,0,13.0799999237
2006-07-03,13.5100002289,12.7700004578,13.2899999619,13.0500001907,0,13.0500001907
2006-07-05,14.7700004578,13.8599996567,13.9200000763,14.1499996185,0,14.1499996185
2006-07-06,14.0399999619,13.25,14.0399999619,13.6499996185,0,13.6499996185
2006-07-07,14.4499998093,13.4300003052,13.8999996185,13.970000267,0,13.970000267
2006-07-10,14.5,13.6700000763,14.1700000763,14.0200004578,0,14.0200004578
2006-07-11,14.6800003052,13.1000003815,14.3100004196,13.1400003433,0,13.1400003433
2006-07-12,14.8500003815,13.2600002289,13.3900003433,14.4899997711,0,14.4899997711
2006-07-13,17.8299999237,15.1700000763,15.1700000763,17.7900009155,0,17.7900009155
2006-07-14,18.7900009155,17.2800006866,17.5699996948,18.0499992371,0,18.0499992371
2006-07-17,18.7600002289,17.75,18.7299995422,18.6399993896,0,18.6399993896
2006-07-18,19.5799999237,17.6599998474,18.2000007629,17.7399997711,0,17.7399997711
2006-07-19,17.6200008392,14.470000267,17.6200008392,15.5500001907,0,15.5500001907
2006-07-20,16.3700008392,14.8699998856,15.1000003815,16.2099990845,0,16.2099990845
2006-07-21,17.5599994659,16.2299995422,16.2299995422,17.3999996185,0,17.3999996185
2006-07-24,17.0799999237,14.8900003433,17.0799999237,14.9799995422,0,14.9799995422
2006-07-25,15.6800003052,14.3100004196,15.4399995804,14.8500003815,0,14.8500003815
2006-07-26,15.2100000381,14.0900001526,15.0399999619,14.6199998856,0,14.6199998856
2006-07-27,15.3900003433,14.0699996948,14.2600002289,14.9399995804,0,14.9399995804
2006-07-28,14.75,14.0600004196,14.7299995422,14.3299999237,0,14.3299999237
2006-07-31,15.1300001144,14.8599996567,15.0100002289,14.9499998093,0,14.9499998093
2006-08-01,16.1499996185,15.029999733,15.4899997711,15.0500001907,0,15.0500001907
2006-08-02,14.9300003052,13.9200000763,14.9300003052,14.3400001526,0,14.3400001526
2006-08-03,15.1899995804,14.1999998093,15.1000003815,14.4600000381,0,14.4600000381
2006-08-04,14.9099998474,13.6499996185,14.029999733,14.3400001526,0,14.3400001526
2006-08-07,15.529999733,14.970000267,14.9799995422,15.2299995422,0,15.2299995422
2006-08-08,15.5500001907,14.8599996567,15.1999998093,15.2299995422,0,15.2299995422
2006-08-09,15.4099998474,14.0699996948,14.7600002289,15.1999998093,0,15.1999998093
2006-08-10,15.7299995422,14.4499998093,15.5600004196,14.4600000381,0,14.4600000381
2006-08-11,14.8500003815,14.3000001907,14.720000267,14.3000001907,0,14.3000001907
2006-08-14,14.4300003052,13.4099998474,14.1499996185,14.2600002289,0,14.2600002289
2006-08-15,13.720000267,13.1499996185,13.5699996948,13.4200000763,0,13.4200000763
2006-08-16,12.9499998093,12.1099996567,12.6899995804,12.4099998474,0,12.4099998474
2006-08-17,12.720000267,12.2100000381,12.6899995804,12.2399997711,0,12.2399997711
2006-08-18,12.5200004578,11.5699996948,12.1099996567,11.6400003433,0,11.6400003433
2006-08-21,12.6199998856,12.2100000381,12.3999996185,12.220000267,0,12.220000267
2006-08-22,12.4200000763,11.9300003052,12.4200000763,12.1899995804,0,12.1899995804
2006-08-23,12.7299995422,12.1599998474,12.2600002289,12.3999996185,0,12.3999996185
2006-08-24,12.5799999237,12.2100000381,12.2399997711,12.3999996185,0,12.3999996185
2006-08-25,12.470000267,12.0799999237,12.4099998474,12.3100004196,0,12.3100004196
2006-08-28,12.9200000763,12.0699996948,12.9200000763,12.1800003052,0,12.1800003052
2006-08-29,12.8299999237,12.2100000381,12.2700004578,12.279999733,0,12.279999733
2006-08-30,12.3500003815,12.1000003815,12.1400003433,12.220000267,0,12.220000267
2006-08-31,12.3299999237,12.0699996948,12.2299995422,12.3100004196,0,12.3100004196
2006-09-01,12.3299999237,11.9099998474,12.1400003433,11.9600000381,0,11.9600000381
2006-09-05,12.8599996567,12.4300003052,12.8000001907,12.6300001144,0,12.6300001144
2006-09-06,13.8800001144,13.0600004196,13.0600004196,13.7399997711,0,13.7399997711
2006-09-07,14.4899997711,13.6700000763,14.0699996948,13.8800001144,0,13.8800001144
2006-09-08,13.8000001907,13.0500001907,13.7899999619,13.1599998474,0,13.1599998474
2006-09-11,13.9499998093,12.75,13.9499998093,12.9899997711,0,12.9899997711
2006-09-12,13.1400003433,11.5500001907,13.0399999619,11.9200000763,0,11.9200000763
2006-09-13,11.5600004196,10.9899997711,11.3999996185,11.1800003052,0,11.1800003052
2006-09-14,12.0200004578,10.7399997711,11.3599996567,11.5500001907,0,11.5500001907
2006-09-15,12.5399999619,11.3999996185,11.4899997711,11.7600002289,0,11.7600002289
2006-09-18,12.4099998474,11.5799999237,12.279999733,11.779999733,0,11.779999733
2006-09-19,12.6899995804,11.8599996567,11.9600000381,11.9799995422,0,11.9799995422
2006-09-20,11.75,11.3400001526,11.75,11.3900003433,0,11.3900003433
2006-09-21,12.6000003815,11.279999733,11.4300003052,12.25,0,12.25
2006-09-22,13.279999733,12.470000267,12.470000267,12.5900001526,0,12.5900001526
2006-09-25,13.4099998474,11.9300003052,12.970000267,12.1199998856,0,12.1199998856
2006-09-26,12.2299995422,11.5100002289,12.2299995422,11.529999733,0,11.529999733
2006-09-27,11.8999996185,11.4200000763,11.6499996185,11.5799999237,0,11.5799999237
2006-09-28,12.0600004196,11.5900001526,11.6400003433,11.720000267,0,11.720000267
2006-09-29,12.1000003815,11.720000267,11.75,11.9799995422,0,11.9799995422
2006-10-02,12.720000267,12.1099996567,12.4499998093,12.5699996948,0,12.5699996948
2006-10-03,12.9099998474,11.970000267,12.6800003052,12.2399997711,0,12.2399997711
2006-10-04,12.6400003433,11.6199998856,12.6400003433,11.8599996567,0,11.8599996567
2006-10-05,12.0600004196,11.6499996185,11.9399995804,11.9799995422,0,11.9799995422
2006-10-06,12.1700000763,11.5500001907,11.9899997711,11.5600004196,0,11.5600004196
2006-10-09,12.0900001526,11.5799999237,12.0699996948,11.6800003052,0,11.6800003052
2006-10-10,11.8900003433,11.470000267,11.7700004578,11.5200004578,0,11.5200004578
2006-10-11,12.029999733,11.3100004196,11.75,11.6199998856,0,11.6199998856
2006-10-12,11.5100002289,11.0900001526,11.5,11.0900001526,0,11.0900001526
2006-10-13,11.3500003815,10.75,11.1700000763,10.75,0,10.75
2006-10-16,11.1999998093,10.9099998474,11.0699996948,11.0900001526,0,11.0900001526
2006-10-17,12.029999733,11.3500003815,11.3599996567,11.7299995422,0,11.7299995422
2006-10-18,11.8299999237,11.3299999237,11.4399995804,11.3400001526,0,11.3400001526
2006-10-19,11.5699996948,10.779999733,11.5100002289,10.8999996185,0,10.8999996185
2006-10-20,11.2299995422,10.4399995804,11.0600004196,10.6300001144,0,10.6300001144
2006-10-23,11.25,10.6199998856,11.1499996185,11.0799999237,0,11.0799999237
2006-10-24,11.2700004578,10.779999733,11.25,10.779999733,0,10.779999733
2006-10-25,10.8800001144,10.6000003815,10.8800001144,10.6599998474,0,10.6599998474
2006-10-26,10.9600000381,10.470000267,10.5600004196,10.5600004196,0,10.5600004196
2006-10-27,10.9899997711,10.529999733,10.6599998474,10.8000001907,0,10.8000001907
2006-10-30,11.4300003052,10.9200000763,11.3599996567,11.1999998093,0,11.1999998093
2006-10-31,11.3900003433,10.9899997711,11.1000003815,11.1000003815,0,11.1000003815
2006-11-01,11.6800003052,10.8900003433,10.9300003052,11.5100002289,0,11.5100002289
2006-11-02,11.7600002289,11.4099998474,11.6099996567,11.4200000763,0,11.4200000763
2006-11-03,11.4300003052,10.3400001526,11.1599998474,11.1599998474,0,11.1599998474
2006-11-06,11.4099998474,10.9899997711,11.3900003433,11.1599998474,0,11.1599998474
2006-11-07,11.1899995804,10.8699998856,11.0600004196,11.0900001526,0,11.0900001526
2006-11-08,11.4899997711,10.6999998093,11.4099998474,10.75,0,10.75
2006-11-09,11.0699996948,10.5699996948,10.6499996185,11.0100002289,0,11.0100002289
2006-11-10,11.1199998856,10.7700004578,11.0100002289,10.7899999619,0,10.7899999619
2006-11-13,11.2600002289,10.6899995804,11.1899995804,10.8599996567,0,10.8599996567
2006-11-14,11.3100004196,10.1400003433,10.8900003433,10.5,0,10.5
2006-11-15,10.6099996567,10.1300001144,10.470000267,10.3100004196,0,10.3100004196
2006-11-16,10.3500003815,10.0399999619,10.1300001144,10.1599998474,0,10.1599998474
2006-11-17,10.4799995422,10.0500001907,10.3699998856,10.0500001907,0,10.0500001907
2006-11-20,10.4799995422,9.90999984741,10.4200000763,9.97000026703,0,9.97000026703
2006-11-21,10.0600004196,9.84000015259,10.0500001907,9.89999961853,0,9.89999961853
2006-11-22,10.1499996185,9.81000041962,10.0200004578,10.1400003433,0,10.1400003433
2006-11-24,10.8599996567,10.5600004196,10.8100004196,10.7299995422,0,10.7299995422
2006-11-27,12.3299999237,11.1400003433,11.2600002289,12.3000001907,0,12.3000001907
2006-11-28,12.5500001907,11.5600004196,12.4799995422,11.6199998856,0,11.6199998856
2006-11-29,11.4300003052,10.6700000763,11.4099998474,10.8299999237,0,10.8299999237
2006-11-30,11.3000001907,10.5799999237,10.8800001144,10.9099998474,0,10.9099998474
2006-12-01,12.279999733,10.9600000381,11.0699996948,11.6599998474,0,11.6599998474
2006-12-04,12.0100002289,10.9799995422,12.0100002289,11.2299995422,0,11.2299995422
2006-12-05,11.5900001526,10.8500003815,11.1300001144,11.2700004578,0,11.2700004578
2006-12-06,11.5500001907,11.1899995804,11.3900003433,11.3299999237,0,11.3299999237
2006-12-07,12.6800003052,11.1700000763,11.3500003815,12.6700000763,0,12.6700000763
2006-12-08,12.6700000763,11.9099998474,12.5799999237,12.0699996948,0,12.0699996948
2006-12-11,11.9300003052,10.7100000381,11.8800001144,10.7100000381,0,10.7100000381
2006-12-12,11.3900003433,10.3500003815,11.1999998093,10.6499996185,0,10.6499996185
2006-12-13,10.5799999237,10.1499996185,10.4499998093,10.1800003052,0,10.1800003052
2006-12-14,10.75,9.64000034332,10.7399997711,9.97000026703,0,9.97000026703
2006-12-15,10.0699996948,9.39000034332,9.68000030518,10.0500001907,0,10.0500001907
2006-12-18,10.9099998474,10.4600000381,10.6400003433,10.6000003815,0,10.6000003815
2006-12-19,11.3100004196,10.2700004578,11.0600004196,10.3000001907,0,10.3000001907
2006-12-20,10.3299999237,10.029999733,10.3000001907,10.2600002289,0,10.2600002289
2006-12-21,10.8900003433,10.1300001144,10.3599996567,10.529999733,0,10.529999733
2006-12-22,11.4600000381,10.5900001526,10.5900001526,11.3599996567,0,11.3599996567
2006-12-26,12.029999733,11.2399997711,12.029999733,11.2600002289,0,11.2600002289
2006-12-27,11.1199998856,10.5900001526,11.1199998856,10.6400003433,0,10.6400003433
2006-12-28,11.0600004196,10.7299995422,10.8400001526,10.9899997711,0,10.9899997711
2006-12-29,11.6499996185,10.7100000381,10.9499998093,11.5600004196,0,11.5600004196
2007-01-03,12.75,11.529999733,12.1599998474,12.0399999619,0,12.0399999619
2007-01-04,12.4200000763,11.279999733,12.3999996185,11.5100002289,0,11.5100002289
2007-01-05,12.25,11.6800003052,11.8400001526,12.1400003433,0,12.1400003433
2007-01-08,12.8299999237,11.779999733,12.4799995422,12.0,0,12.0
2007-01-09,12.470000267,11.6899995804,11.8599996567,11.9099998474,0,11.9099998474
2007-01-10,12.5,11.4300003052,12.3400001526,11.470000267,0,11.470000267
2007-01-11,11.4799995422,10.5,11.4200000763,10.8699998856,0,10.8699998856
2007-01-12,10.9300003052,10.1400003433,10.9300003052,10.1499996185,0,10.1499996185
2007-01-16,10.8900003433,10.3999996185,10.6400003433,10.7399997711,0,10.7399997711
2007-01-17,10.8999996185,10.3500003815,10.8999996185,10.5900001526,0,10.5900001526
2007-01-18,11.0399999619,10.4499998093,10.6499996185,10.8500003815,0,10.8500003815
2007-01-19,11.029999733,10.2399997711,10.8000001907,10.3999996185,0,10.3999996185
2007-01-22,11.0799999237,10.6199998856,10.7700004578,10.7700004578,0,10.7700004578
2007-01-23,10.9399995804,10.220000267,10.7700004578,10.3400001526,0,10.3400001526
2007-01-24,10.4099998474,9.86999988556,10.4099998474,9.89000034332,0,9.89000034332
2007-01-25,11.3800001144,9.94999980927,9.98999977112,11.220000267,0,11.220000267
2007-01-26,11.6000003815,10.9200000763,10.9499998093,11.1300001144,0,11.1300001144
2007-01-29,11.6000003815,10.9200000763,11.5,11.4499998093,0,11.4499998093
2007-01-30,11.4899997711,10.9499998093,11.279999733,10.9600000381,0,10.9600000381
2007-01-31,11.2600002289,10.2700004578,11.0900001526,10.4200000763,0,10.4200000763
2007-02-01,10.4300003052,10.1400003433,10.3199996948,10.3100004196,0,10.3100004196
2007-02-02,10.3599996567,9.96000003815,10.3000001907,10.0799999237,0,10.0799999237
2007-02-05,10.6999998093,10.4399995804,10.529999733,10.5500001907,0,10.5500001907
2007-02-06,10.8800001144,10.4399995804,10.5500001907,10.6499996185,0,10.6499996185
2007-02-07,10.5600004196,10.2399997711,10.3100004196,10.3199996948,0,10.3199996948
2007-02-08,10.9099998474,10.3999996185,10.4899997711,10.4399995804,0,10.4399995804
2007-02-09,11.5600004196,10.25,10.4200000763,11.1000003815,0,11.1000003815
2007-02-12,11.8800001144,11.3000001907,11.3299999237,11.6099996567,0,11.6099996567
2007-02-13,11.4200000763,10.3299999237,11.4200000763,10.3400001526,0,10.3400001526
2007-02-14,10.2600002289,9.69999980927,10.1899995804,10.2299995422,0,10.2299995422
2007-02-15,10.3199996948,10.0500001907,10.279999733,10.220000267,0,10.220000267
2007-02-16,10.4399995804,9.97999954224,10.4200000763,10.0200004578,0,10.0200004578
2007-02-20,10.720000267,10.1400003433,10.6199998856,10.2399997711,0,10.2399997711
2007-02-21,10.529999733,10.1700000763,10.4799995422,10.1999998093,0,10.1999998093
2007-02-22,10.5200004578,10.0100002289,10.2299995422,10.1800003052,0,10.1800003052
2007-02-23,10.6999998093,10.3599996567,10.4099998474,10.5799999237,0,10.5799999237
2007-02-26,11.4399995804,10.5200004578,10.5900001526,11.1499996185,0,11.1499996185
2007-02-27,19.0100002289,12.1000003815,12.1199998856,18.3099994659,0,18.3099994659
2007-02-28,17.2900009155,14.5,17.2099990845,15.4200000763,0,15.4200000763
2007-03-01,19.3999996185,15.3599996567,17.7600002289,15.8199996948,0,15.8199996948
2007-03-02,18.6299991608,16.0400009155,16.7000007629,18.6100006104,0,18.6100006104
2007-03-05,20.4099998474,18.1299991608,20.3999996185,19.6299991608,0,19.6299991608
2007-03-06,18.3400001526,15.7600002289,18.3099994659,15.9600000381,0,15.9600000381
2007-03-07,16.2700004578,14.5200004578,16.25,15.2399997711,0,15.2399997711
2007-03-08,14.6999998093,13.4799995422,14.3400001526,14.2899999619,0,14.2899999619
2007-03-09,14.6199998856,13.6700000763,13.6999998093,14.0900001526,0,14.0900001526
2007-03-12,14.9600000381,13.7600002289,14.9600000381,13.9899997711,0,13.9899997711
2007-03-13,18.4200000763,14.6000003815,14.8699998856,18.1299991608,0,18.1299991608
2007-03-14,21.25,16.75,17.6299991608,17.2700004578,0,17.2700004578
2007-03-15,16.9099998474,15.2700004578,16.9099998474,16.4300003052,0,16.4300003052
2007-03-16,17.7099990845,15.2899999619,15.3800001144,16.7900009155,0,16.7900009155
2007-03-19,15.8199996948,14.5799999237,15.8199996948,14.5900001526,0,14.5900001526
2007-03-20,15.1599998474,13.25,15.0100002289,13.2700004578,0,13.2700004578
2007-03-21,13.6700000763,11.2100000381,13.2700004578,12.1899995804,0,12.1899995804
2007-03-22,12.9499998093,12.0399999619,12.2899999619,12.9300003052,0,12.9300003052
2007-03-23,13.1800003052,12.4600000381,13.1300001144,12.9499998093,0,12.9499998093
2007-03-26,14.6999998093,12.9099998474,13.3900003433,13.1599998474,0,13.1599998474
2007-03-27,13.8999996185,13.3500003815,13.3500003815,13.4799995422,0,13.4799995422
2007-03-28,15.5100002289,14.220000267,14.279999733,14.9799995422,0,14.9799995422
2007-03-29,16.0499992371,14.3400001526,14.4499998093,15.1400003433,0,15.1400003433
2007-03-30,15.8199996948,14.1400003433,14.9399995804,14.6400003433,0,14.6400003433
2007-04-02,15.4600000381,14.3999996185,14.9099998474,14.529999733,0,14.529999733
2007-04-03,14.0600004196,12.8100004196,14.0200004578,13.4600000381,0,13.4600000381
2007-04-04,13.9099998474,13.1999998093,13.8199996948,13.2399997711,0,13.2399997711
2007-04-05,13.6599998474,12.6899995804,13.5699996948,13.2299995422,0,13.2299995422
2007-04-09,13.5600004196,12.8900003433,13.2600002289,13.1400003433,0,13.1400003433
2007-04-10,13.3299999237,12.5600004196,13.3299999237,12.6800003052,0,12.6800003052
2007-04-11,14.0799999237,12.720000267,12.720000267,13.4899997711,0,13.4899997711
2007-04-12,14.1499996185,12.5799999237,13.6499996185,12.7100000381,0,12.7100000381
2007-04-13,13.0,12.1300001144,12.6700000763,12.1999998093,0,12.1999998093
2007-04-16,12.1000003815,11.4600000381,11.8599996567,11.9799995422,0,11.9799995422
2007-04-17,12.1700000763,11.5,11.6999998093,12.1400003433,0,12.1400003433
2007-04-18,12.5699996948,11.9499998093,12.4799995422,12.4200000763,0,12.4200000763
2007-04-19,13.2700004578,12.4099998474,13.1599998474,12.5399999619,0,12.5399999619
2007-04-20,12.6700000763,11.970000267,12.029999733,12.0699996948,0,12.0699996948
2007-04-23,13.0799999237,12.4799995422,12.6000003815,13.0399999619,0,13.0399999619
2007-04-24,13.8900003433,13.0399999619,13.1199998856,13.1199998856,0,13.1199998856
2007-04-25,13.2299995422,12.5799999237,12.7399997711,13.2100000381,0,13.2100000381
2007-04-26,13.6700000763,12.6700000763,13.1599998474,12.7899999619,0,12.7899999619
2007-04-27,13.2600002289,12.4099998474,13.1199998856,12.4499998093,0,12.4499998093
2007-04-30,14.3100004196,12.779999733,12.8999996185,14.220000267,0,14.220000267
2007-05-01,14.6000003815,13.4799995422,14.1000003815,13.5100002289,0,13.5100002289
2007-05-02,13.5200004578,12.5500001907,13.5200004578,13.0799999237,0,13.0799999237
2007-05-03,13.3599996567,12.8900003433,13.0100002289,13.0900001526,0,13.0900001526
2007-05-04,13.3599996567,12.5900001526,12.9099998474,12.9099998474,0,12.9099998474
2007-05-07,13.3699998856,13.1099996567,13.3400001526,13.1499996185,0,13.1499996185
2007-05-08,13.6899995804,13.1599998474,13.4799995422,13.2100000381,0,13.2100000381
2007-05-09,13.5,12.5399999619,13.4300003052,12.8800001144,0,12.8800001144
2007-05-10,13.8500003815,12.8900003433,13.3100004196,13.6000003815,0,13.6000003815
2007-05-11,13.470000267,12.6300001144,13.470000267,12.9499998093,0,12.9499998093
2007-05-14,14.4300003052,13.0100002289,13.2600002289,13.9600000381,0,13.9600000381
2007-05-15,14.3000001907,13.2700004578,13.8800001144,14.0100002289,0,14.0100002289
2007-05-16,14.1800003052,13.470000267,14.0200004578,13.5,0,13.5
2007-05-17,13.8199996948,13.25,13.6199998856,13.5100002289,0,13.5100002289
2007-05-18,13.220000267,12.6899995804,13.0100002289,12.7600002289,0,12.7600002289
2007-05-21,13.3000001907,12.6999998093,13.2399997711,13.3000001907,0,13.3000001907
2007-05-22,13.3800001144,12.0799999237,12.0900001526,13.0600004196,0,13.0600004196
2007-05-23,13.279999733,12.5500001907,12.7700004578,13.2399997711,0,13.2399997711
2007-05-24,14.3599996567,12.9200000763,13.1499996185,14.0799999237,0,14.0799999237
2007-05-25,13.8699998856,13.2299995422,13.8100004196,13.3400001526,0,13.3400001526
2007-05-29,13.9499998093,13.3100004196,13.8599996567,13.529999733,0,13.529999733
2007-05-30,14.2899999619,12.8199996948,14.1800003052,12.8299999237,0,12.8299999237
2007-05-31,13.1800003052,12.6199998856,12.779999733,13.0500001907,0,13.0500001907
2007-06-01,13.0100002289,12.4300003052,12.7700004578,12.779999733,0,12.779999733
2007-06-04,13.5399999619,13.2100000381,13.470000267,13.2899999619,0,13.2899999619
2007-06-05,14.1700000763,13.5399999619,13.5799999237,13.6300001144,0,13.6300001144
2007-06-06,15.0600004196,14.0600004196,14.0699996948,14.8699998856,0,14.8699998856
2007-06-07,17.0900001526,14.8900003433,15.0799999237,17.0599994659,0,17.0599994659
2007-06-08,16.7800006866,14.7299995422,16.75,14.8400001526,0,14.8400001526
2007-06-11,15.470000267,14.2399997711,15.3100004196,14.7100000381,0,14.7100000381
2007-06-12,16.7000007629,14.7700004578,15.4600000381,16.6700000763,0,16.6700000763
2007-06-13,16.1000003815,14.6700000763,16.0499992371,14.7299995422,0,14.7299995422
2007-06-14,14.8199996948,13.5900001526,14.7600002289,13.6400003433,0,13.6400003433
2007-06-15,13.970000267,12.5799999237,13.0100002289,13.9399995804,0,13.9399995804
2007-06-18,14.5100002289,13.3500003815,14.4200000763,13.4200000763,0,13.4200000763
2007-06-19,13.8000001907,12.7899999619,13.779999733,12.8500003815,0,12.8500003815
2007-06-20,14.7600002289,12.75,12.7700004578,14.6700000763,0,14.6700000763
2007-06-21,15.5600004196,14.1700000763,14.8000001907,14.2100000381,0,14.2100000381
2007-06-22,16.5799999237,14.3100004196,14.4499998093,15.75,0,15.75
2007-06-25,17.2399997711,15.4099998474,16.5,16.6499996185,0,16.6499996185
2007-06-26,18.8899993896,16.2099990845,16.4599990845,18.8899993896,0,18.8899993896
2007-06-27,18.9799995422,15.4399995804,18.8700008392,15.529999733,0,15.529999733
2007-06-28,15.7100000381,14.9799995422,15.6999998093,15.5399999619,0,15.5399999619
2007-06-29,17.1299991608,14.6199998856,15.25,16.2299995422,0,16.2299995422
2007-07-02,16.4799995422,15.3100004196,16.4799995422,15.3999996185,0,15.3999996185
2007-07-03,15.3000001907,14.8500003815,14.9600000381,14.9200000763,0,14.9200000763
2007-07-05,15.9499998093,15.1700000763,15.3699998856,15.4799995422,0,15.4799995422
2007-07-06,15.5900001526,14.6700000763,15.3599996567,14.720000267,0,14.720000267
2007-07-09,15.6899995804,15.029999733,15.3400001526,15.1599998474,0,15.1599998474
2007-07-10,17.6800003052,15.8299999237,15.8800001144,17.5699996948,0,17.5699996948
2007-07-11,17.9099998474,16.6399993896,17.6900005341,16.6399993896,0,16.6399993896
2007-07-12,16.3899993896,14.9300003052,16.3899993896,15.5399999619,0,15.5399999619
2007-07-13,15.5100002289,14.7899999619,15.3900003433,15.1499996185,0,15.1499996185
2007-07-16,15.8299999237,15.2700004578,15.5699996948,15.5900001526,0,15.5900001526
2007-07-17,15.779999733,15.3100004196,15.5799999237,15.6300001144,0,15.6300001144
2007-07-18,17.0599994659,15.9499998093,16.3799991608,16.0,0,16.0
2007-07-19,15.6199998856,15.0600004196,15.4300003052,15.2299995422,0,15.2299995422
2007-07-20,18.5300006866,15.3599996567,15.3900003433,16.9500007629,0,16.9500007629
2007-07-23,17.0900001526,16.3899993896,16.6200008392,16.8099994659,0,16.8099994659
2007-07-24,19.0900001526,17.4799995422,17.6299991608,18.5499992371,0,18.5499992371
2007-07-25,19.4599990845,17.3799991608,17.7700004578,18.1000003815,0,18.1000003815
2007-07-26,23.3600006104,19.2999992371,19.4099998474,20.7399997711,0,20.7399997711
2007-07-27,24.1700000763,19.6000003815,20.3400001526,24.1700000763,0,24.1700000763
2007-07-30,23.6399993896,20.8600006104,23.6399993896,20.8700008392,0,20.8700008392
2007-07-31,23.9300003052,19.6800003052,20.0799999237,23.5200004578,0,23.5200004578
2007-08-01,26.2199993134,23.2600002289,23.7099990845,23.6700000763,0,23.6700000763
2007-08-02,23.0,21.2000007629,22.9400005341,21.2199993134,0,21.2199993134
2007-08-03,25.5499992371,21.0900001526,21.5200004578,25.1599998474,0,25.1599998474
2007-08-06,26.4699993134,22.4400005341,25.3199996948,22.9400005341,0,22.9400005341
2007-08-07,23.7399997711,20.7900009155,23.3299999237,21.5599994659,0,21.5599994659
2007-08-08,22.9500007629,19.3299999237,20.9699993134,21.4500007629,0,21.4500007629
2007-08-09,26.8999996185,23.8400001526,24.4599990845,26.4799995422,0,26.4799995422
2007-08-10,29.8400001526,26.9099998474,28.0400009155,28.2999992371,0,28.2999992371
2007-08-13,28.0200004578,25.4799995422,28.0200004578,26.5699996948,0,26.5699996948
2007-08-14,28.2900009155,25.3099994659,25.5599994659,27.6800003052,0,27.6800003052
2007-08-15,31.7600002289,26.1599998474,28.2199993134,30.6700000763,0,30.6700000763
2007-08-16,37.5,30.4400005341,32.6800003052,30.8299999237,0,30.8299999237
2007-08-17,31.4599990845,25.2299995422,25.25,29.9899997711,0,29.9899997711
2007-08-20,29.9500007629,25.7999992371,29.8700008392,26.3299999237,0,26.3299999237
2007-08-21,26.7199993134,24.7700004578,26.3899993896,25.25,0,25.25
2007-08-22,24.4400005341,22.8700008392,24.3299999237,22.8899993896,0,22.8899993896
2007-08-23,23.6100006104,22.0499992371,22.4699993134,22.6200008392,0,22.6200008392
2007-08-24,23.0300006866,20.4400005341,22.75,20.7199993134,0,20.7199993134
2007-08-27,22.8299999237,21.9599990845,22.2399997711,22.7199993134,0,22.7199993134
2007-08-28,26.5699996948,23.7199993134,23.8700008392,26.2999992371,0,26.2999992371
2007-08-29,26.0200004578,23.4400005341,25.8700008392,23.8099994659,0,23.8099994659
2007-08-30,25.5799999237,23.6900005341,25.3999996185,25.0599994659,0,25.0599994659
2007-08-31,24.0699996948,22.4699993134,23.5300006866,23.3799991608,0,23.3799991608
2007-09-04,24.8099994659,21.7099990845,21.9300003052,22.7800006866,0,22.7800006866
2007-09-05,25.4500007629,23.7999992371,24.0300006866,24.5799999237,0,24.5799999237
2007-09-06,25.1399993896,23.6599998474,24.4300003052,23.9899997711,0,23.9899997711
2007-09-07,26.9699993134,25.6000003815,25.9799995422,26.2299995422,0,26.2299995422
2007-09-10,28.8199996948,26.5599994659,26.9099998474,27.3799991608,0,27.3799991608
2007-09-11,27.2099990845,25.1900005341,27.1100006104,25.2700004578,0,25.2700004578
2007-09-12,26.2099990845,24.5699996948,25.9699993134,24.9599990845,0,24.9599990845
2007-09-13,25.3199996948,23.8299999237,25.0100002289,24.7600002289,0,24.7600002289
2007-09-14,26.4799995422,24.6800003052,26.3799991608,24.9200000763,0,24.9200000763
2007-09-17,27.0799999237,25.7999992371,26.4500007629,26.4799995422,0,26.4799995422
2007-09-18,26.2299995422,20.2700004578,25.7900009155,20.3500003815,0,20.3500003815
2007-09-19,20.5699996948,19.1700000763,19.9599990845,20.0300006866,0,20.0300006866
2007-09-20,20.8199996948,19.5499992371,20.4699993134,20.4500007629,0,20.4500007629
2007-09-21,19.8099994659,18.3700008392,19.4400005341,19.0,0,19.0
2007-09-24,19.6200008392,18.3199996948,19.0400009155,19.3700008392,0,19.3700008392
2007-09-25,20.4599990845,18.4400005341,20.25,18.6000003815,0,18.6000003815
2007-09-26,18.1800003052,17.2999992371,17.9200000763,17.6299991608,0,17.6299991608
2007-09-27,17.4699993134,16.9500007629,17.1200008392,17.0,0,17.0
2007-09-28,18.2199993134,16.9099998474,17.2299995422,18.0,0,18.0
2007-10-01,18.4400005341,17.1100006104,18.4400005341,17.8400001526,0,17.8400001526
2007-10-02,18.8899993896,17.6000003815,17.6700000763,18.4899997711,0,18.4899997711
2007-10-03,18.9899997711,18.3099994659,18.8799991608,18.7999992371,0,18.7999992371
2007-10-04,18.6499996185,18.2600002289,18.6499996185,18.4400005341,0,18.4400005341
2007-10-05,17.5599994659,16.4400005341,17.5499992371,16.9099998474,0,16.9099998474
2007-10-08,17.8299999237,17.3199996948,17.7299995422,17.4599990845,0,17.4599990845
2007-10-09,17.2800006866,16.0900001526,17.1499996185,16.1200008392,0,16.1200008392
2007-10-10,17.3500003815,16.3899993896,16.4200000763,16.6700000763,0,16.6700000763
2007-10-11,19.7299995422,16.0799999237,16.1499996185,18.8799991608,0,18.8799991608
2007-10-12,18.7399997711,17.4899997711,18.6800003052,17.7299995422,0,17.7299995422
2007-10-15,20.0100002289,17.9500007629,18.1399993896,19.25,0,19.25
2007-10-16,20.75,19.7299995422,20.0699996948,20.0200004578,0,20.0200004578
2007-10-17,20.1100006104,18.2800006866,18.7600002289,18.5400009155,0,18.5400009155
2007-10-18,19.5599994659,17.7299995422,19.1599998474,18.5,0,18.5
2007-10-19,22.9599990845,19.0200004578,19.1499996185,22.9599990845,0,22.9599990845
2007-10-22,23.9400005341,21.3799991608,23.8899993896,21.6399993896,0,21.6399993896
2007-10-23,21.4300003052,20.1299991608,21.2900009155,20.4099998474,0,20.4099998474
2007-10-24,24.1499996185,20.5900001526,21.1599998474,20.7999992371,0,20.7999992371
2007-10-25,22.3999996185,20.0400009155,20.8400001526,21.1700000763,0,21.1700000763
2007-10-26,20.9699993134,19.4799995422,19.8400001526,19.5599994659,0,19.5599994659
2007-10-29,20.2399997711,19.5400009155,19.9300003052,19.8700008392,0,19.8700008392
2007-10-30,21.1499996185,20.3099994659,20.4599990845,21.0699996948,0,21.0699996948
2007-10-31,22.0900001526,18.2999992371,20.5300006866,18.5300006866,0,18.5300006866
2007-11-01,24.1499996185,17.3799991608,19.8899993896,23.2099990845,0,23.2099990845
2007-11-02,25.1700000763,22.5599994659,22.5599994659,23.0100002289,0,23.0100002289
2007-11-05,25.4599990845,23.6100006104,25.25,24.3099994659,0,24.3099994659
2007-11-06,23.7399997711,21.2399997711,23.5,21.3899993896,0,21.3899993896
2007-11-07,26.8500003815,22.75,23.1499996185,26.4899997711,0,26.4899997711
2007-11-08,29.1499996185,25.3199996948,26.4500007629,26.1599998474,0,26.1599998474
2007-11-09,28.8400001526,26.2099990845,27.9599990845,28.5,0,28.5
2007-11-12,31.0900001526,24.4699993134,30.5699996948,31.0900001526,0,31.0900001526
2007-11-13,27.5,23.8199996948,27.4699993134,24.1000003815,0,24.1000003815
2007-11-14,27.0300006866,23.0699996948,23.3500003815,25.9400005341,0,25.9400005341
2007-11-15,29.3099994659,25.9799995422,26.9599990845,28.0599994659,0,28.0599994659
2007-11-16,28.1200008392,25.1200008392,27.0400009155,25.4899997711,0,25.4899997711
2007-11-19,27.1800003052,25.7399997711,26.7399997711,26.0100002289,0,26.0100002289
2007-11-20,27.3500003815,23.6200008392,26.1200008392,24.8799991608,0,24.8799991608
2007-11-21,27.7700004578,24.5499992371,26.2999992371,26.8400001526,0,26.8400001526
2007-11-23,26.4200000763,25.3500003815,26.4200000763,25.6100006104,0,25.6100006104
2007-11-26,28.9500007629,25.8400001526,26.4599990845,28.9099998474,0,28.9099998474
2007-11-27,28.2399997711,26.2299995422,28.1399993896,26.2800006866,0,26.2800006866
2007-11-28,25.1399993896,23.5499992371,25.1399993896,24.1100006104,0,24.1100006104
2007-11-29,24.6100006104,23.3500003815,24.5900001526,23.9699993134,0,23.9699993134
2007-11-30,23.3899993896,22.0,22.6700000763,22.8700008392,0,22.8700008392
2007-12-03,24.4899997711,23.3999996185,23.5900001526,23.6100006104,0,23.6100006104
2007-12-04,24.5900001526,23.3199996948,24.2999992371,23.7900009155,0,23.7900009155
2007-12-05,23.0300006866,21.8700008392,22.7199993134,22.5300006866,0,22.5300006866
2007-12-06,22.75,20.8700008392,22.6800003052,20.9599990845,0,20.9599990845
2007-12-07,21.0100002289,20.2900009155,20.6900005341,20.8500003815,0,20.8500003815
2007-12-10,21.4599990845,20.3600006104,21.1599998474,20.7399997711,0,20.7399997711
2007-12-11,23.7000007629,19.7700004578,20.6900005341,23.5900001526,0,23.5900001526
2007-12-12,24.2199993134,20.4899997711,20.8199996948,22.4699993134,0,22.4699993134
2007-12-13,24.0400009155,22.4099998474,23.5300006866,22.5599994659,0,22.5599994659
2007-12-14,23.5300006866,22.2600002289,23.5300006866,23.2700004578,0,23.2700004578
2007-12-17,24.8600006104,23.4200000763,24.1299991608,24.5200004578,0,24.5200004578
2007-12-18,24.6000003815,22.4099998474,23.7000007629,22.6399993896,0,22.6399993896
2007-12-19,22.6800003052,21.2999992371,22.6200008392,21.6800003052,0,21.6800003052
2007-12-20,21.6700000763,20.5799999237,21.0200004578,20.5799999237,0,20.5799999237
2007-12-21,19.8199996948,18.2800006866,19.8199996948,18.4699993134,0,18.4699993134
2007-12-24,19.4200000763,18.4799995422,19.0799999237,18.6000003815,0,18.6000003815
2007-12-26,19.4699993134,18.6000003815,19.3700008392,18.6599998474,0,18.6599998474
2007-12-27,20.5100002289,19.1499996185,19.1499996185,20.2600002289,0,20.2600002289
2007-12-28,21.0499992371,19.4400005341,19.5900001526,20.7399997711,0,20.7399997711
2007-12-31,22.75,21.7900009155,21.8700008392,22.5,0,22.5
2008-01-02,24.0499992371,22.3999996185,22.5799999237,23.1700000763,0,23.1700000763
2008-01-03,23.2700004578,22.1100006104,23.1100006104,22.4899997711,0,22.4899997711
2008-01-04,24.2999992371,23.25,23.5,23.9400005341,0,23.9400005341
2008-01-07,24.8799991608,23.2999992371,24.6200008392,23.7900009155,0,23.7900009155
2008-01-08,25.6000003815,22.6299991608,23.2700004578,25.4300003052,0,25.4300003052
2008-01-09,25.9500007629,23.8999996185,25.6100006104,24.1200008392,0,24.1200008392
2008-01-10,24.6100006104,22.6200008392,24.5599994659,23.4500007629,0,23.4500007629
2008-01-11,24.4099998474,23.2199993134,24.0400009155,23.6800003052,0,23.6800003052
2008-01-14,23.9300003052,22.6499996185,23.7600002289,22.8999996185,0,22.8999996185
2008-01-15,24.5900001526,22.9699993134,24.1000003815,23.3400001526,0,23.3400001526
2008-01-16,24.3799991608,22.8500003815,23.8999996185,24.3799991608,0,24.3799991608
2008-01-17,28.5100002289,23.8700008392,24.1100006104,28.4599990845,0,28.4599990845
2008-01-18,29.2999992371,26.2700004578,27.5499992371,27.1800003052,0,27.1800003052
2008-01-22,37.5699996948,29.7099990845,35.1199989319,31.0100002289,0,31.0100002289
2008-01-23,34.4199981689,28.4699993134,33.8400001526,29.0200004578,0,29.0200004578
2008-01-24,28.4799995422,27.0300006866,28.0699996948,27.7800006866,0,27.7800006866
2008-01-25,29.7600002289,25.9300003052,26.1900005341,29.0799999237,0,29.0799999237
2008-01-28,30.2600002289,27.5699996948,29.6700000763,27.7800006866,0,27.7800006866
2008-01-29,27.9599990845,26.5499992371,26.6100006104,27.3199996948,0,27.3199996948
2008-01-30,28.3400001526,24.7399997711,27.5300006866,27.6200008392,0,27.6200008392
2008-01-31,28.8099994659,25.4500007629,28.7800006866,26.2000007629,0,26.2000007629
2008-02-01,25.75,24.0200004578,25.6599998474,24.0200004578,0,24.0200004578
2008-02-04,26.0300006866,24.8500003815,25.0900001526,25.9899997711,0,25.9899997711
2008-02-05,28.4899997711,27.2000007629,27.2000007629,28.2399997711,0,28.2399997711
2008-02-06,29.3099994659,27.0400009155,27.75,28.9699993134,0,28.9699993134
2008-02-07,29.7000007629,26.7800006866,29.5100002289,27.6599998474,0,27.6599998474
2008-02-08,28.8899993896,27.2199993134,27.9799995422,28.0100002289,0,28.0100002289
2008-02-11,29.5699996948,27.3199996948,29.1399993896,27.6000003815,0,27.6000003815
2008-02-12,27.1700000763,25.25,26.5599994659,26.3299999237,0,26.3299999237
2008-02-13,26.0599994659,24.5699996948,25.6700000763,24.8799991608,0,24.8799991608
2008-02-14,25.6399993896,23.9799995422,24.6399993896,25.5400009155,0,25.5400009155
2008-02-15,25.6700000763,24.4500007629,25.5799999237,25.0200004578,0,25.0200004578
2008-02-19,26.5900001526,24.7299995422,25.3899993896,25.5900001526,0,25.5900001526
2008-02-20,26.9500007629,24.2099990845,25.6000003815,24.3999996185,0,24.3999996185
2008-02-21,25.4500007629,23.7399997711,24.4200000763,25.1200008392,0,25.1200008392
2008-02-22,25.9300003052,23.6200008392,24.9899997711,24.0599994659,0,24.0599994659
2008-02-25,25.0699996948,22.6900005341,24.0599994659,23.0300006866,0,23.0300006866
2008-02-26,23.4500007629,21.6399993896,23.4400005341,21.8999996185,0,21.8999996185
2008-02-27,23.0100002289,21.8299999237,21.8999996185,22.6900005341,0,22.6900005341
2008-02-28,23.7900009155,22.6900005341,22.6900005341,23.5300006866,0,23.5300006866
2008-02-29,26.9099998474,23.5400009155,23.5400009155,26.5400009155,0,26.5400009155
2008-03-03,28.1299991608,26.2700004578,27.5400009155,26.2800006866,0,26.2800006866
2008-03-04,27.4200000763,25.5100002289,27.1900005341,25.5200004578,0,25.5200004578
2008-03-05,25.7700004578,23.2999992371,25.5200004578,24.6000003815,0,24.6000003815
2008-03-06,27.8999996185,25.0400009155,25.4500007629,27.5499992371,0,27.5499992371
2008-03-07,29.2900009155,22.2900009155,28.5200004578,27.4899997711,0,27.4899997711
2008-03-10,29.7299995422,27.9200000763,28.1299991608,29.3799991608,0,29.3799991608
2008-03-11,28.6399993896,26.3500003815,27.25,26.3600006104,0,26.3600006104
2008-03-12,27.25,24.8999996185,26.3899993896,27.2199993134,0,27.2199993134
2008-03-13,29.6200008392,25.6499996185,27.2199993134,27.2900009155,0,27.2900009155
2008-03-14,32.8899993896,26.0200004578,27.3099994659,31.1599998474,0,31.1599998474
2008-03-17,35.5999984741,31.1000003815,35.1399993896,32.2400016785,0,32.2400016785
2008-03-18,32.2400016785,25.5799999237,32.2400016785,25.7900009155,0,25.7900009155
2008-03-19,29.9500007629,25.1599998474,25.7800006866,29.8400001526,0,29.8400001526
2008-03-20,29.8400001526,25.7999992371,29.8400001526,26.6200008392,0,26.6200008392
2008-03-24,27.0400009155,24.75,26.6399993896,25.7299995422,0,25.7299995422
2008-03-25,26.4200000763,25.1700000763,25.75,25.7199993134,0,25.7199993134
2008-03-26,26.8500003815,25.5100002289,25.75,26.0799999237,0,26.0799999237
2008-03-27,25.9799995422,24.9099998474,25.5499992371,25.8799991608,0,25.8799991608
2008-03-28,25.9599990845,25.0400009155,25.8099994659,25.7099990845,0,25.7099990845
2008-03-31,26.7700004578,25.3500003815,25.7099990845,25.6100006104,0,25.6100006104
2008-04-01,25.6100006104,22.5200004578,25.6100006104,22.6800003052,0,22.6800003052
2008-04-02,23.6499996185,22.3899993896,22.6399993896,23.4300003052,0,23.4300003052
2008-04-03,24.1499996185,23.0,23.8400001526,23.2099990845,0,23.2099990845
2008-04-04,23.3099994659,21.75,23.0,22.4500007629,0,22.4500007629
2008-04-07,22.7299995422,21.2099990845,22.4500007629,22.4200000763,0,22.4200000763
2008-04-08,23.1599998474,22.3600006104,22.4200000763,22.3600006104,0,22.3600006104
2008-04-09,23.5699996948,22.3600006104,22.3600006104,22.8099994659,0,22.8099994659
2008-04-10,23.2199993134,21.6299991608,22.7999992371,21.9799995422,0,21.9799995422
2008-04-11,23.5900001526,22.6499996185,23.0300006866,23.4599990845,0,23.4599990845
2008-04-14,24.3500003815,23.4599990845,23.4599990845,23.8199996948,0,23.8199996948
2008-04-15,23.9899997711,22.7199993134,23.8400001526,22.7800006866,0,22.7800006866
2008-04-16,22.0900001526,20.5,22.0300006866,20.5300006866,0,20.5300006866
2008-04-17,21.5400009155,20.3500003815,21.1299991608,20.3700008392,0,20.3700008392
2008-04-18,20.3700008392,19.2099990845,20.3700008392,20.1299991608,0,20.1299991608
2008-04-21,21.1200008392,20.1499996185,20.1499996185,20.5,0,20.5
2008-04-22,21.6000003815,20.4699993134,20.4699993134,20.8700008392,0,20.8700008392
2008-04-23,20.9500007629,19.8799991608,20.6299991608,20.2600002289,0,20.2600002289
2008-04-24,20.7700004578,19.2099990845,20.2600002289,20.0599994659,0,20.0599994659
2008-04-25,20.3600006104,19.2800006866,19.6000003815,19.5900001526,0,19.5900001526
2008-04-28,20.25,19.3700008392,20.1399993896,19.6399993896,0,19.6399993896
2008-04-29,20.5400009155,19.6299991608,19.8600006104,20.2399997711,0,20.2399997711
2008-04-30,20.8099994659,19.6900005341,20.2399997711,20.7900009155,0,20.7900009155
2008-05-01,20.8299999237,18.8700008392,20.7800006866,18.8799991608,0,18.8799991608
2008-05-02,19.1100006104,17.9699993134,18.8700008392,18.1800003052,0,18.1800003052
2008-05-05,19.2900009155,18.6800003052,18.6800003052,18.8999996185,0,18.8999996185
2008-05-06,19.5699996948,18.1100006104,18.8999996185,18.2099990845,0,18.2099990845
2008-05-07,19.9799995422,18.4200000763,18.4799995422,19.7299995422,0,19.7299995422
2008-05-08,19.9200000763,18.6200008392,19.7299995422,19.3999996185,0,19.3999996185
2008-05-09,20.0100002289,19.2999992371,19.9799995422,19.4099998474,0,19.4099998474
2008-05-12,19.4799995422,16.9200000763,19.1700000763,17.7900009155,0,17.7900009155
2008-05-13,18.6299991608,17.7600002289,17.7900009155,17.9799995422,0,17.9799995422
2008-05-14,17.9799995422,16.7399997711,17.9799995422,17.6599998474,0,17.6599998474
2008-05-15,17.8400001526,16.25,17.6499996185,16.2999992371,0,16.2999992371
2008-05-16,17.9200000763,16.2999992371,16.2999992371,16.4699993134,0,16.4699993134
2008-05-19,17.8899993896,15.8199996948,16.4699993134,17.0100002289,0,17.0100002289
2008-05-20,18.4200000763,17.0200004578,17.0200004578,17.5799999237,0,17.5799999237
2008-05-21,18.8899993896,17.0100002289,17.6399993896,18.5900001526,0,18.5900001526
2008-05-22,19.1100006104,17.8199996948,18.9200000763,18.0499992371,0,18.0499992371
2008-05-23,19.7999992371,18.3799991608,18.5799999237,19.5499992371,0,19.5499992371
2008-05-27,20.9500007629,19.4200000763,20.7800006866,19.6399993896,0,19.6399993896
2008-05-28,20.0300006866,19.0100002289,19.6399993896,19.0699996948,0,19.0699996948
2008-05-29,19.1700000763,17.5400009155,19.0799999237,18.1399993896,0,18.1399993896
2008-05-30,18.2099990845,17.5599994659,18.1399993896,17.8299999237,0,17.8299999237
2008-06-02,20.4500007629,17.8299999237,17.8299999237,19.8299999237,0,19.8299999237
2008-06-03,21.0,18.8899993896,19.7999992371,20.2399997711,0,20.2399997711
2008-06-04,21.3099994659,19.7600002289,20.6399993896,20.7999992371,0,20.7999992371
2008-06-05,20.5900001526,18.6200008392,20.5400009155,18.6299991608,0,18.6299991608
2008-06-06,23.7900009155,18.6299991608,18.6299991608,23.5599994659,0,23.5599994659
2008-06-09,24.4699993134,20.7800006866,23.5599994659,23.1200008392,0,23.1200008392
2008-06-10,24.4200000763,22.3099994659,24.3700008392,23.1800003052,0,23.1800003052
2008-06-11,24.2999992371,22.8600006104,23.4400005341,24.1200008392,0,24.1200008392
2008-06-12,23.9799995422,21.9099998474,23.6100006104,23.3299999237,0,23.3299999237
2008-06-13,23.1399993896,21.0400009155,23.0200004578,21.2199993134,0,21.2199993134
2008-06-16,22.8400001526,20.7299995422,21.2199993134,20.9500007629,0,20.9500007629
2008-06-17,21.4200000763,20.0200004578,20.9599990845,21.1299991608,0,21.1299991608
2008-06-18,22.8600006104,21.2600002289,21.6700000763,22.2399997711,0,22.2399997711
2008-06-19,22.6100006104,20.9099998474,22.2399997711,21.5799999237,0,21.5799999237
2008-06-20,23.7000007629,21.5799999237,21.5799999237,22.8700008392,0,22.8700008392
2008-06-23,23.1399993896,22.5200004578,22.8899993896,22.6399993896,0,22.6399993896
2008-06-24,23.4799995422,21.6800003052,22.6900005341,22.4200000763,0,22.4200000763
2008-06-25,22.4200000763,20.3400001526,22.4200000763,21.1399993896,0,21.1399993896
2008-06-26,23.9899997711,22.1499996185,22.2299995422,23.9300003052,0,23.9300003052
2008-06-27,24.5599994659,23.2999992371,23.75,23.4400005341,0,23.4400005341
2008-06-30,24.2600002289,23.2700004578,24.25,23.9500007629,0,23.9500007629
2008-07-01,25.5699996948,23.6399993896,25.1399993896,23.6499996185,0,23.6499996185
2008-07-02,25.9599990845,22.7000007629,23.3999996185,25.9200000763,0,25.9200000763
2008-07-03,26.0799999237,24.4400005341,25.9200000763,24.7800006866,0,24.7800006866
2008-07-07,26.9099998474,24.7299995422,25.4799995422,25.7800006866,0,25.7800006866
2008-07-08,26.0499992371,23.0200004578,25.7199993134,23.1499996185,0,23.1499996185
2008-07-09,25.3899993896,22.5900001526,23.1599998474,25.2299995422,0,25.2299995422
2008-07-10,26.6200008392,25.0699996948,25.2199993134,25.5900001526,0,25.5900001526
2008-07-11,29.4400005341,25.5599994659,25.5599994659,27.4899997711,0,27.4899997711
2008-07-14,29.2999992371,26.8999996185,27.4899997711,28.4799995422,0,28.4799995422
2008-07-15,30.8099994659,27.0100002289,28.4699993134,28.5400009155,0,28.5400009155
2008-07-16,28.3199996948,24.8700008392,28.1900005341,25.1000003815,0,25.1000003815
2008-07-17,25.5,23.9899997711,24.5799999237,25.0100002289,0,25.0100002289
2008-07-18,25.1900005341,23.7800006866,25.0100002289,24.0499992371,0,24.0499992371
2008-07-21,24.5799999237,23.0400009155,24.0499992371,23.0499992371,0,23.0499992371
2008-07-22,24.0799999237,21.0499992371,24.0200004578,21.1800003052,0,21.1800003052
2008-07-23,22.0799999237,20.7299995422,21.2299995422,21.3099994659,0,21.3099994659
2008-07-24,23.6100006104,21.3099994659,21.3099994659,23.4400005341,0,23.4400005341
2008-07-25,23.4500007629,22.3099994659,23.4500007629,22.9099998474,0,22.9099998474
2008-07-28,24.6200008392,22.9099998474,22.9099998474,24.2299995422,0,24.2299995422
2008-07-29,24.2199993134,21.9599990845,24.2000007629,22.0300006866,0,22.0300006866
2008-07-30,22.3099994659,20.9899997711,22.0300006866,21.2099990845,0,21.2099990845
2008-07-31,22.9599990845,21.4500007629,22.3299999237,22.9400005341,0,22.9400005341
2008-08-01,23.3700008392,22.3500003815,22.6599998474,22.5699996948,0,22.5699996948
2008-08-04,23.8600006104,22.9400005341,23.5300006866,23.4899997711,0,23.4899997711
2008-08-05,22.9899997711,20.0599994659,22.9899997711,21.1399993896,0,21.1399993896
2008-08-06,21.6599998474,19.75,21.6599998474,20.2299995422,0,20.2299995422
2008-08-07,21.4599990845,20.2299995422,20.2299995422,21.1499996185,0,21.1499996185
2008-08-08,21.6900005341,20.1100006104,21.1499996185,20.6599998474,0,20.6599998474
2008-08-11,20.9599990845,19.6599998474,20.6599998474,20.1200008392,0,20.1200008392
2008-08-12,21.5100002289,20.3799991608,20.6399993896,21.1700000763,0,21.1700000763
2008-08-13,22.1100006104,20.7999992371,21.5699996948,21.5499992371,0,21.5499992371
2008-08-14,22.2999992371,20.0699996948,22.2999992371,20.3400001526,0,20.3400001526
2008-08-15,20.6499996185,19.5699996948,20.2399997711,19.5799999237,0,19.5799999237
2008-08-18,21.4400005341,19.5799999237,19.5799999237,20.9799995422,0,20.9799995422
2008-08-19,22.1399993896,21.2800006866,21.7600002289,21.2800006866,0,21.2800006866
2008-08-20,21.6700000763,20.3899993896,21.2999992371,20.4200000763,0,20.4200000763
2008-08-21,21.0799999237,18.9400005341,20.4300003052,19.8199996948,0,19.8199996948
2008-08-22,19.8299999237,18.6399993896,19.8299999237,18.8099994659,0,18.8099994659
2008-08-25,21.2199993134,18.7800006866,18.7800006866,20.9699993134,0,20.9699993134
2008-08-26,21.2700004578,20.4799995422,20.9799995422,20.4899997711,0,20.4899997711
2008-08-27,20.6700000763,19.5300006866,20.4799995422,19.7600002289,0,19.7600002289
2008-08-28,19.6599998474,19.2199993134,19.3600006104,19.4300003052,0,19.4300003052
2008-08-29,20.7099990845,19.4300003052,19.4300003052,20.6499996185,0,20.6499996185
2008-09-02,22.2999992371,20.4699993134,20.6499996185,21.9899997711,0,21.9899997711
2008-09-03,22.2999992371,21.3899993896,21.9899997711,21.4300003052,0,21.4300003052
2008-09-04,24.1499996185,21.9099998474,22.0200004578,24.0300006866,0,24.0300006866
2008-09-05,24.7099990845,22.9699993134,24.5400009155,23.0599994659,0,23.0599994659
2008-09-08,24.0599994659,22.1200008392,22.2199993134,22.6399993896,0,22.6399993896
2008-09-09,25.6800003052,22.5799999237,22.6900005341,25.4699993134,0,25.4699993134
2008-09-10,25.4799995422,23.7999992371,25.4699993134,24.5200004578,0,24.5200004578
2008-09-11,26.25,24.3899993896,25.3799991608,24.3899993896,0,24.3899993896
2008-09-12,26.6700000763,24.7999992371,24.7999992371,25.6599998474,0,25.6599998474
2008-09-15,31.8700008392,25.6599998474,25.6599998474,31.7000007629,0,31.7000007629
2008-09-16,33.7000007629,30.2399997711,31.7000007629,30.2999992371,0,30.2999992371
2008-09-17,36.4000015259,30.25,31.9599990845,36.2200012207,0,36.2200012207
2008-09-18,42.1599998474,33.0999984741,36.0999984741,33.0999984741,0,33.0999984741
2008-09-19,33.0800018311,27.9500007629,33.0699996948,32.0699996948,0,32.0699996948
2008-09-22,34.2200012207,30.8099994659,32.4000015259,33.8499984741,0,33.8499984741
2008-09-23,36.0800018311,32.6300010681,33.8499984741,35.7200012207,0,35.7200012207
2008-09-24,36.7099990845,34.1599998474,35.7000007629,35.1899986267,0,35.1899986267
2008-09-25,35.1899986267,32.4500007629,35.1899986267,32.8199996948,0,32.8199996948
2008-09-26,36.4000015259,32.8199996948,32.8199996948,34.7400016785,0,34.7400016785
2008-09-29,48.4000015259,36.9199981689,36.9199981689,46.7200012207,0,46.7200012207
2008-09-30,43.7999992371,38.8600006104,43.7700004578,39.3899993896,0,39.3899993896
2008-10-01,42.3800010681,39.3899993896,39.3899993896,39.8100013733,0,39.8100013733
2008-10-02,46.4799995422,39.8199996948,39.8199996948,45.2599983215,0,45.2599983215
2008-10-03,45.5200004578,41.5099983215,45.2200012207,45.1399993896,0,45.1399993896
2008-10-06,58.2400016785,45.1199989319,45.1199989319,52.0499992371,0,52.0499992371
2008-10-07,54.1899986267,47.0299987793,52.0499992371,53.6800003052,0,53.6800003052
2008-10-08,59.0600013733,51.9000015259,53.6800003052,57.5299987793,0,57.5299987793
2008-10-09,64.9199981689,52.5400009155,57.5699996948,63.9199981689,0,63.9199981689
2008-10-10,76.9400024414,65.6299972534,65.8499984741,69.9499969482,0,69.9499969482
2008-10-13,71.4199981689,54.6899986267,69.9499969482,54.9900016785,0,54.9900016785
2008-10-14,59.8100013733,46.3499984741,55.0999984741,55.1300010681,0,55.1300010681
2008-10-15,69.4700012207,55.6899986267,55.6899986267,69.25,0,69.25
2008-10-16,81.1699981689,66.5100021362,69.2099990845,67.6100006104,0,67.6100006104
2008-10-17,74.4800033569,59.8199996948,67.6500015259,70.3300018311,0,70.3300018311
2008-10-20,70.4000015259,52.7000007629,70.4000015259,52.9700012207,0,52.9700012207
2008-10-21,56.3699989319,50.9099998474,52.9500007629,53.1100006104,0,53.1100006104
2008-10-22,72.5599975586,60.0499992371,63.1199989319,69.6500015259,0,69.6500015259
2008-10-23,79.4300003052,64.4300003052,68.0299987793,67.8000030518,0,67.8000030518
2008-10-24,89.5299987793,67.8000030518,67.8000030518,79.1299972534,0,79.1299972534
2008-10-27,81.6500015259,65.9000015259,79.1299972534,80.0599975586,0,80.0599975586
2008-10-28,78.9800033569,65.6600036621,73.3000030518,66.9599990845,0,66.9599990845
2008-10-29,71.1399993896,62.7200012207,66.9599990845,69.9599990845,0,69.9599990845
2008-10-30,69.8300018311,62.6699981689,69.8300018311,62.9000015259,0,62.9000015259
2008-10-31,65.8499984741,56.7299995422,62.9300003052,59.8899993896,0,59.8899993896
2008-11-03,60.7700004578,53.6300010681,60.1699981689,53.6800003052,0,53.6800003052
2008-11-04,53.6800003052,44.25,53.6800003052,47.7299995422,0,47.7299995422
2008-11-05,55.6199989319,46.8699989319,47.7299995422,54.5600013733,0,54.5600013733
2008-11-06,64.7799987793,55.5999984741,56.7099990845,63.6800003052,0,63.6800003052
2008-11-07,63.6800003052,56.0299987793,63.6800003052,56.0999984741,0,56.0999984741
2008-11-10,62.0900001526,54.6300010681,56.0900001526,59.9799995422,0,59.9799995422
2008-11-11,64.7300033569,58.5800018311,59.9799995422,61.4399986267,0,61.4399986267
2008-11-12,67.1900024414,61.5200004578,61.5200004578,66.4599990845,0,66.4599990845
2008-11-13,69.9899978638,58.6599998474,66.4499969482,59.8300018311,0,59.8300018311
2008-11-14,66.3099975586,59.75,62.5999984741,66.3099975586,0,66.3099975586
2008-11-17,69.5899963379,65.0999984741,69.5699996948,69.1500015259,0,69.1500015259
2008-11-18,73.1299972534,67.1800003052,70.0899963379,67.6399993896,0,67.6399993896
2008-11-19,75.0,67.3399963379,68.4599990845,74.2600021362,0,74.2600021362
2008-11-20,81.4800033569,72.7600021362,74.2600021362,80.8600006104,0,80.8600006104
2008-11-21,80.7399978638,71.6299972534,80.7399978638,72.6699981689,0,72.6699981689
2008-11-24,71.3499984741,61.8100013733,71.1900024414,64.6999969482,0,64.6999969482
2008-11-25,65.4899978638,60.25,64.7600021362,60.9000015259,0,60.9000015259
2008-11-26,62.5,54.6199989319,60.9000015259,54.9199981689,0,54.9199981689
2008-11-28,56.8199996948,50.5,56.0200004578,55.2799987793,0,55.2799987793
2008-12-01,68.5999984741,60.3600006104,60.4700012207,68.5100021362,0,68.5100021362
2008-12-02,67.0100021362,62.3100013733,66.6800003052,62.9799995422,0,62.9799995422
2008-12-03,65.3700027466,60.1800003052,62.9799995422,60.7200012207,0,60.7200012207
2008-12-04,65.0800018311,60.2099990845,62.1899986267,63.6399993896,0,63.6399993896
2008-12-05,66.5400009155,59.2599983215,63.6399993896,59.9300003052,0,59.9300003052
2008-12-08,59.8699989319,57.3499984741,58.8600006104,58.4900016785,0,58.4900016785
2008-12-09,59.5699996948,56.3699989319,59.4799995422,58.9099998474,0,58.9099998474
2008-12-10,58.9099998474,53.7900009155,58.9099998474,55.7299995422,0,55.7299995422
2008-12-11,56.4399986267,52.9399986267,55.0800018311,55.7799987793,0,55.7799987793
2008-12-12,58.8400001526,54.2599983215,55.7799987793,54.2799987793,0,54.2799987793
2008-12-15,58.4900016785,55.6800003052,55.6800003052,56.7599983215,0,56.7599983215
2008-12-16,56.7599983215,50.9099998474,56.7599983215,52.3699989319,0,52.3699989319
2008-12-17,52.1899986267,49.3600006104,52.0,49.8400001526,0,49.8400001526
2008-12-18,49.8400001526,44.5,49.8400001526,47.3400001526,0,47.3400001526
2008-12-19,46.0099983215,41.2900009155,46.0099983215,44.9300003052,0,44.9300003052
2008-12-22,46.6899986267,42.75,44.9300003052,44.5600013733,0,44.5600013733
2008-12-23,45.3899993896,41.6800003052,43.1899986267,45.0200004578,0,45.0200004578
2008-12-24,45.0200004578,44.1500015259,45.0200004578,44.2099990845,0,44.2099990845
2008-12-26,44.3600006104,42.9199981689,44.2700004578,43.3800010681,0,43.3800010681
2008-12-29,46.2400016785,42.1599998474,43.3499984741,43.9000015259,0,43.9000015259
2008-12-30,44.2900009155,41.6300010681,43.9900016785,41.6300010681,0,41.6300010681
2008-12-31,41.6300010681,37.9599990845,41.6300010681,40.0,0,40.0
2009-01-02,39.8199996948,36.8800010681,39.5800018311,39.1899986267,0,39.1899986267
2009-01-05,40.2200012207,38.2999992371,39.2400016785,39.0800018311,0,39.0800018311
2009-01-06,39.3300018311,37.3400001526,38.0600013733,38.5600013733,0,38.5600013733
2009-01-07,43.8199996948,40.1199989319,40.2900009155,43.3899993896,0,43.3899993896
2009-01-08,44.5999984741,42.5600013733,43.3800010681,42.5600013733,0,42.5600013733
2009-01-09,43.1300010681,41.0499992371,41.1800003052,42.8199996948,0,42.8199996948
2009-01-12,46.6199989319,41.9399986267,42.0600013733,45.8400001526,0,45.8400001526
2009-01-13,47.0800018311,43.2299995422,45.8400001526,43.2700004578,0,43.2700004578
2009-01-14,51.5499992371,46.1399993896,46.2400016785,49.1399993896,0,49.1399993896
2009-01-15,55.1599998474,49.1399993896,49.1399993896,51.0,0,51.0
2009-01-16,51.0,45.9599990845,51.0,46.1100006104,0,46.1100006104
2009-01-20,57.3600006104,49.2700004578,50.1199989319,56.6500015259,0,56.6500015259
2009-01-21,54.1199989319,46.1500015259,51.5200004578,46.4199981689,0,46.4199981689
2009-01-22,51.7599983215,46.5099983215,50.6500015259,47.2900009155,0,47.2900009155
2009-01-23,51.1100006104,46.4300003052,50.3899993896,47.2700004578,0,47.2700004578
2009-01-26,47.9300003052,44.2900009155,47.8899993896,45.6899986267,0,45.6899986267
2009-01-27,45.9300003052,42.2000007629,45.1100006104,42.25,0,42.25
2009-01-28,42.25,38.0900001526,42.25,39.6599998474,0,39.6599998474
2009-01-29,43.0299987793,41.1199989319,41.3400001526,42.6300010681,0,42.6300010681
2009-01-30,45.5299987793,42.0900001526,42.6300010681,44.8400001526,0,44.8400001526
2009-02-02,49.5400009155,45.2599983215,49.4199981689,45.5200004578,0,45.5200004578
2009-02-03,45.5200004578,42.4300003052,45.5200004578,43.0600013733,0,43.0600013733
2009-02-04,44.5200004578,41.3899993896,43.0600013733,43.8499984741,0,43.8499984741
2009-02-05,46.2299995422,42.3199996948,43.8300018311,43.7299995422,0,43.7299995422
2009-02-06,43.7099990845,41.2000007629,43.7099990845,43.3699989319,0,43.3699989319
2009-02-09,45.4500007629,43.0400009155,45.4000015259,43.6399993896,0,43.6399993896
2009-02-10,48.1199989319,44.1800003052,45.1399993896,46.6699981689,0,46.6699981689
2009-02-11,46.6699981689,44.5,46.6699981689,44.5299987793,0,44.5299987793
2009-02-12,47.5800018311,41.2099990845,44.5200004578,41.25,0,41.25
2009-02-13,43.0200004578,40.7299995422,41.5999984741,42.9300003052,0,42.9300003052
2009-02-17,51.1800003052,46.9599990845,48.1399993896,48.6599998474,0,48.6599998474
2009-02-18,50.2900009155,46.0,48.6599998474,48.4599990845,0,48.4599990845
2009-02-19,48.5400009155,44.8100013733,48.5400009155,47.0800018311,0,47.0800018311
2009-02-20,52.0400009155,47.0800018311,47.0800018311,49.2999992371,0,49.2999992371
2009-02-23,53.1599998474,48.9700012207,49.2999992371,52.6199989319,0,52.6199989319
2009-02-24,52.5600013733,44.2799987793,52.5,45.4900016785,0,45.4900016785
2009-02-25,47.2299995422,42.8400001526,45.7299995422,44.6699981689,0,44.6699981689
2009-02-26,45.3300018311,41.9099998474,43.75,44.6599998474,0,44.6599998474
2009-02-27,47.3400001526,44.4599990845,44.6599998474,46.3499984741,0,46.3499984741
2009-03-02,53.25,48.3499984741,49.9599990845,52.6500015259,0,52.6500015259
2009-03-03,52.7599983215,48.5,52.6500015259,50.9300003052,0,50.9300003052
2009-03-04,48.8300018311,45.0200004578,48.0200004578,47.5600013733,0,47.5600013733
2009-03-05,51.9500007629,46.9799995422,47.5600013733,50.1699981689,0,50.1699981689
2009-03-06,51.9500007629,47.6500015259,50.1699981689,49.3300018311,0,49.3300018311
2009-03-09,51.3400001526,48.4000015259,49.3499984741,49.6800003052,0,49.6800003052
2009-03-10,49.6800003052,43.8800010681,49.6800003052,44.3699989319,0,44.3699989319
2009-03-11,44.2599983215,42.3600006104,43.3499984741,43.6100006104,0,43.6100006104
2009-03-12,43.9799995422,40.75,43.5299987793,41.1800003052,0,41.1800003052
2009-03-13,43.5200004578,40.0299987793,40.9900016785,42.3600006104,0,42.3600006104
2009-03-16,44.2299995422,42.3600006104,42.3600006104,43.7400016785,0,43.7400016785
2009-03-17,44.5900001526,40.7400016785,44.2299995422,40.7999992371,0,40.7999992371
2009-03-18,42.3899993896,38.9799995422,41.1399993896,40.0600013733,0,40.0600013733
2009-03-19,44.1699981689,38.7900009155,40.0600013733,43.6800003052,0,43.6800003052
2009-03-20,47.6300010681,43.0699996948,43.5999984741,45.8899993896,0,45.8899993896
2009-03-23,45.8899993896,41.2700004578,45.8899993896,43.2299995422,0,43.2299995422
2009-03-24,44.0,41.6300010681,43.2400016785,42.9300003052,0,42.9300003052
2009-03-25,44.2000007629,40.8100013733,42.3499984741,42.25,0,42.25
2009-03-26,42.25,40.1699981689,42.25,40.3600006104,0,40.3600006104
2009-03-27,42.1300010681,40.3600006104,40.3600006104,41.0400009155,0,41.0400009155
2009-03-30,46.2799987793,44.8600006104,44.8600006104,45.5400009155,0,45.5400009155
2009-03-31,45.5400009155,42.2700004578,45.5400009155,44.1399993896,0,44.1399993896
2009-04-01,45.5999984741,42.2599983215,45.4199981689,42.2799987793,0,42.2799987793
2009-04-02,42.6800003052,40.2999992371,42.2799987793,42.0400009155,0,42.0400009155
2009-04-03,42.0299987793,39.6399993896,42.0299987793,39.7000007629,0,39.7000007629
2009-04-06,43.0200004578,40.8300018311,41.9599990845,40.9300003052,0,40.9300003052
2009-04-07,42.5,40.3600006104,41.4799995422,40.3899993896,0,40.3899993896
2009-04-08,40.8600006104,38.7000007629,40.3899993896,38.8499984741,0,38.8499984741
2009-04-09,37.7400016785,36.5299987793,37.2200012207,36.5299987793,0,36.5299987793
2009-04-13,38.9099998474,37.5099983215,38.3199996948,37.8100013733,0,37.8100013733
2009-04-14,38.5,36.8800010681,37.9500007629,37.6699981689,0,37.6699981689
2009-04-15,38.0600013733,36.0999984741,37.8499984741,36.1699981689,0,36.1699981689
2009-04-16,36.7999992371,34.8800010681,36.0400009155,35.7900009155,0,35.7900009155
2009-04-17,35.5200004578,33.6800003052,35.3600006104,33.9399986267,0,33.9399986267
2009-04-20,39.5800018311,33.9399986267,33.9399986267,39.1800003052,0,39.1800003052
2009-04-21,40.2900009155,36.9500007629,40.2700004578,37.1399993896,0,37.1399993896
2009-04-22,38.1899986267,36.0099983215,37.1399993896,38.0999984741,0,38.0999984741
2009-04-23,38.5200004578,37.0099983215,38.0999984741,37.1500015259,0,37.1500015259
2009-04-24,37.5299987793,36.3699989319,36.8600006104,36.8199996948,0,36.8199996948
2009-04-27,39.5200004578,37.9700012207,39.4599990845,38.3199996948,0,38.3199996948
2009-04-28,39.6399993896,37.4199981689,39.4300003052,37.9500007629,0,37.9500007629
2009-04-29,37.9500007629,35.3699989319,37.9500007629,36.0800018311,0,36.0800018311
2009-04-30,36.7099990845,34.5,36.0900001526,36.5,0,36.5
2009-05-01,36.8800010681,34.8800010681,36.5,35.2999992371,0,35.2999992371
2009-05-04,36.2400016785,34.3100013733,35.2999992371,34.5299987793,0,34.5299987793
2009-05-05,35.1399993896,33.3600006104,34.5400009155,33.3600006104,0,33.3600006104
2009-05-06,33.7000007629,32.4300003052,33.3600006104,32.4500007629,0,32.4500007629
2009-05-07,34.5600013733,31.9099998474,32.0999984741,33.4399986267,0,33.4399986267
2009-05-08,32.7200012207,31.1900005341,32.3600006104,32.0499992371,0,32.0499992371
2009-05-11,34.0800018311,32.0499992371,32.0499992371,32.8699989319,0,32.8699989319
2009-05-12,33.2900009155,31.5699996948,32.6800003052,31.7999992371,0,31.7999992371
2009-05-13,33.9900016785,32.5600013733,32.9700012207,33.6500015259,0,33.6500015259
2009-05-14,33.9599990845,31.3199996948,33.6500015259,31.3700008392,0,31.3700008392
2009-05-15,33.6100006104,30.5900001526,31.3600006104,33.1199989319,0,33.1199989319
2009-05-18,32.9099998474,30.0,32.9099998474,30.2399997711,0,30.2399997711
2009-05-19,30.3199996948,28.3500003815,30.2299995422,28.7999992371,0,28.7999992371
2009-05-20,29.1599998474,26.5699996948,27.4699993134,29.0300006866,0,29.0300006866
2009-05-21,32.7700004578,29.0300006866,29.0300006866,31.3500003815,0,31.3500003815
2009-05-22,32.7099990845,30.5699996948,31.3600006104,32.6300010681,0,32.6300010681
2009-05-26,34.5699996948,30.3799991608,34.5699996948,30.6200008392,0,30.6200008392
2009-05-27,32.5299987793,29.6200008392,30.7999992371,32.3600006104,0,32.3600006104
2009-05-28,33.3199996948,31.1000003815,31.5400009155,31.6700000763,0,31.6700000763
2009-05-29,31.6700000763,28.8500003815,31.6700000763,28.9200000763,0,28.9200000763
2009-06-01,30.0499992371,28.4500007629,28.7000007629,30.0400009155,0,30.0400009155
2009-06-02,30.1299991608,28.2999992371,30.0400009155,29.6299991608,0,29.6299991608
2009-06-03,31.7900009155,29.6200008392,29.6200008392,31.0200004578,0,31.0200004578
2009-06-04,31.0200004578,29.9200000763,31.0200004578,30.1800003052,0,30.1800003052
2009-06-05,30.8099994659,28.8500003815,29.3899993896,29.6200008392,0,29.6200008392
2009-06-08,31.8199996948,29.3299999237,30.8799991608,29.7700004578,0,29.7700004578
2009-06-09,29.7700004578,27.7900009155,29.7700004578,28.2700004578,0,28.2700004578
2009-06-10,29.7399997711,26.8999996185,26.8999996185,28.4599990845,0,28.4599990845
2009-06-11,28.1100006104,26.8099994659,27.3600006104,28.1100006104,0,28.1100006104
2009-06-12,28.5,27.7299995422,28.0799999237,28.1499996185,0,28.1499996185
2009-06-15,31.0900001526,29.6399993896,29.7000007629,30.8099994659,0,30.8099994659
2009-06-16,32.75,30.0699996948,30.8099994659,32.6800003052,0,32.6800003052
2009-06-17,32.7700004578,30.6399993896,31.1900005341,31.5400009155,0,31.5400009155
2009-06-18,31.5400009155,29.6000003815,31.5400009155,30.0300006866,0,30.0300006866
2009-06-19,29.3199996948,27.5599994659,29.1599998474,27.9899997711,0,27.9899997711
2009-06-22,32.0499992371,30.2999992371,30.3999996185,31.1700000763,0,31.1700000763
2009-06-23,31.5400009155,30.1900005341,31.2999992371,30.5799999237,0,30.5799999237
2009-06-24,30.5799999237,28.7900009155,30.5799999237,29.0499992371,0,29.0499992371
2009-06-25,29.5599994659,26.2999992371,29.4500007629,26.3600006104,0,26.3600006104
2009-06-26,27.2199993134,25.7600002289,27.0900001526,25.9300003052,0,25.9300003052
2009-06-29,27.1800003052,25.2900009155,25.9300003052,25.3500003815,0,25.3500003815
2009-06-30,27.3799991608,25.0200004578,25.3600006104,26.3500003815,0,26.3500003815
2009-07-01,26.3099994659,24.7999992371,25.7299995422,26.2199993134,0,26.2199993134
2009-07-02,28.6200008392,26.2199993134,26.2199993134,27.9500007629,0,27.9500007629
2009-07-06,30.6000003815,28.9899997711,30.3199996948,29.0,0,29.0
2009-07-07,30.9400005341,28.8999996185,29.0,30.8500003815,0,30.8500003815
2009-07-08,33.0499992371,30.4300003052,30.8500003815,31.2999992371,0,31.2999992371
2009-07-09,30.4899997711,29.2800006866,30.2299995422,29.7800006866,0,29.7800006866
2009-07-10,30.3400001526,28.8199996948,29.7800006866,29.0200004578,0,29.0200004578
2009-07-13,29.2399997711,25.4200000763,28.3600006104,26.3099994659,0,26.3099994659
2009-07-14,26.8400001526,24.9899997711,26.3099994659,25.0200004578,0,25.0200004578
2009-07-15,26.0599994659,23.8299999237,25.0499992371,25.8899993896,0,25.8899993896
2009-07-16,26.1800003052,24.5100002289,25.9599990845,25.4200000763,0,25.4200000763
2009-07-17,25.5499992371,23.8799991608,25.4200000763,24.3400001526,0,24.3400001526
2009-07-20,25.4200000763,24.2600002289,25.0599994659,24.3999996185,0,24.3999996185
2009-07-21,25.1399993896,23.8099994659,24.2800006866,23.8700008392,0,23.8700008392
2009-07-22,24.1399993896,23.2399997711,24.0499992371,23.4699993134,0,23.4699993134
2009-07-23,24.0499992371,23.2099990845,23.7099990845,23.4300003052,0,23.4300003052
2009-07-24,23.8700008392,23.0,23.8700008392,23.0900001526,0,23.0900001526
2009-07-27,24.8600006104,24.0200004578,24.0599994659,24.2800006866,0,24.2800006866
2009-07-28,25.6100006104,24.2800006866,24.2800006866,25.0100002289,0,25.0100002289
2009-07-29,26.1800003052,25.4099998474,25.4699993134,25.6100006104,0,25.6100006104
2009-07-30,25.7600002289,24.8500003815,25.3999996185,25.3999996185,0,25.3999996185
2009-07-31,26.2199993134,24.9300003052,25.3999996185,25.9200000763,0,25.9200000763
2009-08-03,26.4899997711,25.5599994659,25.9200000763,25.5599994659,0,25.5599994659
2009-08-04,26.1599998474,24.8899993896,25.5499992371,24.8899993896,0,24.8899993896
2009-08-05,25.8500003815,24.8600006104,24.9099998474,24.8999996185,0,24.8999996185
2009-08-06,26.1499996185,24.4699993134,24.8999996185,25.6700000763,0,25.6700000763
2009-08-07,24.9500007629,23.9799995422,24.7099990845,24.7600002289,0,24.7600002289
2009-08-10,25.8199996948,24.7600002289,24.7600002289,24.9899997711,0,24.9899997711
2009-08-11,26.9799995422,24.9799995422,24.9799995422,25.9899997711,0,25.9899997711
2009-08-12,26.5,25.1100006104,25.9899997711,25.4500007629,0,25.4500007629
2009-08-13,26.1499996185,24.7099990845,25.3400001526,24.7099990845,0,24.7099990845
2009-08-14,25.9400005341,24.2600002289,24.7700004578,24.2700004578,0,24.2700004578
2009-08-17,28.3899993896,24.2700004578,24.2700004578,27.8899993896,0,27.8899993896
2009-08-18,27.8899993896,26.0799999237,27.8899993896,26.1800003052,0,26.1800003052
2009-08-19,28.1399993896,26.1399993896,28.0799999237,26.2600002289,0,26.2600002289
2009-08-20,26.4500007629,24.75,26.4500007629,25.0900001526,0,25.0900001526
2009-08-21,25.0599994659,23.9099998474,24.4899997711,25.0100002289,0,25.0100002289
2009-08-24,25.7000007629,25.0100002289,25.0100002289,25.1399993896,0,25.1399993896
2009-08-25,25.1299991608,23.6800003052,25.1299991608,24.9200000763,0,24.9200000763
2009-08-26,25.5599994659,24.6900005341,24.9099998474,24.9500007629,0,24.9500007629
2009-08-27,25.8899993896,24.4300003052,25.1299991608,24.6800003052,0,24.6800003052
2009-08-28,25.5,24.2800006866,24.4400005341,24.7600002289,0,24.7600002289
2009-08-31,27.0100002289,24.7600002289,24.7600002289,26.0100002289,0,26.0100002289
2009-09-01,29.2299995422,26.0,26.0100002289,29.1499996185,0,29.1499996185
2009-09-02,29.5699996948,28.4099998474,29.1399993896,28.8999996185,0,28.8999996185
2009-09-03,28.8999996185,26.9799995422,28.8999996185,27.1000003815,0,27.1000003815
2009-09-04,26.9799995422,24.8600006104,26.9799995422,25.2600002289,0,25.2600002289
2009-09-08,26.1499996185,25.2600002289,25.2600002289,25.6200008392,0,25.6200008392
2009-09-09,25.9300003052,24.2299995422,25.6599998474,24.3199996948,0,24.3199996948
2009-09-10,24.7600002289,22.8199996948,24.3999996185,23.5499992371,0,23.5499992371
2009-09-11,24.3299999237,22.4799995422,23.4899997711,24.1499996185,0,24.1499996185
2009-09-14,25.3899993896,23.3199996948,25.3899993896,23.8600006104,0,23.8600006104
2009-09-15,24.2700004578,23.0699996948,23.8999996185,23.4200000763,0,23.4200000763
2009-09-16,23.9200000763,22.7800006866,23.2900009155,23.6900005341,0,23.6900005341
2009-09-17,24.0699996948,22.7900009155,23.9899997711,23.6499996185,0,23.6499996185
2009-09-18,24.4300003052,23.1399993896,23.6499996185,23.9200000763,0,23.9200000763
2009-09-21,25.5100002289,23.7099990845,25.3400001526,24.0599994659,0,24.0599994659
2009-09-22,23.9799995422,23.0599994659,23.8099994659,23.0799999237,0,23.0799999237
2009-09-23,23.6900005341,22.1900005341,22.8999996185,23.4899997711,0,23.4899997711
2009-09-24,25.3700008392,23.4400005341,23.6700000763,24.9500007629,0,24.9500007629
2009-09-25,26.3400001526,24.8099994659,25.1800003052,25.6100006104,0,25.6100006104
2009-09-28,26.3999996185,24.8500003815,26.2600002289,24.8799991608,0,24.8799991608
2009-09-29,25.2800006866,24.5400009155,24.8799991608,25.1900005341,0,25.1900005341
2009-09-30,26.4500007629,24.7600002289,25.1900005341,25.6100006104,0,25.6100006104
2009-10-01,28.4200000763,25.9799995422,25.9799995422,28.2700004578,0,28.2700004578
2009-10-02,29.5599994659,27.9799995422,29.3400001526,28.6800003052,0,28.6800003052
2009-10-05,29.3400001526,26.5699996948,29.3400001526,26.8400001526,0,26.8400001526
2009-10-06,26.4099998474,25.1900005341,26.3899993896,25.7000007629,0,25.7000007629
2009-10-07,25.8199996948,24.5699996948,25.7800006866,24.6800003052,0,24.6800003052
2009-10-08,24.6900005341,23.8999996185,24.6800003052,24.1800003052,0,24.1800003052
2009-10-09,24.5400009155,22.9899997711,24.3899993896,23.1200008392,0,23.1200008392
2009-10-12,23.5300006866,22.6700000763,23.1200008392,23.0100002289,0,23.0100002289
2009-10-13,24.0699996948,22.7399997711,23.0,22.9899997711,0,22.9899997711
2009-10-14,22.8899993896,21.5499992371,22.0799999237,22.8600006104,0,22.8600006104
2009-10-15,23.5300006866,21.4899997711,23.5100002289,21.7199993134,0,21.7199993134
2009-10-16,22.6000003815,20.9799995422,21.7199993134,21.4300003052,0,21.4300003052
2009-10-19,22.4599990845,20.9099998474,21.4099998474,21.4899997711,0,21.4899997711
2009-10-20,21.7600002289,20.8999996185,21.5499992371,20.8999996185,0,20.8999996185
2009-10-21,22.4799995422,20.1000003815,20.8999996185,22.2199993134,0,22.2199993134
2009-10-22,22.7700004578,20.3299999237,22.2199993134,20.6900005341,0,20.6900005341
2009-10-23,22.5900001526,20.3400001526,20.7000007629,22.2700004578,0,22.2700004578
2009-10-26,24.8600006104,21.8899993896,23.0599994659,24.3099994659,0,24.3099994659
2009-10-27,25.2199993134,24.0300006866,24.3799991608,24.8299999237,0,24.8299999237
2009-10-28,27.9400005341,24.8299999237,24.8299999237,27.9099998474,0,27.9099998474
2009-10-29,27.1900005341,24.6800003052,27.1599998474,24.7600002289,0,24.7600002289
2009-10-30,31.5900001526,24.7600002289,24.7600002289,30.6900005341,0,30.6900005341
2009-11-02,31.8400001526,28.0699996948,30.7000007629,29.7800006866,0,29.7800006866
2009-11-03,30.7999992371,28.7700004578,30.6200008392,28.8099994659,0,28.8099994659
2009-11-04,28.8099994659,26.6100006104,28.8099994659,27.7199993134,0,27.7199993134
2009-11-05,27.3899993896,25.4099998474,27.2800006866,25.4300003052,0,25.4300003052
2009-11-06,26.1700000763,24.0599994659,26.1700000763,24.1900005341,0,24.1900005341
2009-11-09,24.2399997711,22.7800006866,24.1900005341,23.1499996185,0,23.1499996185
2009-11-10,23.5300006866,22.7800006866,23.1499996185,22.8400001526,0,22.8400001526
2009-11-11,23.6800003052,21.6100006104,22.8400001526,23.0400009155,0,23.0400009155
2009-11-12,24.6100006104,22.9099998474,23.0400009155,24.2399997711,0,24.2399997711
2009-11-13,24.4300003052,23.2199993134,24.25,23.3600006104,0,23.3600006104
2009-11-16,23.4200000763,22.0200004578,23.3600006104,22.8899993896,0,22.8899993896
2009-11-17,23.3299999237,22.2700004578,22.8099994659,22.4099998474,0,22.4099998474
2009-11-18,22.6499996185,21.6299991608,22.3500003815,21.6299991608,0,21.6299991608
2009-11-19,24.2000007629,21.6299991608,21.6299991608,22.6299991608,0,22.6299991608
2009-11-20,23.4500007629,22.1399993896,23.4500007629,22.1900005341,0,22.1900005341
2009-11-23,21.9799995422,20.8999996185,21.9799995422,21.1599998474,0,21.1599998474
2009-11-24,21.8700008392,20.3500003815,21.2800006866,20.4699993134,0,20.4699993134
2009-11-25,20.5699996948,20.0499992371,20.2299995422,20.4799995422,0,20.4799995422
2009-11-27,25.9300003052,23.1200008392,25.75,24.7399997711,0,24.7399997711
2009-11-30,25.5699996948,24.1900005341,24.9500007629,24.5100002289,0,24.5100002289
2009-12-01,24.5100002289,21.8799991608,24.5100002289,21.9200000763,0,21.9200000763
2009-12-02,22.1900005341,21.0100002289,21.8899993896,21.1200008392,0,21.1200008392
2009-12-03,22.5,20.6100006104,21.1499996185,22.4599990845,0,22.4599990845
2009-12-04,22.7600002289,20.6200008392,21.1800003052,21.25,0,21.25
2009-12-07,22.4599990845,21.6000003815,22.3199996948,22.1000003815,0,22.1000003815
2009-12-08,23.9699993134,22.8400001526,23.2800006866,23.6900005341,0,23.6900005341
2009-12-09,24.2000007629,22.5400009155,23.2099990845,22.6599998474,0,22.6599998474
2009-12-10,22.6599998474,21.7700004578,22.6599998474,22.3199996948,0,22.3199996948
2009-12-11,22.3099994659,21.3899993896,21.4500007629,21.5900001526,0,21.5900001526
2009-12-14,21.5900001526,20.5699996948,21.5900001526,21.1499996185,0,21.1499996185
2009-12-15,21.8700008392,20.9099998474,21.0900001526,21.4899997711,0,21.4899997711
2009-12-16,21.2000007629,20.4599990845,20.8899993896,20.5400009155,0,20.5400009155
2009-12-17,22.8600006104,21.3999996185,21.8899993896,22.5100002289,0,22.5100002289
2009-12-18,23.0200004578,21.6800003052,21.8400001526,21.6800003052,0,21.6800003052
2009-12-21,21.5100002289,20.2800006866,21.4599990845,20.4899997711,0,20.4899997711
2009-12-22,20.3999996185,19.5400009155,20.3899993896,19.5400009155,0,19.5400009155
2009-12-23,19.9699993134,19.3500003815,19.5400009155,19.7099990845,0,19.7099990845
2009-12-24,19.6700000763,19.25,19.6700000763,19.4699993134,0,19.4699993134
2009-12-28,20.5300006866,19.8999996185,20.2900009155,19.9300003052,0,19.9300003052
2009-12-29,20.1200008392,19.6200008392,19.8700008392,20.0100002289,0,20.0100002289
2009-12-30,20.4400005341,19.9300003052,20.3600006104,19.9599990845,0,19.9599990845
2009-12-31,21.8299999237,19.8899993896,19.9599990845,21.6800003052,0,21.6800003052
2010-01-04,21.6800003052,20.0300006866,21.6800003052,20.0400009155,0,20.0400009155
2010-01-05,20.1299991608,19.3400001526,20.0499992371,19.3500003815,0,19.3500003815
2010-01-06,19.6800003052,18.7700004578,19.5900001526,19.1599998474,0,19.1599998474
2010-01-07,19.7099990845,18.7000007629,19.6800003052,19.0599994659,0,19.0599994659
2010-01-08,19.2700004578,18.1100006104,19.2700004578,18.1299991608,0,18.1299991608
2010-01-11,17.7399997711,16.8600006104,16.9300003052,17.5499992371,0,17.5499992371
2010-01-12,19.4599990845,17.9500007629,17.9500007629,18.25,0,18.25
2010-01-13,18.7199993134,17.5599994659,17.9400005341,17.8500003815,0,17.8500003815
2010-01-14,18.2700004578,17.3799991608,18.1599998474,17.6299991608,0,17.6299991608
2010-01-15,19.0200004578,17.6299991608,17.6299991608,17.9099998474,0,17.9099998474
2010-01-19,18.8500003815,17.3299999237,18.6299991608,17.5799999237,0,17.5799999237
2010-01-20,19.6900005341,18.4400005341,18.5100002289,18.6800003052,0,18.6800003052
2010-01-21,22.2999992371,18.2700004578,18.5900001526,22.2700004578,0,22.2700004578
2010-01-22,28.0100002289,22.2700004578,22.2700004578,27.3099994659,0,27.3099994659
2010-01-25,27.3199996948,24.6100006104,27.3199996948,25.4099998474,0,25.4099998474
2010-01-26,26.2199993134,22.7700004578,26.0300006866,24.5499992371,0,24.5499992371
2010-01-27,25.6900005341,23.1399993896,24.8099994659,23.1399993896,0,23.1399993896
2010-01-28,25.2999992371,22.6900005341,22.7900009155,23.7299995422,0,23.7299995422
2010-01-29,25.0300006866,22.1100006104,23.7299995422,24.6200008392,0,24.6200008392
2010-02-01,24.3299999237,22.5799999237,24.3299999237,22.5900001526,0,22.5900001526
2010-02-02,22.9899997711,21.0799999237,22.5900001526,21.4799995422,0,21.4799995422
2010-02-03,22.1100006104,21.3299999237,22.1100006104,21.6000003815,0,21.6000003815
2010-02-04,26.3199996948,22.6299991608,22.6299991608,26.0799999237,0,26.0799999237
2010-02-05,29.2199993134,25.3700008392,25.6900005341,26.1100006104,0,26.1100006104
2010-02-08,27.1100006104,25.4799995422,26.1100006104,26.5100002289,0,26.5100002289
2010-02-09,26.5599994659,24.7800006866,26.5100002289,26.0,0,26.0
2010-02-10,26.7700004578,24.7999992371,26.3600006104,25.3999996185,0,25.3999996185
2010-02-11,26.1100006104,23.8700008392,25.8199996948,23.9599990845,0,23.9599990845
2010-02-12,25.5400009155,22.7299995422,23.9599990845,22.7299995422,0,22.7299995422
2010-02-16,23.5699996948,22.1299991608,23.5100002289,22.25,0,22.25
2010-02-17,22.6000003815,21.7000007629,22.25,21.7199993134,0,21.7199993134
2010-02-18,22.2099990845,20.6000003815,21.7199993134,20.6299991608,0,20.6299991608
2010-02-19,21.1399993896,19.7099990845,21.0699996948,20.0200004578,0,20.0200004578
2010-02-22,21.0,19.5900001526,20.1599998474,19.9400005341,0,19.9400005341
2010-02-23,21.9400005341,20.0599994659,20.3899993896,21.3700008392,0,21.3700008392
2010-02-24,21.5799999237,20.2199993134,21.2299995422,20.2700004578,0,20.2700004578
2010-02-25,22.6800003052,20.0599994659,22.0300006866,20.1000003815,0,20.1000003815
2010-02-26,20.5300006866,19.3199996948,19.8799991608,19.5,0,19.5
2010-03-01,19.9400005341,19.1800003052,19.9300003052,19.2600002289,0,19.2600002289
2010-03-02,19.3600006104,18.6000003815,18.8299999237,19.0599994659,0,19.0599994659
2010-03-03,19.2999992371,18.4200000763,18.9500007629,18.8299999237,0,18.8299999237
2010-03-04,19.2700004578,18.5799999237,18.8600006104,18.7199993134,0,18.7199993134
2010-03-05,18.1499996185,17.2299995422,18.0599994659,17.4200000763,0,17.4200000763
2010-03-08,17.9599990845,17.5599994659,17.9500007629,17.7900009155,0,17.7900009155
2010-03-09,18.1900005341,17.5100002289,18.1800003052,17.9200000763,0,17.9200000763
2010-03-10,18.6000003815,17.4300003052,18.0,18.5699996948,0,18.5699996948
2010-03-11,19.3400001526,18.0599994659,18.8999996185,18.0599994659,0,18.0599994659
2010-03-12,18.5300006866,17.5799999237,17.9699993134,17.5799999237,0,17.5799999237
2010-03-15,18.7800006866,17.9599990845,18.2800006866,18.0,0,18.0
2010-03-16,18.0100002289,17.4200000763,17.7800006866,17.6900005341,0,17.6900005341
2010-03-17,17.1700000763,16.5200004578,16.9699993134,16.9099998474,0,16.9099998474
2010-03-18,16.9899997711,16.3099994659,16.9599990845,16.6200008392,0,16.6200008392
2010-03-19,17.5699996948,16.1700000763,16.1700000763,16.9699993134,0,16.9699993134
2010-03-22,18.3400001526,16.7700004578,18.2999992371,16.8700008392,0,16.8700008392
2010-03-23,17.0900001526,16.2099990845,16.8400001526,16.3500003815,0,16.3500003815
2010-03-24,17.9200000763,16.8299999237,16.8500003815,17.5499992371,0,17.5499992371
2010-03-25,18.5400009155,16.6200008392,17.0699996948,18.3999996185,0,18.3999996185
2010-03-26,18.6900005341,17.3500003815,18.2700004578,17.7700004578,0,17.7700004578
2010-03-29,18.2800006866,17.5699996948,18.1700000763,17.5900001526,0,17.5900001526
2010-03-30,18.0799999237,17.1299991608,17.6399993896,17.1299991608,0,17.1299991608
2010-03-31,17.9200000763,17.2900009155,17.6599998474,17.5900001526,0,17.5900001526
2010-04-01,18.0900001526,16.7900009155,17.0100002289,17.4699993134,0,17.4699993134
2010-04-05,18.1599998474,17.0200004578,17.9599990845,17.0200004578,0,17.0200004578
2010-04-06,17.5400009155,16.0799999237,17.3899993896,16.2299995422,0,16.2299995422
2010-04-07,17.2099990845,16.1599998474,16.7199993134,16.6200008392,0,16.6200008392
2010-04-08,17.7999992371,16.2999992371,17.2099990845,16.4799995422,0,16.4799995422
2010-04-09,16.6499996185,16.0599994659,16.3199996948,16.1399993896,0,16.1399993896
2010-04-12,16.0,15.2299995422,15.6700000763,15.5799999237,0,15.5799999237
2010-04-13,16.7700004578,15.8100004196,15.9799995422,16.2000007629,0,16.2000007629
2010-04-14,16.3799991608,15.5500001907,15.8000001907,15.5900001526,0,15.5900001526
2010-04-15,16.5,15.6800003052,15.8699998856,15.8900003433,0,15.8900003433
2010-04-16,19.7000007629,16.1100006104,16.1900005341,18.3600006104,0,18.3600006104
2010-04-19,19.5499992371,17.3400001526,19.1399993896,17.3400001526,0,17.3400001526
2010-04-20,16.8899993896,15.7299995422,16.8400001526,15.7299995422,0,15.7299995422
2010-04-21,16.8500003815,15.5,15.9399995804,16.3199996948,0,16.3199996948
2010-04-22,18.1900005341,16.2000007629,17.4799995422,16.4699993134,0,16.4699993134
2010-04-23,16.7099990845,16.1200008392,16.6200008392,16.6200008392,0,16.6200008392
2010-04-26,17.5300006866,17.0699996948,17.5200004578,17.4699993134,0,17.4699993134
2010-04-27,23.2000007629,17.9400005341,18.1299991608,22.8099994659,0,22.8099994659
2010-04-28,23.0300006866,20.8600006104,22.0799999237,21.0799999237,0,21.0799999237
2010-04-29,20.3700008392,18.4400005341,20.3700008392,18.4400005341,0,18.4400005341
2010-04-30,22.3899993896,18.4099998474,18.75,22.0499992371,0,22.0499992371
2010-05-03,22.4099998474,19.6100006104,22.4099998474,20.1900005341,0,20.1900005341
2010-05-04,25.7000007629,22.4599990845,22.4599990845,23.8400001526,0,23.8400001526
2010-05-05,27.2299995422,23.75,25.9599990845,24.9099998474,0,24.9099998474
2010-05-06,40.7099990845,24.4300003052,25.8799991608,32.7999992371,0,32.7999992371
2010-05-07,42.1500015259,31.7099990845,32.7599983215,40.9500007629,0,40.9500007629
2010-05-10,30.8899993896,25.6800003052,28.6499996185,28.8400001526,0,28.8400001526
2010-05-11,31.0400009155,25.8600006104,31.0400009155,28.3199996948,0,28.3199996948
2010-05-12,26.6700000763,24.9799995422,26.5599994659,25.5200004578,0,25.5200004578
2010-05-13,26.8500003815,24.2999992371,26.1700000763,26.6800003052,0,26.6800003052
2010-05-14,33.2400016785,28.3999996185,28.3999996185,31.2399997711,0,31.2399997711
2010-05-17,35.25,30.7600002289,31.3299999237,30.8400001526,0,30.8400001526
2010-05-18,34.1699981689,28.0900001526,28.6700000763,33.5499992371,0,33.5499992371
2010-05-19,38.4199981689,33.0699996948,34.6500015259,35.3199996948,0,35.3199996948
2010-05-20,46.3699989319,40.2999992371,41.7900009155,45.7900009155,0,45.7900009155
2010-05-21,48.2000007629,38.9500007629,47.6599998474,40.0999984741,0,40.0999984741
2010-05-24,41.7400016785,35.5699996948,41.7400016785,38.3199996948,0,38.3199996948
2010-05-25,43.7400016785,34.5900001526,43.1500015259,34.6100006104,0,34.6100006104
2010-05-26,35.0200004578,24.1000003815,32.5400009155,35.0200004578,0,35.0200004578
2010-05-27,31.0300006866,29.5400009155,30.2399997711,29.6800003052,0,29.6800003052
2010-05-28,33.2999992371,29.5300006866,30.2299995422,32.0699996948,0,32.0699996948
2010-06-01,35.6800003052,31.8199996948,34.8699989319,35.5400009155,0,35.5400009155
2010-06-02,34.5699996948,29.9400005341,34.3899993896,30.1700000763,0,30.1700000763
2010-06-03,31.2000007629,29.1200008392,29.6499996185,29.4599990845,0,29.4599990845
2010-06-04,36.1199989319,31.8099994659,32.9300003052,35.4799995422,0,35.4799995422
2010-06-07,36.7999992371,34.4300003052,35.6599998474,36.5699996948,0,36.5699996948
2010-06-08,37.3800010681,33.3600006104,36.5299987793,33.7000007629,0,33.7000007629
2010-06-09,34.1199989319,30.2299995422,32.3300018311,33.7299995422,0,33.7299995422
2010-06-10,31.7700004578,29.6900005341,31.0,30.5699996948,0,30.5699996948
2010-06-11,31.7900009155,28.6000003815,31.7900009155,28.7900009155,0,28.7900009155
2010-06-14,28.7199993134,26.9799995422,27.9400005341,28.5799999237,0,28.5799999237
2010-06-15,27.8400001526,25.6800003052,27.6800003052,25.8700008392,0,25.8700008392
2010-06-16,26.7199993134,25.3400001526,26.7199993134,25.9200000763,0,25.9200000763
2010-06-17,26.6399993896,25.0499992371,25.5900001526,25.0499992371,0,25.0499992371
2010-06-18,24.8799991608,23.2999992371,24.8700008392,23.9500007629,0,23.9500007629
2010-06-21,25.6399993896,22.8700008392,22.8999996185,24.8799991608,0,24.8799991608
2010-06-22,27.0499992371,24.4099998474,25.1399993896,27.0499992371,0,27.0499992371
2010-06-23,28.5499992371,26.5400009155,26.9300003052,26.9099998474,0,26.9099998474
2010-06-24,30.2700004578,27.5300006866,27.6100006104,29.7399997711,0,29.7399997711
2010-06-25,30.4099998474,28.0699996948,29.6399993896,28.5300006866,0,28.5300006866
2010-06-28,29.8999996185,28.4699993134,29.2000007629,29.0,0,29.0
2010-06-29,35.3899993896,31.2199993134,31.2199993134,34.1300010681,0,34.1300010681
2010-06-30,34.6300010681,31.7399997711,33.9500007629,34.5400009155,0,34.5400009155
2010-07-01,37.5800018311,32.7200012207,34.4099998474,32.8600006104,0,32.8600006104
2010-07-02,31.8799991608,29.3500003815,31.7099990845,30.1200008392,0,30.1200008392
2010-07-06,31.1499996185,27.9599990845,28.8199996948,29.6499996185,0,29.6499996185
2010-07-07,29.5599994659,26.8400001526,29.5599994659,26.8400001526,0,26.8400001526
2010-07-08,27.4200000763,25.7099990845,26.5,25.7099990845,0,25.7099990845
2010-07-09,25.6700000763,24.3700008392,25.3500003815,24.9799995422,0,24.9799995422
2010-07-12,25.1399993896,23.5300006866,24.6599998474,24.4300003052,0,24.4300003052
2010-07-13,24.5699996948,23.1200008392,23.2900009155,24.5599994659,0,24.5599994659
2010-07-14,25.7999992371,24.1800003052,24.6100006104,24.8899993896,0,24.8899993896
2010-07-15,27.2399997711,24.7399997711,25.0799999237,25.1399993896,0,25.1399993896
2010-07-16,28.1599998474,25.7099990845,25.7700004578,26.25,0,26.25
2010-07-19,27.2999992371,25.1200008392,27.0200004578,25.9699993134,0,25.9699993134
2010-07-20,27.3999996185,23.7900009155,27.3500003815,23.9300003052,0,23.9300003052
2010-07-21,26.6299991608,23.5900001526,23.6100006104,25.6399993896,0,25.6399993896
2010-07-22,24.8500003815,23.7199993134,24.3700008392,24.6299991608,0,24.6299991608
2010-07-23,25.1700000763,23.3199996948,24.7900009155,23.4699993134,0,23.4699993134
2010-07-26,24.6100006104,22.7000007629,24.3700008392,22.7299995422,0,22.7299995422
2010-07-27,23.5699996948,21.8600006104,21.8899993896,23.1900005341,0,23.1900005341
2010-07-28,24.5400009155,22.2399997711,23.9300003052,24.25,0,24.25
2010-07-29,25.5400009155,23.0400009155,23.3999996185,24.1299991608,0,24.1299991608
2010-07-30,27.3199996948,23.3500003815,25.4699993134,23.5,0,23.5
2010-08-02,23.2399997711,21.7399997711,23.0699996948,22.0100002289,0,22.0100002289
2010-08-03,23.0599994659,21.9799995422,22.4400005341,22.6299991608,0,22.6299991608
2010-08-04,23.6900005341,22.1599998474,22.6900005341,22.2099990845,0,22.2099990845
2010-08-05,23.1299991608,22.0699996948,23.0400009155,22.1000003815,0,22.1000003815
2010-08-06,23.8899993896,21.7199993134,23.3400001526,21.7399997711,0,21.7399997711
2010-08-09,22.8700008392,21.3600006104,21.8500003815,22.1399993896,0,22.1399993896
2010-08-10,24.2399997711,22.1700000763,23.2999992371,22.3700008392,0,22.3700008392
2010-08-11,26.1000003815,24.9599990845,24.9599990845,25.3899993896,0,25.3899993896
2010-08-12,27.2099990845,25.1800003052,27.2099990845,25.7299995422,0,25.7299995422
2010-08-13,26.2600002289,25.4500007629,26.0799999237,26.2399997711,0,26.2399997711
2010-08-16,28.1000003815,25.3799991608,27.4099998474,26.1000003815,0,26.1000003815
2010-08-17,24.8899993896,23.7099990845,24.7199993134,24.3299999237,0,24.3299999237
2010-08-18,25.2299995422,23.3999996185,24.2999992371,24.5900001526,0,24.5900001526
2010-08-19,26.7800006866,24.2600002289,24.4799995422,26.4400005341,0,26.4400005341
2010-08-20,27.0,25.4899997711,26.7299995422,25.4899997711,0,25.4899997711
2010-08-23,25.9699993134,24.6200008392,25.9699993134,25.6599998474,0,25.6599998474
2010-08-24,28.7700004578,26.3199996948,27.9099998474,27.4599990845,0,27.4599990845
2010-08-25,28.9200000763,26.4599990845,28.2999992371,26.7000007629,0,26.7000007629
2010-08-26,27.5499992371,25.8600006104,26.4500007629,27.3700008392,0,27.3700008392
2010-08-27,28.1100006104,24.4099998474,26.5,24.4500007629,0,24.4500007629
2010-08-30,27.2099990845,25.4099998474,25.8799991608,27.2099990845,0,27.2099990845
2010-08-31,27.8299999237,25.9300003052,27.5799999237,26.0499992371,0,26.0499992371
2010-09-01,25.1299991608,23.8600006104,25.1299991608,23.8899993896,0,23.8899993896
2010-09-02,24.3099994659,23.1499996185,24.2299995422,23.1900005341,0,23.1900005341
2010-09-03,22.7800006866,21.2399997711,21.9899997711,21.3099994659,0,21.3099994659
2010-09-07,23.9400005341,22.7700004578,22.7700004578,23.7999992371,0,23.7999992371
2010-09-08,23.5599994659,22.9200000763,23.5100002289,23.25,0,23.25
2010-09-09,23.2399997711,22.1399993896,22.2199993134,22.8099994659,0,22.8099994659
2010-09-10,22.8700008392,21.7600002289,22.6399993896,21.9899997711,0,21.9899997711
2010-09-13,22.0499992371,20.9300003052,21.0599994659,21.2099990845,0,21.2099990845
2010-09-14,21.9699993134,20.8500003815,21.6900005341,21.5599994659,0,21.5599994659
2010-09-15,22.7999992371,22.1000003815,22.5499992371,22.1000003815,0,22.1000003815
2010-09-16,22.8299999237,21.7099990845,22.6499996185,21.7199993134,0,21.7199993134
2010-09-17,22.5599994659,21.6299991608,21.6499996185,22.0100002289,0,22.0100002289
2010-09-20,22.5799999237,21.25,22.4699993134,21.5,0,21.5
2010-09-21,22.5900001526,21.4200000763,21.5400009155,22.3500003815,0,22.3500003815
2010-09-22,23.1900005341,21.9099998474,22.5599994659,22.5100002289,0,22.5100002289
2010-09-23,24.0599994659,22.5599994659,23.9099998474,23.8700008392,0,23.8700008392
2010-09-24,22.6100006104,21.7099990845,22.6100006104,21.7099990845,0,21.7099990845
2010-09-27,22.75,21.9699993134,22.5799999237,22.5400009155,0,22.5400009155
2010-09-28,24.2800006866,22.3999996185,22.9200000763,22.6000003815,0,22.6000003815
2010-09-29,23.4500007629,22.7199993134,23.1399993896,23.25,0,23.25
2010-09-30,24.5200004578,22.3899993896,22.8500003815,23.7000007629,0,23.7000007629
2010-10-01,23.6700000763,22.4599990845,22.8999996185,22.5,0,22.5
2010-10-04,24.3400001526,23.2999992371,23.6299991608,23.5300006866,0,23.5300006866
2010-10-05,23.0799999237,21.7099990845,22.5200004578,21.7600002289,0,21.7600002289
2010-10-06,22.1299991608,21.4599990845,21.8199996948,21.4899997711,0,21.4899997711
2010-10-07,22.1599998474,21.2800006866,21.3099994659,21.5599994659,0,21.5599994659
2010-10-08,21.6399993896,20.2900009155,21.5799999237,20.7099990845,0,20.7099990845
2010-10-11,19.5100002289,18.7999992371,19.3299999237,18.9599990845,0,18.9599990845
2010-10-12,20.1000003815,18.5499992371,20.0,18.9300003052,0,18.9300003052
2010-10-13,19.1599998474,17.8999996185,17.9200000763,19.0699996948,0,19.0699996948
2010-10-14,21.0200004578,19.3999996185,19.5900001526,19.8799991608,0,19.8799991608
2010-10-15,21.5900001526,19.0200004578,20.2000007629,19.0300006866,0,19.0300006866
2010-10-18,20.7099990845,18.8799991608,20.4300003052,19.0900001526,0,19.0900001526
2010-10-19,21.3500003815,19.3299999237,20.7000007629,20.6299991608,0,20.6299991608
2010-10-20,21.2000007629,19.6700000763,21.2000007629,19.7900009155,0,19.7900009155
2010-10-21,20.5300006866,18.9300003052,19.7000007629,19.2700004578,0,19.2700004578
2010-10-22,19.3600006104,18.7600002289,19.3600006104,18.7800006866,0,18.7800006866
2010-10-25,19.8799991608,18.8600006104,19.2199993134,19.8500003815,0,19.8500003815
2010-10-26,21.0100002289,20.2199993134,20.5200004578,20.2199993134,0,20.2199993134
2010-10-27,22.3700008392,20.6900005341,21.1100006104,20.7099990845,0,20.7099990845
2010-10-28,21.4099998474,20.1800003052,20.2800006866,20.8799991608,0,20.8799991608
2010-10-29,21.3999996185,20.8600006104,21.2000007629,21.2000007629,0,21.2000007629
2010-11-01,22.5400009155,20.9200000763,21.6499996185,21.8299999237,0,21.8299999237
2010-11-02,21.8199996948,21.2199993134,21.3400001526,21.5699996948,0,21.5699996948
2010-11-03,22.0200004578,19.5400009155,21.6599998474,19.5599994659,0,19.5599994659
2010-11-04,18.7999992371,17.9699993134,18.0300006866,18.5200004578,0,18.5200004578
2010-11-05,18.4400005341,17.9200000763,18.0699996948,18.2600002289,0,18.2600002289
2010-11-08,19.3500003815,18.2099990845,19.3299999237,18.2900009155,0,18.2900009155
2010-11-09,19.3899993896,17.8299999237,18.5100002289,19.0799999237,0,19.0799999237
2010-11-10,19.9599990845,18.4099998474,18.9400005341,18.4699993134,0,18.4699993134
2010-11-11,19.75,18.4799995422,19.4400005341,18.6399993896,0,18.6399993896
2010-11-12,21.2299995422,19.2900009155,19.5900001526,20.6100006104,0,20.6100006104
2010-11-15,20.3700008392,19.1399993896,20.3299999237,20.2000007629,0,20.2000007629
2010-11-16,23.0699996948,20.9500007629,21.2600002289,22.5799999237,0,22.5799999237
2010-11-17,22.2099990845,21.2199993134,22.1900005341,21.7600002289,0,21.7600002289
2010-11-18,20.3099994659,18.75,20.3099994659,18.75,0,18.75
2010-11-19,19.7199993134,17.7600002289,19.1499996185,18.0400009155,0,18.0400009155
2010-11-22,20.1399993896,18.3500003815,19.4500007629,18.3700008392,0,18.3700008392
2010-11-23,21.4500007629,20.2399997711,20.25,20.6299991608,0,20.6299991608
2010-11-24,19.6100006104,18.7299995422,19.4200000763,19.5599994659,0,19.5599994659
2010-11-26,22.2199993134,20.2800006866,21.1700000763,22.2199993134,0,22.2199993134
2010-11-29,23.8400001526,21.3799991608,23.1499996185,21.5300006866,0,21.5300006866
2010-11-30,23.7900009155,22.4200000763,23.2700004578,23.5400009155,0,23.5400009155
2010-12-01,21.4300003052,20.3999996185,21.1900005341,21.3600006104,0,21.3600006104
2010-12-02,21.1299991608,19.1000003815,21.1299991608,19.3899993896,0,19.3899993896
2010-12-03,19.2800006866,17.7099990845,19.2600002289,18.0100002289,0,18.0100002289
2010-12-06,18.8500003815,17.9500007629,18.7999992371,18.0200004578,0,18.0200004578
2010-12-07,18.1499996185,17.1299991608,17.1299991608,17.9899997711,0,17.9899997711
2010-12-08,18.3199996948,17.6900005341,17.9699993134,17.7399997711,0,17.7399997711
2010-12-09,17.8400001526,17.2399997711,17.3199996948,17.25,0,17.25
2010-12-10,17.6299991608,17.0599994659,17.0599994659,17.6100006104,0,17.6100006104
2010-12-13,17.6700000763,16.6800003052,16.8199996948,17.5499992371,0,17.5499992371
2010-12-14,17.9500007629,17.2199993134,17.6000003815,17.6100006104,0,17.6100006104
2010-12-15,18.1399993896,17.3700008392,17.9899997711,17.9400005341,0,17.9400005341
2010-12-16,18.2700004578,16.8799991608,18.0300006866,17.3899993896,0,17.3899993896
2010-12-17,17.6399993896,15.4600000381,17.6200008392,16.1100006104,0,16.1100006104
2010-12-20,16.8600006104,15.779999733,16.2199993134,16.4099998474,0,16.4099998474
2010-12-21,16.6200008392,16.0799999237,16.2000007629,16.4899997711,0,16.4899997711
2010-12-22,16.5599994659,15.4499998093,16.5200004578,15.4499998093,0,15.4499998093
2010-12-23,16.8600006104,15.3999996185,15.4399995804,16.4699993134,0,16.4699993134
2010-12-27,18.3199996948,17.6599998474,18.2600002289,17.6700000763,0,17.6700000763
2010-12-28,17.9899997711,17.2999992371,17.2999992371,17.5200004578,0,17.5200004578
2010-12-29,17.4899997711,17.0200004578,17.4899997711,17.2800006866,0,17.2800006866
2010-12-30,17.8899993896,17.4599990845,17.6499996185,17.5200004578,0,17.5200004578
2010-12-31,18.1299991608,17.75,17.9099998474,17.75,0,17.75
2011-01-03,17.9500007629,16.9099998474,17.9400005341,17.6100006104,0,17.6100006104
2011-01-04,18.2399997711,17.3299999237,17.3400001526,17.3799991608,0,17.3799991608
2011-01-05,17.9500007629,16.8600006104,17.8099994659,17.0200004578,0,17.0200004578
2011-01-06,17.5599994659,16.7900009155,16.7999992371,17.3999996185,0,17.3999996185
2011-01-07,18.0699996948,16.5699996948,17.3099994659,17.1399993896,0,17.1399993896
2011-01-10,18.6299991608,17.5400009155,18.3500003815,17.5400009155,0,17.5400009155
2011-01-11,17.3500003815,16.6000003815,16.6100006104,16.8899993896,0,16.8899993896
2011-01-12,16.5,16.1700000763,16.2600002289,16.2399997711,0,16.2399997711
2011-01-13,16.7800006866,16.1399993896,16.5100002289,16.3899993896,0,16.3899993896
2011-01-14,16.7099990845,15.3699998856,16.6700000763,15.4600000381,0,15.4600000381
2011-01-18,16.2000007629,15.7100000381,16.1900005341,15.8699998856,0,15.8699998856
2011-01-19,17.6700000763,15.8599996567,15.8900003433,17.3099994659,0,17.3099994659
2011-01-20,18.8500003815,17.6499996185,17.8099994659,17.9899997711,0,17.9899997711
2011-01-21,18.6100006104,16.6000003815,17.0300006866,18.4699993134,0,18.4699993134
2011-01-24,18.9300003052,17.5599994659,18.7800006866,17.6499996185,0,17.6499996185
2011-01-25,18.5499992371,17.5900001526,18.2199993134,17.5900001526,0,17.5900001526
2011-01-26,17.4200000763,16.5900001526,17.0,16.6399993896,0,16.6399993896
2011-01-27,16.8899993896,15.8100004196,16.8400001526,16.1499996185,0,16.1499996185
2011-01-28,20.0799999237,15.9200000763,15.9399995804,20.0400009155,0,20.0400009155
2011-01-31,19.9599990845,17.1000003815,19.6100006104,19.5300006866,0,19.5300006866
2011-02-01,18.6299991608,17.3999996185,18.5900001526,17.6299991608,0,17.6299991608
2011-02-02,17.8400001526,17.2800006866,17.8199996948,17.2999992371,0,17.2999992371
2011-02-03,17.7999992371,16.6100006104,17.5300006866,16.6900005341,0,16.6900005341
2011-02-04,16.7399997711,15.8900003433,16.6399993896,15.9300003052,0,15.9300003052
2011-02-07,16.5400009155,15.8400001526,16.1399993896,16.2800006866,0,16.2800006866
2011-02-08,16.6000003815,14.8599996567,16.2900009155,15.8100004196,0,15.8100004196
2011-02-09,16.5200004578,15.8599996567,16.2700004578,15.8699998856,0,15.8699998856
2011-02-10,17.0699996948,16.0,16.7399997711,16.0900001526,0,16.0900001526
2011-02-11,16.5300006866,15.5500001907,16.5300006866,15.6899995804,0,15.6899995804
2011-02-14,16.2600002289,15.220000267,16.0699996948,15.9499998093,0,15.9499998093
2011-02-15,16.75,16.2700004578,16.2999992371,16.3700008392,0,16.3700008392
2011-02-16,16.7399997711,15.8400001526,16.3099994659,16.7199993134,0,16.7199993134
2011-02-17,17.2999992371,15.8800001144,17.0100002289,16.5900001526,0,16.5900001526
2011-02-18,16.9099998474,15.5399999619,16.5900001526,16.4300003052,0,16.4300003052
2011-02-22,21.4500007629,18.3799991608,19.4599990845,20.7999992371,0,20.7999992371
2011-02-23,23.2199993134,20.2999992371,20.8400001526,22.1299991608,0,22.1299991608
2011-02-24,22.7099990845,20.8099994659,22.2800006866,21.3199996948,0,21.3199996948
2011-02-25,20.4400005341,18.8799991608,20.4099998474,19.2199993134,0,19.2199993134
2011-02-28,19.2700004578,18.1399993896,19.1200008392,18.3500003815,0,18.3500003815
2011-03-01,21.0100002289,17.6299991608,17.6299991608,21.0100002289,0,21.0100002289
2011-03-02,21.1399993896,19.6200008392,20.7299995422,20.7000007629,0,20.7000007629
2011-03-03,19.2700004578,18.25,19.2700004578,18.6000003815,0,18.6000003815
2011-03-04,20.3299999237,18.3099994659,18.5599994659,19.0599994659,0,19.0599994659
2011-03-07,21.7700004578,18.9500007629,19.3700008392,20.6599998474,0,20.6599998474
2011-03-08,21.0599994659,19.1499996185,20.5799999237,19.8199996948,0,19.8199996948
2011-03-09,20.9599990845,19.4099998474,20.0499992371,20.2199993134,0,20.2199993134
2011-03-10,22.25,20.3400001526,21.3700008392,21.8799991608,0,21.8799991608
2011-03-11,21.75,19.9699993134,21.7199993134,20.0799999237,0,20.0799999237
2011-03-14,22.7399997711,20.9200000763,21.7900009155,21.1299991608,0,21.1299991608
2011-03-15,25.7199993134,23.3099994659,25.6599998474,24.3199996948,0,24.3199996948
2011-03-16,31.2800006866,24.0400009155,24.6499996185,29.3999996185,0,29.3999996185
2011-03-17,27.5400009155,25.4400005341,26.9400005341,26.3700008392,0,26.3700008392
2011-03-18,24.8500003815,23.0900001526,23.8999996185,24.4400005341,0,24.4400005341
2011-03-21,22.1599998474,20.2199993134,22.1000003815,20.6100006104,0,20.6100006104
2011-03-22,20.5900001526,19.9699993134,20.5300006866,20.2099990845,0,20.2099990845
2011-03-23,21.0499992371,18.1900005341,20.5900001526,19.1700000763,0,19.1700000763
2011-03-24,18.9899997711,17.8700008392,18.4500007629,18.0,0,18.0
2011-03-25,18.0799999237,17.0699996948,17.8700008392,17.9099998474,0,17.9099998474
2011-03-28,19.4400005341,17.9599990845,18.3099994659,19.4400005341,0,19.4400005341
2011-03-29,19.7800006866,18.0,19.1700000763,18.1599998474,0,18.1599998474
2011-03-30,17.8899993896,17.25,17.8199996948,17.7099990845,0,17.7099990845
2011-03-31,17.9500007629,17.4099998474,17.8999996185,17.7399997711,0,17.7399997711
2011-04-01,17.6200008392,16.4400005341,16.6800003052,17.3999996185,0,17.3999996185
2011-04-04,17.8500003815,17.3899993896,17.6299991608,17.5,0,17.5
2011-04-05,17.8700008392,16.5,17.8700008392,17.25,0,17.25
2011-04-06,17.1499996185,16.5,16.75,16.8999996185,0,16.8999996185
2011-04-07,17.7700004578,16.4899997711,16.9200000763,17.1100006104,0,17.1100006104
2011-04-08,18.3299999237,16.5100002289,16.5100002289,17.8700008392,0,17.8700008392
2011-04-11,17.0499992371,16.2199993134,16.7399997711,16.5900001526,0,16.5900001526
2011-04-12,18.4599990845,16.8799991608,17.5799999237,17.0900001526,0,17.0900001526
2011-04-13,17.3799991608,16.2000007629,16.3299999237,16.9200000763,0,16.9200000763
2011-04-14,18.0799999237,16.0799999237,17.7700004578,16.2700004578,0,16.2700004578
2011-04-15,15.9799995422,14.9200000763,15.970000267,15.3199996948,0,15.3199996948
2011-04-18,19.0699996948,16.8099994659,18.2999992371,16.9599990845,0,16.9599990845
2011-04-19,16.7199993134,15.6899995804,16.6200008392,15.8299999237,0,15.8299999237
2011-04-20,15.3900003433,14.3000001907,14.3100004196,15.0699996948,0,15.0699996948
2011-04-21,15.2299995422,14.3999996185,14.7100000381,14.6899995804,0,14.6899995804
2011-04-25,16.0599994659,15.5,15.6400003433,15.7700004578,0,15.7700004578
2011-04-26,15.6599998474,15.0699996948,15.3599996567,15.6199998856,0,15.6199998856
2011-04-27,16.4200000763,15.1300001144,15.3699998856,15.3500003815,0,15.3500003815
2011-04-28,15.5399999619,14.2700004578,15.5399999619,14.6199998856,0,14.6199998856
2011-04-29,14.9899997711,14.4899997711,14.5600004196,14.75,0,14.75
2011-05-02,16.1299991608,15.0699996948,15.0699996948,15.9899997711,0,15.9899997711
2011-05-03,17.2900009155,16.1299991608,16.3500003815,16.7000007629,0,16.7000007629
2011-05-04,17.7199993134,16.8299999237,16.8400001526,17.0799999237,0,17.0799999237
2011-05-05,19.1100006104,16.7399997711,17.6800003052,18.2000007629,0,18.2000007629
2011-05-06,19.2900009155,16.1200008392,17.1700000763,18.3999996185,0,18.3999996185
2011-05-09,18.5900001526,17.0400009155,18.5900001526,17.1599998474,0,17.1599998474
2011-05-10,16.8999996185,15.7899999619,16.8400001526,15.9099998474,0,15.9099998474
2011-05-11,17.4899997711,16.2299995422,16.2700004578,16.9500007629,0,16.9500007629
2011-05-12,17.8899993896,16.0300006866,17.2700004578,16.0300006866,0,16.0300006866
2011-05-13,17.5599994659,15.9799995422,16.0200004578,17.0699996948,0,17.0699996948
2011-05-16,18.25,16.6100006104,17.8600006104,18.2399997711,0,18.2399997711
2011-05-17,19.0900001526,17.4699993134,18.5400009155,17.5499992371,0,17.5499992371
2011-05-18,17.6800003052,16.0300006866,17.5599994659,16.2299995422,0,16.2299995422
2011-05-19,16.5599994659,15.5,15.8999996185,15.5200004578,0,15.5200004578
2011-05-20,17.4300003052,15.6999998093,15.8800001144,17.4300003052,0,17.4300003052
2011-05-23,20.0300006866,17.4699993134,20.0300006866,18.2700004578,0,18.2700004578
2011-05-24,18.1900005341,17.0,18.0699996948,17.8199996948,0,17.8199996948
2011-05-25,18.2600002289,16.7000007629,18.2600002289,17.0699996948,0,17.0699996948
2011-05-26,17.4599990845,15.8999996185,17.1700000763,16.0900001526,0,16.0900001526
2011-05-27,16.2700004578,15.3599996567,16.1100006104,15.9799995422,0,15.9799995422
2011-05-31,16.5,15.1499996185,15.8500003815,15.4499998093,0,15.4499998093
2011-06-01,18.4799995422,15.9499998093,15.9499998093,18.2999992371,0,18.2999992371
2011-06-02,18.7199993134,17.3899993896,17.9200000763,18.0900001526,0,18.0900001526
2011-06-03,19.8700008392,17.1200008392,18.2299995422,17.9500007629,0,17.9500007629
2011-06-06,18.6499996185,17.6499996185,18.4200000763,18.4899997711,0,18.4899997711
2011-06-07,18.4799995422,17.3899993896,18.1299991608,18.0699996948,0,18.0699996948
2011-06-08,18.8299999237,17.7199993134,18.1499996185,18.7900009155,0,18.7900009155
2011-06-09,18.3099994659,17.2600002289,18.2000007629,17.7700004578,0,17.7700004578
2011-06-10,19.1599998474,17.9300003052,17.9300003052,18.8600006104,0,18.8600006104
2011-06-13,20.0200004578,18.4099998474,19.1000003815,19.6100006104,0,19.6100006104
2011-06-14,18.5599994659,17.7999992371,18.5599994659,18.2600002289,0,18.2600002289
2011-06-15,21.6599998474,19.0300006866,19.3099994659,21.3199996948,0,21.3199996948
2011-06-16,24.6499996185,20.8099994659,21.3700008392,22.7299995422,0,22.7299995422
2011-06-17,22.3899993896,20.3500003815,21.5599994659,21.8500003815,0,21.8500003815
2011-06-20,23.0799999237,19.9899997711,22.9899997711,19.9899997711,0,19.9899997711
2011-06-21,19.4599990845,17.7199993134,19.4599990845,18.8600006104,0,18.8600006104
2011-06-22,18.8999996185,17.7199993134,18.8600006104,18.5200004578,0,18.5200004578
2011-06-23,21.5,19.2199993134,20.2299995422,19.2900009155,0,19.2900009155
2011-06-24,21.2800006866,19.1000003815,19.2000007629,21.1000003815,0,21.1000003815
2011-06-27,21.8199996948,20.2700004578,21.6000003815,20.5599994659,0,20.5599994659
2011-06-28,20.4500007629,19.1700000763,20.2999992371,19.1700000763,0,19.1700000763
2011-06-29,18.8299999237,16.3199996948,18.6200008392,17.2700004578,0,17.2700004578
2011-06-30,16.7700004578,15.8800001144,16.6700000763,16.5200004578,0,16.5200004578
2011-07-01,16.2900009155,15.1199998856,16.0599994659,15.8699998856,0,15.8699998856
2011-07-05,16.5,15.8900003433,16.3199996948,16.0599994659,0,16.0599994659
2011-07-06,17.0799999237,16.3199996948,16.4599990845,16.3400001526,0,16.3400001526
2011-07-07,16.1299991608,15.3000001907,15.3000001907,15.9499998093,0,15.9499998093
2011-07-08,17.1399993896,15.9499998093,17.1399993896,15.9499998093,0,15.9499998093
2011-07-11,19.0599994659,17.1599998474,17.4400005341,18.3899993896,0,18.3899993896
2011-07-12,20.1299991608,18.25,19.5499992371,19.8700008392,0,19.8700008392
2011-07-13,20.1599998474,18.0900001526,19.0799999237,19.9099998474,0,19.9099998474
2011-07-14,21.5799999237,19.3500003815,20.0799999237,20.7999992371,0,20.7999992371
2011-07-15,21.6800003052,19.5200004578,20.25,19.5300006866,0,19.5300006866
2011-07-18,21.9300003052,20.8999996185,21.25,20.9500007629,0,20.9500007629
2011-07-19,20.4300003052,19.1200008392,20.1399993896,19.2099990845,0,19.2099990845
2011-07-20,19.6499996185,18.6100006104,18.8099994659,19.0900001526,0,19.0900001526
2011-07-21,18.6299991608,17.1499996185,18.6100006104,17.5599994659,0,17.5599994659
2011-07-22,17.9500007629,17.1399993896,17.2199993134,17.5200004578,0,17.5200004578
2011-07-25,19.5,18.7299995422,19.2600002289,19.3500003815,0,19.3500003815
2011-07-26,20.5,19.5599994659,19.75,20.2299995422,0,20.2299995422
2011-07-27,23.2000007629,20.8700008392,20.8700008392,22.9799995422,0,22.9799995422
2011-07-28,23.9899997711,21.2000007629,22.8299999237,23.7399997711,0,23.7399997711
2011-07-29,25.9400005341,23.6499996185,25.2800006866,25.25,0,25.25
2011-08-01,25.6299991608,22.4599990845,22.6299991608,23.6599998474,0,23.6599998474
2011-08-02,24.7900009155,22.6499996185,24.2199993134,24.7900009155,0,24.7900009155
2011-08-03,25.2299995422,22.7600002289,23.5799999237,23.3799991608,0,23.3799991608
2011-08-04,32.0699996948,24.3099994659,24.5699996948,31.6599998474,0,31.6599998474
2011-08-05,39.25,27.5400009155,28.4799995422,32.0,0,32.0
2011-08-08,48.0,35.2900009155,36.9000015259,48.0,0,48.0
2011-08-09,47.5600013733,34.2799987793,42.1199989319,35.0600013733,0,35.0600013733
2011-08-10,44.4099998474,37.3400001526,39.3300018311,42.9900016785,0,42.9900016785
2011-08-11,42.8800010681,37.5,41.9399986267,39.0,0,39.0
2011-08-12,37.8499984741,34.0099983215,37.0800018311,36.3600006104,0,36.3600006104
2011-08-15,34.8300018311,31.4699993134,34.7299995422,31.8700008392,0,31.8700008392
2011-08-16,34.4900016785,31.6800003052,33.3600006104,32.8499984741,0,32.8499984741
2011-08-17,33.3199996948,30.8099994659,32.0900001526,31.5799999237,0,31.5799999237
2011-08-18,45.2799987793,36.6899986267,36.7700004578,42.6699981689,0,42.6699981689
2011-08-19,45.4000015259,39.9900016785,45.3400001526,43.0499992371,0,43.0499992371
2011-08-22,43.5800018311,38.7799987793,38.7999992371,42.4399986267,0,42.4399986267
2011-08-23,42.5400009155,35.8300018311,41.8899993896,36.2700004578,0,36.2700004578
2011-08-24,37.3800010681,34.5499992371,37.1199989319,35.9000015259,0,35.9000015259
2011-08-25,40.1399993896,34.0499992371,34.4300003052,39.7599983215,0,39.7599983215
2011-08-26,43.8400001526,34.3300018311,41.1800003052,35.5900001526,0,35.5900001526
2011-08-29,33.8100013733,32.2099990845,33.8100013733,32.2799987793,0,32.2799987793
2011-08-30,33.5499992371,31.5499992371,32.9700012207,32.8899993896,0,32.8899993896
2011-08-31,32.5299987793,30.1599998474,31.2000007629,31.6200008392,0,31.6200008392
2011-09-01,32.3800010681,30.7600002289,31.9099998474,31.8199996948,0,31.8199996948
2011-09-02,34.7400016785,32.7000007629,34.2900009155,33.9199981689,0,33.9199981689
2011-09-06,39.8600006104,37.0,39.8400001526,37.0,0,37.0
2011-09-07,34.7000007629,33.3800010681,34.2400016785,33.3800010681,0,33.3800010681
2011-09-08,34.7099990845,32.7900009155,34.4099998474,34.3199996948,0,34.3199996948
2011-09-09,40.7400016785,35.5299987793,35.5299987793,38.5200004578,0,38.5200004578
2011-09-12,43.1800003052,38.5800018311,42.5600013733,38.5900001526,0,38.5900001526
2011-09-13,39.4300003052,36.6899986267,38.6800003052,36.9099998474,0,36.9099998474
2011-09-14,37.7599983215,33.4000015259,36.5900001526,34.5999984741,0,34.5999984741
2011-09-15,33.9799995422,31.75,33.4300003052,31.9699993134,0,31.9699993134
2011-09-16,32.4799995422,30.4300003052,31.8099994659,30.9799995422,0,30.9799995422
2011-09-19,35.3300018311,32.3499984741,34.7999992371,32.7299995422,0,32.7299995422
2011-09-20,33.1399993896,31.4500007629,32.4199981689,32.8600006104,0,32.8600006104
2011-09-21,37.3199996948,32.4500007629,33.0,37.3199996948,0,37.3199996948
2011-09-22,43.8699989319,39.3300018311,41.0,41.3499984741,0,41.3499984741
2011-09-23,42.8199996948,40.4199981689,42.1699981689,41.25,0,41.25
2011-09-26,43.3400001526,39.0200004578,40.9900016785,39.0200004578,0,39.0200004578
2011-09-27,38.5699996948,35.3199996948,36.5900001526,37.7099990845,0,37.7099990845
2011-09-28,41.2400016785,36.6500015259,37.7000007629,41.0800018311,0,41.0800018311
2011-09-29,42.0,38.0299987793,38.6199989319,38.8400001526,0,38.8400001526
2011-09-30,42.9900016785,39.8800010681,40.9300003052,42.9599990845,0,42.9599990845
2011-10-03,45.5499992371,41.5099983215,44.25,45.4500007629,0,45.4500007629
2011-10-04,46.8800010681,40.0200004578,46.1800003052,40.8199996948,0,40.8199996948
2011-10-05,41.2000007629,37.5099983215,40.7299995422,37.8100013733,0,37.8100013733
2011-10-06,38.7400016785,36.1500015259,38.2400016785,36.2700004578,0,36.2700004578
2011-10-07,37.8199996948,35.1899986267,35.6699981689,36.2000007629,0,36.2000007629
2011-10-10,35.4500007629,32.9599990845,35.4500007629,33.0200004578,0,33.0200004578
2011-10-11,34.2400016785,32.6199989319,33.9500007629,32.8600006104,0,32.8600006104
2011-10-12,31.9300003052,29.7900009155,31.5699996948,31.2600002289,0,31.2600002289
2011-10-13,32.7599983215,30.4799995422,31.9899997711,30.7000007629,0,30.7000007629
2011-10-14,29.9599990845,28.0799999237,29.0699996948,28.2399997711,0,28.2399997711
2011-10-17,33.3899993896,30.1200008392,30.3500003815,33.3899993896,0,33.3899993896
2011-10-18,34.7099990845,29.6900005341,33.3699989319,31.5599994659,0,31.5599994659
2011-10-19,35.4700012207,31.9099998474,32.9199981689,34.4399986267,0,34.4399986267
2011-10-20,36.8699989319,34.1599998474,34.4399986267,34.7799987793,0,34.7799987793
2011-10-21,32.9799995422,31.3199996948,32.7599983215,31.3199996948,0,31.3199996948
2011-10-24,31.7000007629,28.8400001526,31.6700000763,29.2600002289,0,29.2600002289
2011-10-25,32.4599990845,30.3199996948,30.6800003052,32.2200012207,0,32.2200012207
2011-10-26,33.2999992371,29.6299991608,30.4400005341,29.8600006104,0,29.8600006104
2011-10-27,26.4599990845,24.7000007629,24.7199993134,25.4599990845,0,25.4599990845
2011-10-28,26.0200004578,24.4400005341,26.0200004578,24.5300006866,0,24.5300006866
2011-10-31,29.9699993134,27.0100002289,27.0900001526,29.9599990845,0,29.9599990845
2011-11-01,37.5299987793,33.8699989319,36.0299987793,34.7700004578,0,34.7700004578
2011-11-02,34.2700004578,32.5499992371,33.5299987793,32.7400016785,0,32.7400016785
2011-11-03,34.6500015259,30.2099990845,31.3799991608,30.5,0,30.5
2011-11-04,32.5600013733,30.1399993896,31.4599990845,30.1599998474,0,30.1599998474
2011-11-07,32.1500015259,29.8500003815,31.3999996185,29.8500003815,0,29.8500003815
2011-11-08,30.4899997711,27.4699993134,29.3400001526,27.4799995422,0,27.4799995422
2011-11-09,36.4300003052,30.9799995422,31.3199996948,36.1599998474,0,36.1599998474
2011-11-10,35.5,32.1199989319,33.0900001526,32.8100013733,0,32.8100013733
2011-11-11,30.4200000763,29.4500007629,29.9099998474,30.0400009155,0,30.0400009155
2011-11-14,32.8499984741,31.1299991608,31.4200000763,31.1299991608,0,31.1299991608
2011-11-15,32.5499992371,30.3999996185,31.7399997711,31.2199993134,0,31.2199993134
2011-11-16,33.5099983215,30.5400009155,32.6599998474,33.5099983215,0,33.5099983215
2011-11-17,36.4599990845,32.8899993896,33.1500015259,34.5099983215,0,34.5099983215
2011-11-18,33.9900016785,31.9200000763,33.1599998474,32.0,0,32.0
2011-11-21,35.2900009155,32.5299987793,34.5900001526,32.9099998474,0,32.9099998474
2011-11-22,33.3899993896,31.2800006866,33.1199989319,31.9699993134,0,31.9699993134
2011-11-23,34.5699996948,32.6800003052,32.9099998474,33.9799995422,0,33.9799995422
2011-11-25,34.7700004578,33.1199989319,34.6100006104,34.4700012207,0,34.4700012207
2011-11-28,33.1100006104,29.4699993134,31.9300003052,32.1300010681,0,32.1300010681
2011-11-29,32.0200004578,30.5599994659,31.7600002289,30.6399993896,0,30.6399993896
2011-11-30,28.5,27.0300006866,27.7199993134,27.7999992371,0,27.7999992371
2011-12-01,27.8899993896,26.6399993896,27.6299991608,27.4099998474,0,27.4099998474
2011-12-02,27.6200008392,25.2900009155,26.2600002289,27.5200004578,0,27.5200004578
2011-12-05,28.3099994659,26.0,26.7399997711,27.8400001526,0,27.8400001526
2011-12-06,28.1299991608,27.4099998474,27.9099998474,28.1299991608,0,28.1299991608
2011-12-07,29.5799999237,28.4400005341,28.6100006104,28.6700000763,0,28.6700000763
2011-12-08,30.9099998474,29.0200004578,29.6299991608,30.5900001526,0,30.5900001526
2011-12-09,29.6100006104,26.2900009155,29.6100006104,26.3799991608,0,26.3799991608
2011-12-12,27.7299995422,25.6399993896,26.7800006866,25.6700000763,0,25.6700000763
2011-12-13,26.2800006866,23.2700004578,24.7199993134,25.4099998474,0,25.4099998474
2011-12-14,27.5499992371,25.7600002289,26.1599998474,26.0400009155,0,26.0400009155
2011-12-15,25.2800006866,23.8799991608,24.3799991608,25.1100006104,0,25.1100006104
2011-12-16,25.0200004578,23.5100002289,24.1599998474,24.2900009155,0,24.2900009155
2011-12-19,25.3799991608,24.3799991608,25.1399993896,24.9200000763,0,24.9200000763
2011-12-20,23.5799999237,22.5400009155,23.5599994659,23.2199993134,0,23.2199993134
2011-12-21,23.9400005341,21.1200008392,22.5200004578,21.4300003052,0,21.4300003052
2011-12-22,21.3299999237,20.3400001526,21.0799999237,21.1599998474,0,21.1599998474
2011-12-23,21.2099990845,20.7199993134,21.1000003815,20.7299995422,0,20.7299995422
2011-12-27,22.6599998474,21.6800003052,22.5799999237,21.9099998474,0,21.9099998474
2011-12-28,23.5599994659,22.1100006104,22.1200008392,23.5200004578,0,23.5200004578
2011-12-29,23.5200004578,22.6499996185,23.5200004578,22.6499996185,0,22.6499996185
2011-12-30,23.4599990845,22.6499996185,22.8600006104,23.3999996185,0,23.3999996185
2012-01-03,23.1000003815,22.5400009155,22.9500007629,22.9699993134,0,22.9699993134
2012-01-04,23.7299995422,22.2199993134,23.4400005341,22.2199993134,0,22.2199993134
2012-01-05,23.0900001526,21.3400001526,22.75,21.4799995422,0,21.4799995422
2012-01-06,21.7199993134,20.5799999237,21.2399997711,20.6299991608,0,20.6299991608
2012-01-09,21.7800006866,21.0,21.6700000763,21.0699996948,0,21.0699996948
2012-01-10,20.6900005341,20.0499992371,20.1399993896,20.6900005341,0,20.6900005341
2012-01-11,21.2199993134,20.9799995422,21.1800003052,21.0499992371,0,21.0499992371
2012-01-12,22.0300006866,20.4599990845,21.0100002289,20.4699993134,0,20.4699993134
2012-01-13,22.4300003052,20.9099998474,21.4099998474,20.9099998474,0,20.9099998474
2012-01-17,22.25,20.6900005341,20.8999996185,22.2000007629,0,22.2000007629
2012-01-18,23.4400005341,20.7800006866,23.2000007629,20.8899993896,0,20.8899993896
2012-01-19,20.8700008392,19.4500007629,20.4899997711,19.8700008392,0,19.8700008392
2012-01-20,19.9400005341,18.1599998474,19.9099998474,18.2800006866,0,18.2800006866
2012-01-23,19.3099994659,18.5499992371,19.2199993134,18.6700000763,0,18.6700000763
2012-01-24,20.0,18.6299991608,19.7600002289,18.9099998474,0,18.9099998474
2012-01-25,19.5499992371,17.1499996185,19.3500003815,18.3099994659,0,18.3099994659
2012-01-26,19.1700000763,16.7999992371,17.9599990845,18.5699996948,0,18.5699996948
2012-01-27,19.1599998474,18.2600002289,19.1599998474,18.5300006866,0,18.5300006866
2012-01-30,20.3299999237,19.3799991608,20.3299999237,19.3999996185,0,19.3999996185
2012-01-31,19.8400001526,18.1299991608,19.0699996948,19.4400005341,0,19.4400005341
2012-02-01,18.8199996948,17.9899997711,18.6800003052,18.5499992371,0,18.5499992371
2012-02-02,18.5,17.9799995422,18.3799991608,17.9799995422,0,17.9799995422
2012-02-03,17.3199996948,16.1000003815,16.8400001526,17.1000003815,0,17.1000003815
2012-02-06,18.0200004578,16.1100006104,17.9799995422,17.7600002289,0,17.7600002289
2012-02-07,18.1000003815,17.5,17.9300003052,17.6499996185,0,17.6499996185
2012-02-08,18.4599990845,17.5300006866,17.7900009155,18.1599998474,0,18.1599998474
2012-02-09,18.7199993134,18.0699996948,18.1200008392,18.6299991608,0,18.6299991608
2012-02-10,21.9799995422,19.0200004578,20.1000003815,20.7900009155,0,20.7900009155
2012-02-13,19.6800003052,17.9200000763,19.6399993896,19.0400009155,0,19.0400009155
2012-02-14,20.7600002289,18.9500007629,19.4500007629,19.5400009155,0,19.5400009155
2012-02-15,21.7700004578,19.4400005341,19.7399997711,21.1399993896,0,21.1399993896
2012-02-16,21.7600002289,19.2199993134,21.5900001526,19.2199993134,0,19.2199993134
2012-02-17,18.7900009155,17.5400009155,18.7299995422,17.7800006866,0,17.7800006866
2012-02-21,18.9400005341,17.6499996185,18.4099998474,18.1900005341,0,18.1900005341
2012-02-22,18.9400005341,17.7399997711,18.8500003815,18.1900005341,0,18.1900005341
2012-02-23,18.9699993134,16.6399993896,18.7299995422,16.7999992371,0,16.7999992371
2012-02-24,17.6200008392,16.4200000763,16.6800003052,17.3099994659,0,17.3099994659
2012-02-27,19.25,17.5799999237,19.1000003815,18.1900005341,0,18.1900005341
2012-02-28,18.6700000763,17.8799991608,18.6700000763,17.9599990845,0,17.9599990845
2012-02-29,18.75,17.5300006866,17.7999992371,18.4300003052,0,18.4300003052
2012-03-01,18.0300006866,17.2600002289,18.0200004578,17.2600002289,0,17.2600002289
2012-03-02,17.6499996185,17.1399993896,17.6499996185,17.2900009155,0,17.2900009155
2012-03-05,18.8999996185,18.0200004578,18.2700004578,18.0499992371,0,18.0499992371
2012-03-06,21.2399997711,20.2999992371,20.5699996948,20.8700008392,0,20.8700008392
2012-03-07,20.4400005341,19.0699996948,20.4300003052,19.0699996948,0,19.0699996948
2012-03-08,18.4599990845,17.7600002289,18.0799999237,17.9500007629,0,17.9500007629
2012-03-09,17.5400009155,16.6299991608,17.1599998474,17.1100006104,0,17.1100006104
2012-03-12,16.6700000763,15.2299995422,15.7899999619,15.6400003433,0,15.6400003433
2012-03-13,16.0799999237,13.9899997711,14.0,14.8000001907,0,14.8000001907
2012-03-14,16.1900005341,14.3900003433,14.4200000763,15.3100004196,0,15.3100004196
2012-03-15,16.0599994659,14.5799999237,15.3199996948,15.4200000763,0,15.4200000763
2012-03-16,15.2399997711,13.6599998474,14.4300003052,14.470000267,0,14.470000267
2012-03-19,15.4300003052,14.5399999619,15.4200000763,15.0399999619,0,15.0399999619
2012-03-20,15.9499998093,15.1099996567,15.8199996948,15.5799999237,0,15.5799999237
2012-03-21,15.3100004196,14.1899995804,14.720000267,15.1300001144,0,15.1300001144
2012-03-22,16.5799999237,15.5600004196,16.0400009155,15.5699996948,0,15.5699996948
2012-03-23,16.3899993896,14.6899995804,15.6499996185,14.8199996948,0,14.8199996948
2012-03-26,15.029999733,14.2600002289,14.5100002289,14.2600002289,0,14.2600002289
2012-03-27,15.5900001526,14.1400003433,14.5200004578,15.5900001526,0,15.5900001526
2012-03-28,17.2700004578,15.3999996185,15.5799999237,15.470000267,0,15.470000267
2012-03-29,17.2000007629,15.3900003433,16.8400001526,15.4799995422,0,15.4799995422
2012-03-30,15.9799995422,14.6700000763,14.8800001144,15.5,0,15.5
2012-04-02,16.5799999237,15.0200004578,16.3500003815,15.6400003433,0,15.6400003433
2012-04-03,16.6499996185,15.5600004196,15.6099996567,15.6599998474,0,15.6599998474
2012-04-04,17.7399997711,16.3099994659,17.0699996948,16.4400005341,0,16.4400005341
2012-04-05,17.1299991608,16.2900009155,17.0200004578,16.7000007629,0,16.7000007629
2012-04-09,18.9400005341,17.9300003052,18.9400005341,18.8099994659,0,18.8099994659
2012-04-10,21.0599994659,18.6200008392,19.1000003815,20.3899993896,0,20.3899993896
2012-04-11,20.1200008392,18.7299995422,19.2199993134,20.0200004578,0,20.0200004578
2012-04-12,19.7399997711,17.2000007629,19.6299991608,17.2000007629,0,17.2000007629
2012-04-13,19.6200008392,17.8500003815,17.9500007629,19.5499992371,0,19.5499992371
2012-04-16,20.4200000763,18.6000003815,18.8700008392,19.5499992371,0,19.5499992371
2012-04-17,18.6599998474,17.5799999237,18.6599998474,18.4599990845,0,18.4599990845
2012-04-18,19.1700000763,17.7000007629,19.0200004578,18.6399993896,0,18.6399993896
2012-04-19,19.6900005341,17.6900005341,18.5100002289,18.3600006104,0,18.3600006104
2012-04-20,18.0499992371,16.9699993134,17.9200000763,17.4400005341,0,17.4400005341
2012-04-23,20.2700004578,18.9500007629,20.2199993134,18.9699993134,0,18.9699993134
2012-04-24,19.2199993134,18.0900001526,19.2199993134,18.1000003815,0,18.1000003815
2012-04-25,17.3799991608,16.8199996948,17.0499992371,16.8199996948,0,16.8199996948
2012-04-26,17.0400009155,15.75,16.9699993134,16.2399997711,0,16.2399997711
2012-04-27,16.4699993134,15.8299999237,15.8299999237,16.3199996948,0,16.3199996948
2012-04-30,17.4099998474,16.9200000763,17.0400009155,17.1499996185,0,17.1499996185
2012-05-01,17.4899997711,16.0100002289,17.2700004578,16.6000003815,0,16.6000003815
2012-05-02,17.6299991608,16.7800006866,17.25,16.8799991608,0,16.8799991608
2012-05-03,17.9200000763,16.7299995422,16.8999996185,17.5599994659,0,17.5599994659
2012-05-04,19.2800006866,17.8099994659,18.0300006866,19.1599998474,0,19.1599998474
2012-05-07,19.8700008392,18.4099998474,19.7999992371,18.9400005341,0,18.9400005341
2012-05-08,20.9099998474,17.9500007629,19.4400005341,19.0499992371,0,19.0499992371
2012-05-09,21.5900001526,19.3799991608,20.6499996185,20.0799999237,0,20.0799999237
2012-05-10,19.8799991608,18.7700004578,19.25,18.8299999237,0,18.8299999237
2012-05-11,19.9400005341,18.6200008392,19.9300003052,19.8899993896,0,19.8899993896
2012-05-14,21.8700008392,20.9400005341,21.4699993134,21.8700008392,0,21.8700008392
2012-05-15,22.7000007629,20.7600002289,21.4300003052,21.9699993134,0,21.9699993134
2012-05-16,22.6900005341,20.8299999237,21.5400009155,22.2700004578,0,22.2700004578
2012-05-17,24.5100002289,21.8700008392,21.9899997711,24.4899997711,0,24.4899997711
2012-05-18,25.1399993896,23.0699996948,23.2700004578,25.1000003815,0,25.1000003815
2012-05-21,24.8799991608,22.0100002289,24.8799991608,22.0100002289,0,22.0100002289
2012-05-22,23.1900005341,19.9799995422,21.7600002289,22.4799995422,0,22.4799995422
2012-05-23,24.6200008392,21.9899997711,23.3199996948,22.3299999237,0,22.3299999237
2012-05-24,23.2199993134,21.4799995422,22.0,21.5400009155,0,21.5400009155
2012-05-25,22.2900009155,21.2999992371,22.0499992371,21.7600002289,0,21.7600002289
2012-05-29,22.4699993134,20.9899997711,21.7000007629,21.0300006866,0,21.0300006866
2012-05-30,24.1399993896,22.6599998474,22.6800003052,24.1399993896,0,24.1399993896
2012-05-31,25.4599990845,22.7800006866,23.8299999237,24.0599994659,0,24.0599994659
2012-06-01,26.7099990845,23.9400005341,25.8700008392,26.6599998474,0,26.6599998474
2012-06-04,27.7299995422,25.7199993134,26.3500003815,26.1200008392,0,26.1200008392
2012-06-05,25.8999996185,24.5,25.8999996185,24.6800003052,0,24.6800003052
2012-06-06,23.8899993896,21.7999992371,23.7600002289,22.1599998474,0,22.1599998474
2012-06-07,22.4799995422,20.7399997711,21.0,21.7199993134,0,21.7199993134
2012-06-08,23.1000003815,20.2900009155,22.5400009155,21.2299995422,0,21.2299995422
2012-06-11,23.5599994659,19.6299991608,19.8700008392,23.5599994659,0,23.5599994659
2012-06-12,23.8999996185,22.0900001526,23.1499996185,22.0900001526,0,22.0900001526
2012-06-13,24.9300003052,22.6599998474,22.9300003052,24.2700004578,0,24.2700004578
2012-06-14,24.8099994659,21.5499992371,24.1900005341,21.6800003052,0,21.6800003052
2012-06-15,23.0900001526,20.6100006104,22.4699993134,21.1100006104,0,21.1100006104
2012-06-18,21.9799995422,18.2399997711,21.7600002289,18.3199996948,0,18.3199996948
2012-06-19,18.6200008392,17.3600006104,17.6599998474,18.3799991608,0,18.3799991608
2012-06-20,20.0499992371,17.0900001526,17.9599990845,17.2399997711,0,17.2399997711
2012-06-21,20.4799995422,16.7700004578,16.8899993896,20.0799999237,0,20.0799999237
2012-06-22,19.3700008392,17.8999996185,18.6499996185,18.1100006104,0,18.1100006104
2012-06-25,21.3600006104,19.8899993896,20.4699993134,20.3799991608,0,20.3799991608
2012-06-26,20.5699996948,19.4200000763,20.0100002289,19.7199993134,0,19.7199993134
2012-06-27,20.1200008392,19.3799991608,19.5499992371,19.4500007629,0,19.4500007629
2012-06-28,21.1900005341,19.6000003815,20.3299999237,19.7099990845,0,19.7099990845
2012-06-29,19.7099990845,16.8700008392,17.5200004578,17.0799999237,0,17.0799999237
2012-07-02,18.1900005341,16.6599998474,17.6200008392,16.7999992371,0,16.7999992371
2012-07-03,16.9200000763,16.2700004578,16.6700000763,16.6599998474,0,16.6599998474
2012-07-05,18.2199993134,17.1800003052,17.6100006104,17.5,0,17.5
2012-07-06,18.25,16.9500007629,18.2000007629,17.1000003815,0,17.1000003815
2012-07-09,18.3199996948,17.7299995422,18.1700000763,17.9799995422,0,17.9799995422
2012-07-10,19.1900005341,17.2900009155,17.5100002289,18.7199993134,0,18.7199993134
2012-07-11,19.1700000763,17.8400001526,17.9799995422,17.9500007629,0,17.9500007629
2012-07-12,19.5100002289,17.75,18.8199996948,18.3299999237,0,18.3299999237
2012-07-13,17.8199996948,16.3600006104,17.7800006866,16.7399997711,0,16.7399997711
2012-07-16,17.3199996948,16.4599990845,17.3099994659,17.1100006104,0,17.1100006104
2012-07-17,17.4599990845,16.0900001526,16.7199993134,16.4799995422,0,16.4799995422
2012-07-18,16.8099994659,15.6899995804,16.8099994659,16.1599998474,0,16.1599998474
2012-07-19,16.7000007629,15.4499998093,16.0599994659,15.4499998093,0,15.4499998093
2012-07-20,17.0499992371,15.970000267,16.6499996185,16.2700004578,0,16.2700004578
2012-07-23,20.4899997711,18.3400001526,20.4099998474,18.6200008392,0,18.6200008392
2012-07-24,21.0,18.3700008392,18.3799991608,20.4699993134,0,20.4699993134
2012-07-25,20.6700000763,18.9899997711,19.7900009155,19.3400001526,0,19.3400001526
2012-07-26,18.4699993134,17.0699996948,17.6800003052,17.5300006866,0,17.5300006866
2012-07-27,17.2999992371,16.5200004578,17.1100006104,16.7000007629,0,16.7000007629
2012-07-30,18.0799999237,17.2299995422,17.5499992371,18.0300006866,0,18.0300006866
2012-07-31,19.0900001526,18.2600002289,18.3999996185,18.9300003052,0,18.9300003052
2012-08-01,19.1800003052,18.2000007629,18.7999992371,18.9599990845,0,18.9599990845
2012-08-02,19.25,17.5599994659,19.0499992371,17.5699996948,0,17.5699996948
2012-08-03,16.4500007629,15.6400003433,16.0499992371,15.6400003433,0,15.6400003433
2012-08-06,16.2700004578,15.8199996948,15.8500003815,15.9499998093,0,15.9499998093
2012-08-07,16.0300006866,15.4799995422,15.5500001907,15.9899997711,0,15.9899997711
2012-08-08,16.4699993134,15.2700004578,16.4599990845,15.3199996948,0,15.3199996948
2012-08-09,15.6700000763,15.279999733,15.3900003433,15.279999733,0,15.279999733
2012-08-10,15.5,14.7299995422,15.3400001526,14.7399997711,0,14.7399997711
2012-08-13,14.6700000763,13.6700000763,14.0900001526,13.6999998093,0,13.6999998093
2012-08-14,15.0600004196,13.9099998474,13.9099998474,14.8500003815,0,14.8500003815
2012-08-15,14.9799995422,14.3599996567,14.8199996948,14.6300001144,0,14.6300001144
2012-08-16,15.1499996185,14.279999733,14.8800001144,14.2899999619,0,14.2899999619
2012-08-17,14.3000001907,13.3000001907,14.2299995422,13.4499998093,0,13.4499998093
2012-08-20,14.779999733,13.3800001144,14.1099996567,14.0200004578,0,14.0200004578
2012-08-21,15.4399995804,13.4600000381,14.1000003815,15.0200004578,0,15.0200004578
2012-08-22,15.5200004578,14.75,15.3199996948,15.1099996567,0,15.1099996567
2012-08-23,16.4500007629,15.0,15.0,15.9600000381,0,15.9600000381
2012-08-24,16.0,15.1800003052,15.9899997711,15.1800003052,0,15.1800003052
2012-08-27,16.3799991608,15.75,16.1499996185,16.3500003815,0,16.3500003815
2012-08-28,16.9200000763,16.0100002289,16.3199996948,16.4899997711,0,16.4899997711
2012-08-29,17.0599994659,16.5,16.6100006104,17.0599994659,0,17.0599994659
2012-08-30,18.0499992371,17.4400005341,17.4799995422,17.8299999237,0,17.8299999237
2012-08-31,18.0400009155,16.5599994659,17.25,17.4699993134,0,17.4699993134
2012-09-04,18.9599990845,17.8500003815,18.6499996185,17.9799995422,0,17.9799995422
2012-09-05,17.8400001526,16.9899997711,17.3799991608,17.7399997711,0,17.7399997711
2012-09-06,17.2999992371,15.6000003815,17.2999992371,15.6000003815,0,15.6000003815
2012-09-07,15.6000003815,14.3299999237,15.6000003815,14.3800001144,0,14.3800001144
2012-09-10,16.2800006866,13.970000267,14.2700004578,16.2800006866,0,16.2800006866
2012-09-11,16.4099998474,15.4600000381,16.1100006104,16.4099998474,0,16.4099998474
2012-09-12,16.3099994659,15.4300003052,15.5900001526,15.8000001907,0,15.8000001907
2012-09-13,16.5400009155,13.9099998474,15.6000003815,14.0500001907,0,14.0500001907
2012-09-14,14.7100000381,13.5100002289,13.8199996948,14.5100002289,0,14.5100002289
2012-09-17,14.9200000763,14.3800001144,14.6700000763,14.5900001526,0,14.5900001526
2012-09-18,14.8800001144,13.970000267,14.5100002289,14.1800003052,0,14.1800003052
2012-09-19,14.0799999237,13.6099996567,13.9499998093,13.8800001144,0,13.8800001144
2012-09-20,14.6700000763,14.0699996948,14.6300001144,14.0699996948,0,14.0699996948
2012-09-21,14.1800003052,13.6899995804,13.9399995804,13.9799995422,0,13.9799995422
2012-09-24,15.0600004196,13.8699998856,15.0600004196,14.1499996185,0,14.1499996185
2012-09-25,15.720000267,14.029999733,14.1899995804,15.4300003052,0,15.4300003052
2012-09-26,17.0799999237,15.8299999237,15.8299999237,16.8099994659,0,16.8099994659
2012-09-27,16.5,14.8299999237,16.3799991608,14.8400001526,0,14.8400001526
2012-09-28,15.7700004578,14.9499998093,15.2299995422,15.7299995422,0,15.7299995422
2012-10-01,16.5300006866,15.1300001144,16.0300006866,16.3199996948,0,16.3199996948
2012-10-02,16.5,15.6999998093,15.8500003815,15.7100000381,0,15.7100000381
2012-10-03,16.0200004578,15.1300001144,15.6300001144,15.4300003052,0,15.4300003052
2012-10-04,15.3299999237,14.529999733,15.2299995422,14.5500001907,0,14.5500001907
2012-10-05,14.779999733,13.6700000763,13.6800003052,14.3299999237,0,14.3299999237
2012-10-08,15.4600000381,15.0399999619,15.1899995804,15.1099996567,0,15.1099996567
2012-10-09,16.3999996185,15.1800003052,15.279999733,16.3700008392,0,16.3700008392
2012-10-10,16.7900009155,16.1299991608,16.5200004578,16.2900009155,0,16.2900009155
2012-10-11,15.8000001907,15.3100004196,15.3299999237,15.5900001526,0,15.5900001526
2012-10-12,16.1800003052,14.9600000381,15.4099998474,16.1399993896,0,16.1399993896
2012-10-15,16.2099990845,15.2299995422,16.0499992371,15.2700004578,0,15.2700004578
2012-10-16,15.2299995422,14.5,14.8400001526,15.220000267,0,15.220000267
2012-10-17,15.6300001144,14.8999996185,15.4300003052,15.0699996948,0,15.0699996948
2012-10-18,15.5,14.6800003052,15.25,15.029999733,0,15.029999733
2012-10-19,17.6000003815,14.8999996185,14.9099998474,17.0599994659,0,17.0599994659
2012-10-22,17.9799995422,16.6200008392,17.4400005341,16.6200008392,0,16.6200008392
2012-10-23,19.6499996185,18.1700000763,18.2299995422,18.8299999237,0,18.8299999237
2012-10-24,18.6700000763,17.9300003052,18.2199993134,18.3299999237,0,18.3299999237
2012-10-25,18.6399993896,17.2999992371,17.5599994659,18.1200008392,0,18.1200008392
2012-10-26,18.6399993896,17.5200004578,18.0300006866,17.8099994659,0,17.8099994659
2012-10-31,18.8400001526,17.5599994659,17.6800003052,18.6000003815,0,18.6000003815
2012-11-01,17.7900009155,16.4500007629,17.7700004578,16.6900005341,0,16.6900005341
2012-11-02,17.6000003815,16.0499992371,16.0599994659,17.5900001526,0,17.5900001526
2012-11-05,18.7000007629,18.1299991608,18.3299999237,18.4200000763,0,18.4200000763
2012-11-06,18.1700000763,17.1900005341,18.1599998474,17.5799999237,0,17.5799999237
2012-11-07,19.3999996185,17.6200008392,17.7199993134,19.0799999237,0,19.0799999237
2012-11-08,18.6900005341,17.9599990845,18.6900005341,18.4899997711,0,18.4899997711
2012-11-09,18.8099994659,17.6700000763,18.7999992371,18.6100006104,0,18.6100006104
2012-11-12,18.1499996185,16.4500007629,18.1499996185,16.6800003052,0,16.6800003052
2012-11-13,17.3799991608,16.1200008392,17.3600006104,16.6499996185,0,16.6499996185
2012-11-14,18.0499992371,15.9300003052,16.3199996948,17.9200000763,0,17.9200000763
2012-11-15,18.6399993896,17.6200008392,17.7399997711,17.9899997711,0,17.9899997711
2012-11-16,18.5,16.4099998474,17.6499996185,16.4099998474,0,16.4099998474
2012-11-19,15.9799995422,15.1000003815,15.8800001144,15.2399997711,0,15.2399997711
2012-11-20,15.6499996185,15.0600004196,15.1099996567,15.0799999237,0,15.0799999237
2012-11-21,15.4300003052,14.7700004578,14.9600000381,15.3100004196,0,15.3100004196
2012-11-23,15.2600002289,15.0,15.0,15.1400003433,0,15.1400003433
2012-11-26,15.8400001526,15.470000267,15.6300001144,15.5,0,15.5
2012-11-27,15.9300003052,15.0100002289,15.3000001907,15.9200000763,0,15.9200000763
2012-11-28,16.9799995422,15.470000267,16.4300003052,15.5100002289,0,15.5100002289
2012-11-29,15.5100002289,15.0200004578,15.2100000381,15.0600004196,0,15.0600004196
2012-11-30,16.1700000763,14.8900003433,15.2600002289,15.8699998856,0,15.8699998856
2012-12-03,16.6900005341,15.7600002289,15.8100004196,16.6399993896,0,16.6399993896
2012-12-04,17.3700008392,16.3799991608,16.6599998474,17.1200008392,0,17.1200008392
2012-12-05,17.5300006866,16.2700004578,16.9500007629,16.4599990845,0,16.4599990845
2012-12-06,16.8500003815,16.3099994659,16.5900001526,16.5799999237,0,16.5799999237
2012-12-07,16.6499996185,15.7299995422,16.1200008392,15.8999996185,0,15.8999996185
2012-12-10,16.4699993134,15.9600000381,16.4699993134,16.0499992371,0,16.0499992371
2012-12-11,16.0100002289,15.4200000763,15.9399995804,15.5699996948,0,15.5699996948
2012-12-12,16.0900001526,15.4099998474,15.6000003815,15.9499998093,0,15.9499998093
2012-12-13,16.6700000763,15.7100000381,15.8699998856,16.5599994659,0,16.5599994659
2012-12-14,17.1499996185,16.6100006104,16.6800003052,17.0,0,17.0
2012-12-17,17.2000007629,16.2099990845,17.2000007629,16.3400001526,0,16.3400001526
2012-12-18,16.4300003052,15.4600000381,16.3899993896,15.5699996948,0,15.5699996948
2012-12-19,17.4599990845,16.0400009155,16.0499992371,17.3600006104,0,17.3600006104
2012-12-20,17.9599990845,17.1100006104,17.2600002289,17.6700000763,0,17.6700000763
2012-12-21,19.9300003052,17.7600002289,19.8500003815,17.8400001526,0,17.8400001526
2012-12-24,18.6599998474,17.8400001526,18.4599990845,17.8400001526,0,17.8400001526
2012-12-26,19.6299991608,18.6100006104,18.7099990845,19.4799995422,0,19.4799995422
2012-12-27,20.8999996185,19.1100006104,19.3899993896,19.4699993134,0,19.4699993134
2012-12-28,23.2299995422,19.9400005341,20.3199996948,22.7199993134,0,22.7199993134
2012-12-31,22.7199993134,17.8799991608,22.1399993896,18.0200004578,0,18.0200004578
2013-01-02,15.9300003052,14.6000003815,15.2399997711,14.6800003052,0,14.6800003052
2013-01-03,14.9200000763,14.2399997711,14.7700004578,14.5600004196,0,14.5600004196
2013-01-04,14.3100004196,13.6400003433,14.2299995422,13.8299999237,0,13.8299999237
2013-01-07,14.529999733,13.7100000381,14.529999733,13.7899999619,0,13.7899999619
2013-01-08,14.2899999619,13.6199998856,13.8800001144,13.6199998856,0,13.6199998856
2013-01-09,13.9300003052,13.220000267,13.3199996948,13.8100004196,0,13.8100004196
2013-01-10,13.8800001144,13.3299999237,13.3299999237,13.4899997711,0,13.4899997711
2013-01-11,13.7899999619,13.220000267,13.5500001907,13.3599996567,0,13.3599996567
2013-01-14,13.8500003815,13.4099998474,13.6599998474,13.5200004578,0,13.5200004578
2013-01-15,13.9899997711,13.3299999237,13.970000267,13.5500001907,0,13.5500001907
2013-01-16,13.7600002289,13.1999998093,13.6999998093,13.4200000763,0,13.4200000763
2013-01-17,13.6999998093,13.1599998474,13.4499998093,13.5699996948,0,13.5699996948
2013-01-18,13.529999733,12.2899999619,13.5200004578,12.4600000381,0,12.4600000381
2013-01-22,13.3199996948,12.4300003052,13.279999733,12.4300003052,0,12.4300003052
2013-01-23,12.6700000763,12.3000001907,12.6700000763,12.4600000381,0,12.4600000381
2013-01-24,13.5,12.3999996185,12.7299995422,12.6899995804,0,12.6899995804
2013-01-25,12.9899997711,12.5,12.6300001144,12.8900003433,0,12.8900003433
2013-01-28,13.9099998474,13.2899999619,13.2899999619,13.5699996948,0,13.5699996948
2013-01-29,13.8800001144,13.0399999619,13.8699998856,13.3100004196,0,13.3100004196
2013-01-30,14.3299999237,13.6000003815,13.6400003433,14.3199996948,0,14.3199996948
2013-01-31,14.4300003052,14.0399999619,14.4300003052,14.279999733,0,14.279999733
2013-02-01,13.3800001144,12.720000267,13.3699998856,12.8999996185,0,12.8999996185
2013-02-04,14.75,13.8000001907,14.0,14.6700000763,0,14.6700000763
2013-02-05,14.2100000381,13.3900003433,14.2100000381,13.720000267,0,13.720000267
2013-02-06,14.0799999237,13.3400001526,14.0600004196,13.4099998474,0,13.4099998474
2013-02-07,14.4099998474,13.4300003052,13.470000267,13.5,0,13.5
2013-02-08,13.1999998093,12.8900003433,13.1999998093,13.0200004578,0,13.0200004578
2013-02-11,13.4200000763,12.9099998474,13.3699998856,12.9399995804,0,12.9399995804
2013-02-12,13.1300001144,12.6300001144,12.8199996948,12.6400003433,0,12.6400003433
2013-02-13,13.1899995804,12.6700000763,12.8800001144,12.9799995422,0,12.9799995422
2013-02-14,13.3199996948,12.6400003433,13.3000001907,12.6599998474,0,12.6599998474
2013-02-15,12.8900003433,12.2399997711,12.470000267,12.4600000381,0,12.4600000381
2013-02-19,12.8500003815,12.0799999237,12.8100004196,12.3100004196,0,12.3100004196
2013-02-20,14.6800003052,12.3199996948,12.3199996948,14.6800003052,0,14.6800003052
2013-02-21,16.2099990845,14.6700000763,14.6800003052,15.220000267,0,15.220000267
2013-02-22,15.0200004578,14.1599998474,14.6000003815,14.1700000763,0,14.1700000763
2013-02-25,19.2800006866,13.5699996948,13.6899995804,18.9899997711,0,18.9899997711
2013-02-26,18.2299995422,16.75,17.5,16.8700008392,0,16.8700008392
2013-02-27,16.6000003815,14.4200000763,16.5699996948,14.7299995422,0,14.7299995422
2013-02-28,15.6000003815,14.1599998474,15.0,15.5100002289,0,15.5100002289
2013-03-01,16.8199996948,15.1400003433,16.1000003815,15.3599996567,0,15.3599996567
2013-03-04,16.1599998474,14.0100002289,16.1599998474,14.0100002289,0,14.0100002289
2013-03-05,13.6599998474,13.2399997711,13.4399995804,13.4799995422,0,13.4799995422
2013-03-06,13.7700004578,13.1700000763,13.1800003052,13.529999733,0,13.529999733
2013-03-07,13.5600004196,13.029999733,13.4499998093,13.0600004196,0,13.0600004196
2013-03-08,13.3000001907,12.4899997711,12.6700000763,12.5900001526,0,12.5900001526
2013-03-11,12.3400001526,11.5,12.3100004196,11.5600004196,0,11.5600004196
2013-03-12,12.9300003052,11.7399997711,11.7899999619,12.2700004578,0,12.2700004578
2013-03-13,12.5500001907,11.7899999619,12.1800003052,11.8299999237,0,11.8299999237
2013-03-14,11.75,11.0500001907,11.6999998093,11.3000001907,0,11.3000001907
2013-03-15,11.9899997711,11.2100000381,11.5200004578,11.3000001907,0,11.3000001907
2013-03-18,13.6400003433,12.5699996948,13.470000267,13.3599996567,0,13.3599996567
2013-03-19,15.3999996185,12.9200000763,13.029999733,14.3900003433,0,14.3900003433
2013-03-20,13.1800003052,12.3000001907,13.1800003052,12.6700000763,0,12.6700000763
2013-03-21,14.2100000381,12.6199998856,13.0699996948,13.9899997711,0,13.9899997711
2013-03-22,13.8500003815,13.1899995804,13.3400001526,13.5699996948,0,13.5699996948
2013-03-25,14.6099996567,12.3900003433,12.8500003815,13.7399997711,0,13.7399997711
2013-03-26,13.2100000381,12.6899995804,12.9499998093,12.7700004578,0,12.7700004578
2013-03-27,13.970000267,12.970000267,13.720000267,13.1499996185,0,13.1499996185
2013-03-28,13.0699996948,12.5399999619,12.9099998474,12.6999998093,0,12.6999998093
2013-04-01,14.0500001907,13.2600002289,13.4600000381,13.5799999237,0,13.5799999237
2013-04-02,13.1800003052,12.7600002289,13.1099996567,12.779999733,0,12.779999733
2013-04-03,14.6599998474,12.6199998856,12.6499996185,14.2100000381,0,14.2100000381
2013-04-04,14.7899999619,13.8900003433,14.1000003815,13.8900003433,0,13.8900003433
2013-04-05,15.6499996185,13.8599996567,15.6400003433,13.9200000763,0,13.9200000763
2013-04-08,14.5,13.1899995804,14.0399999619,13.1899995804,0,13.1899995804
2013-04-09,13.6800003052,12.75,13.1099996567,12.8400001526,0,12.8400001526
2013-04-10,12.8800001144,12.3199996948,12.6599998474,12.3599996567,0,12.3599996567
2013-04-11,12.6199998856,12.1499996185,12.5500001907,12.2399997711,0,12.2399997711
2013-04-12,13.1199998856,11.9899997711,12.6099996567,12.0600004196,0,12.0600004196
2013-04-15,17.2700004578,12.6599998474,13.1199998856,17.2700004578,0,17.2700004578
2013-04-16,14.8699998856,13.9099998474,14.720000267,13.9600000381,0,13.9600000381
2013-04-17,17.8999996185,14.9799995422,15.3500003815,16.5100002289,0,16.5100002289
2013-04-18,18.2000007629,16.3199996948,16.3400001526,17.5599994659,0,17.5599994659
2013-04-19,16.9799995422,14.8699998856,16.6700000763,14.970000267,0,14.970000267
2013-04-22,16.0,14.0399999619,15.0799999237,14.3900003433,0,14.3900003433
2013-04-23,14.8699998856,13.4600000381,13.8100004196,13.4799995422,0,13.4799995422
2013-04-24,13.75,13.3599996567,13.5699996948,13.6099996567,0,13.6099996567
2013-04-25,13.8699998856,13.1300001144,13.6099996567,13.6199998856,0,13.6199998856
2013-04-26,14.1800003052,13.4899997711,13.9399995804,13.6099996567,0,13.6099996567
2013-04-29,13.9399995804,13.3599996567,13.720000267,13.7100000381,0,13.7100000381
2013-04-30,14.279999733,13.5100002289,13.7100000381,13.5200004578,0,13.5200004578
2013-05-01,14.6700000763,13.8699998856,13.8800001144,14.4899997711,0,14.4899997711
2013-05-02,14.4799995422,13.5799999237,14.4799995422,13.5900001526,0,13.5900001526
2013-05-03,13.1499996185,12.7700004578,12.9200000763,12.8500003815,0,12.8500003815
2013-05-06,13.1899995804,12.6599998474,13.0600004196,12.6599998474,0,12.6599998474
2013-05-07,12.9600000381,12.4899997711,12.6300001144,12.8299999237,0,12.8299999237
2013-05-08,13.0399999619,12.6199998856,12.8699998856,12.6599998474,0,12.6599998474
2013-05-09,13.529999733,12.779999733,12.9099998474,13.1300001144,0,13.1300001144
2013-05-10,13.4499998093,12.5399999619,13.0799999237,12.5900001526,0,12.5900001526
2013-05-13,12.8699998856,12.4899997711,12.5699996948,12.5500001907,0,12.5500001907
2013-05-14,13.2100000381,12.5399999619,12.6099996567,12.7700004578,0,12.7700004578
2013-05-15,13.4300003052,12.779999733,12.9799995422,12.8100004196,0,12.8100004196
2013-05-16,13.4600000381,12.7899999619,13.0699996948,13.0699996948,0,13.0699996948
2013-05-17,12.9399995804,12.2600002289,12.7299995422,12.4499998093,0,12.4499998093
2013-05-20,13.279999733,12.8400001526,13.279999733,13.0200004578,0,13.0200004578
2013-05-21,13.4399995804,12.8900003433,13.0799999237,13.3699998856,0,13.3699998856
2013-05-22,14.4499998093,13.0500001907,13.4499998093,13.8199996948,0,13.8199996948
2013-05-23,15.1099996567,13.8699998856,14.9399995804,14.0699996948,0,14.0699996948
2013-05-24,14.7899999619,13.9899997711,14.5900001526,13.9899997711,0,13.9899997711
2013-05-28,14.5600004196,13.5600004196,13.6700000763,14.4799995422,0,14.4799995422
2013-05-29,15.6499996185,14.5900001526,15.3000001907,14.8299999237,0,14.8299999237
2013-05-30,14.9799995422,14.2700004578,14.8999996185,14.529999733,0,14.529999733
2013-05-31,16.3500003815,14.3599996567,15.0200004578,16.2999992371,0,16.2999992371
2013-06-03,17.5799999237,16.1499996185,16.3999996185,16.2800006866,0,16.2800006866
2013-06-04,17.25,15.8199996948,16.1599998474,16.2700004578,0,16.2700004578
2013-06-05,17.8400001526,16.5699996948,16.8600006104,17.5,0,17.5
2013-06-06,18.5100002289,16.6000003815,17.7000007629,16.6299991608,0,16.6299991608
2013-06-07,16.2099990845,14.9600000381,15.8999996185,15.1400003433,0,15.1400003433
2013-06-10,15.6000003815,15.1000003815,15.1599998474,15.4399995804,0,15.4399995804
2013-06-11,17.1399993896,16.0,16.9099998474,17.0699996948,0,17.0699996948
2013-06-12,18.6000003815,16.4300003052,16.5100002289,18.5900001526,0,18.5900001526
2013-06-13,18.5799999237,16.3700008392,18.3799991608,16.4099998474,0,16.4099998474
2013-06-14,17.2600002289,16.0300006866,16.6299991608,17.1499996185,0,17.1499996185
2013-06-17,17.6200008392,16.3299999237,16.5300006866,16.7999992371,0,16.7999992371
2013-06-18,16.9500007629,16.4599990845,16.8099994659,16.6100006104,0,16.6100006104
2013-06-19,17.1800003052,15.3599996567,16.8899993896,16.6399993896,0,16.6399993896
2013-06-20,21.3199996948,18.0100002289,18.3999996185,20.4899997711,0,20.4899997711
2013-06-21,20.9300003052,18.25,18.9699993134,18.8999996185,0,18.8999996185
2013-06-24,21.9099998474,18.5799999237,20.8700008392,20.1100006104,0,20.1100006104
2013-06-25,19.2199993134,17.8199996948,18.6499996185,18.4699993134,0,18.4699993134
2013-06-26,18.0599994659,17.0799999237,17.2299995422,17.2099990845,0,17.2099990845
2013-06-27,16.9699993134,16.3400001526,16.6000003815,16.8600006104,0,16.8600006104
2013-06-28,17.6900005341,16.1900005341,17.25,16.8600006104,0,16.8600006104
2013-07-01,16.8999996185,16.0,16.8999996185,16.3700008392,0,16.3700008392
2013-07-02,16.9300003052,15.8800001144,16.4899997711,16.4400005341,0,16.4400005341
2013-07-03,17.3199996948,16.2000007629,17.2199993134,16.2000007629,0,16.2000007629
2013-07-05,16.2800006866,14.8900003433,15.5900001526,14.8900003433,0,14.8900003433
2013-07-08,15.2700004578,14.6599998474,14.6599998474,14.779999733,0,14.779999733
2013-07-09,14.6499996185,14.2600002289,14.3299999237,14.3500003815,0,14.3500003815
2013-07-10,14.6199998856,14.0600004196,14.4600000381,14.2100000381,0,14.2100000381
2013-07-11,14.1999998093,13.5699996948,13.5699996948,14.0100002289,0,14.0100002289
2013-07-12,14.0399999619,13.7399997711,13.8999996185,13.8400001526,0,13.8400001526
2013-07-15,14.1099996567,13.5,13.9799995422,13.7899999619,0,13.7899999619
2013-07-16,14.5600004196,13.779999733,13.779999733,14.4200000763,0,14.4200000763
2013-07-17,14.4399995804,13.7600002289,14.1999998093,13.779999733,0,13.779999733
2013-07-18,13.8000001907,13.1999998093,13.6300001144,13.7700004578,0,13.7700004578
2013-07-19,13.970000267,12.5399999619,13.8900003433,12.5399999619,0,12.5399999619
2013-07-22,13.3699998856,12.2899999619,13.2299995422,12.2899999619,0,12.2899999619
2013-07-23,13.0600004196,12.0699996948,12.1499996185,12.6599998474,0,12.6599998474
2013-07-24,13.4899997711,12.6899995804,12.6899995804,13.1800003052,0,13.1800003052
2013-07-25,13.5399999619,12.9099998474,13.470000267,12.970000267,0,12.970000267
2013-07-26,13.7299995422,12.7100000381,13.4099998474,12.720000267,0,12.720000267
2013-07-29,13.8599996567,13.3800001144,13.5399999619,13.3900003433,0,13.3900003433
2013-07-30,14.1400003433,13.3500003815,13.4499998093,13.3900003433,0,13.3900003433
2013-07-31,13.8299999237,12.9399995804,13.5500001907,13.4499998093,0,13.4499998093
2013-08-01,13.25,12.8199996948,12.8900003433,12.9399995804,0,12.9399995804
2013-08-02,12.7399997711,11.9799995422,12.6599998474,11.9799995422,0,11.9799995422
2013-08-05,12.4200000763,11.8299999237,12.2899999619,11.8400001526,0,11.8400001526
2013-08-06,12.9300003052,12.0600004196,12.1899995804,12.720000267,0,12.720000267
2013-08-07,13.9099998474,12.9600000381,13.1700000763,12.9799995422,0,12.9799995422
2013-08-08,13.1300001144,12.3699998856,12.5,12.7299995422,0,12.7299995422
2013-08-09,13.6599998474,12.7100000381,12.8800001144,13.4099998474,0,13.4099998474
2013-08-12,13.5699996948,12.8000001907,13.5200004578,12.8100004196,0,12.8100004196
2013-08-13,13.3699998856,12.2899999619,12.8599996567,12.3100004196,0,12.3100004196
2013-08-14,13.0900001526,12.3500003815,12.4799995422,13.0399999619,0,13.0399999619
2013-08-15,14.8500003815,13.9099998474,14.1400003433,14.7299995422,0,14.7299995422
2013-08-16,14.8800001144,13.6199998856,14.5600004196,14.3699998856,0,14.3699998856
2013-08-19,15.1999998093,14.3500003815,14.9399995804,15.1000003815,0,15.1000003815
2013-08-20,15.25,14.2899999619,15.220000267,14.9099998474,0,14.9099998474
2013-08-21,16.5599994659,14.6700000763,16.0,15.9399995804,0,15.9399995804
2013-08-22,15.2600002289,14.6599998474,15.2600002289,14.7600002289,0,14.7600002289
2013-08-23,14.8199996948,13.9799995422,14.2899999619,13.9799995422,0,13.9799995422
2013-08-26,15.0100002289,13.8999996185,14.3699998856,14.9899997711,0,14.9899997711
2013-08-27,17.1299991608,15.8199996948,16.5599994659,16.7700004578,0,16.7700004578
2013-08-28,17.1100006104,16.1000003815,16.9599990845,16.4899997711,0,16.4899997711
2013-08-29,16.9799995422,15.9899997711,16.7900009155,16.8099994659,0,16.8099994659
2013-08-30,17.8099994659,16.7000007629,16.75,17.0100002289,0,17.0100002289
2013-09-03,17.3700008392,16.1100006104,16.4699993134,16.6100006104,0,16.6100006104
2013-09-04,17.0100002289,15.7700004578,16.8799991608,15.8800001144,0,15.8800001144
2013-09-05,16.1200008392,15.6300001144,16.1200008392,15.7700004578,0,15.7700004578
2013-09-06,16.8099994659,15.1700000763,15.3500003815,15.8500003815,0,15.8500003815
2013-09-09,16.0200004578,15.220000267,15.8599996567,15.6300001144,0,15.6300001144
2013-09-10,15.0900001526,14.5,14.8900003433,14.529999733,0,14.529999733
2013-09-11,14.7399997711,13.8199996948,14.7399997711,13.8199996948,0,13.8199996948
2013-09-12,14.3900003433,13.7299995422,13.9300003052,14.2899999619,0,14.2899999619
2013-09-13,14.5500001907,14.1099996567,14.2700004578,14.1599998474,0,14.1599998474
2013-09-16,14.4899997711,13.8699998856,14.1000003815,14.3800001144,0,14.3800001144
2013-09-17,14.6099996567,14.279999733,14.4399995804,14.529999733,0,14.529999733
2013-09-18,14.6800003052,13.2299995422,14.6800003052,13.5900001526,0,13.5900001526
2013-09-19,13.3900003433,13.0200004578,13.0200004578,13.1599998474,0,13.1599998474
2013-09-20,13.470000267,12.5200004578,13.3000001907,13.1199998856,0,13.1199998856
2013-09-23,14.7100000381,14.0200004578,14.0399999619,14.3100004196,0,14.3100004196
2013-09-24,14.3699998856,13.75,14.1700000763,14.0799999237,0,14.0799999237
2013-09-25,14.6199998856,13.8900003433,14.2399997711,14.0100002289,0,14.0100002289
2013-09-26,14.3999996185,13.5799999237,13.8000001907,14.0600004196,0,14.0600004196
2013-09-27,15.7899999619,14.6199998856,14.6199998856,15.4600000381,0,15.4600000381
2013-09-30,17.4899997711,16.1599998474,17.4899997711,16.6000003815,0,16.6000003815
2013-10-01,16.4599990845,15.470000267,16.3099994659,15.5399999619,0,15.5399999619
2013-10-02,16.8099994659,16.1299991608,16.3999996185,16.6000003815,0,16.6000003815
2013-10-03,18.7099990845,16.6299991608,16.6299991608,17.6700000763,0,17.6700000763
2013-10-04,17.8700008392,16.6599998474,17.7199993134,16.7399997711,0,16.7399997711
2013-10-07,19.4099998474,18.0799999237,18.7600002289,19.4099998474,0,19.4099998474
2013-10-08,21.0100002289,18.9799995422,19.0100002289,20.3400001526,0,20.3400001526
2013-10-09,21.3400001526,19.0400009155,20.1900005341,19.6000003815,0,19.6000003815
2013-10-10,17.9200000763,16.2900009155,17.6599998474,16.4799995422,0,16.4799995422
2013-10-11,16.3799991608,15.4600000381,16.3099994659,15.720000267,0,15.720000267
2013-10-14,17.7399997711,15.8000001907,17.0799999237,16.0699996948,0,16.0699996948
2013-10-15,18.6700000763,16.1599998474,16.4099998474,18.6599998474,0,18.6599998474
2013-10-16,17.1499996185,14.6700000763,17.1399993896,14.7100000381,0,14.7100000381
2013-10-17,14.5900001526,12.8900003433,14.5200004578,13.4799995422,0,13.4799995422
2013-10-18,13.529999733,12.3400001526,12.8599996567,13.0399999619,0,13.0399999619
2013-10-21,13.6300001144,13.0699996948,13.3400001526,13.1599998474,0,13.1599998474
2013-10-22,13.9200000763,12.9300003052,12.9899997711,13.3299999237,0,13.3299999237
2013-10-23,14.2100000381,13.4200000763,13.7100000381,13.4200000763,0,13.4200000763
2013-10-24,13.6199998856,13.1499996185,13.5,13.1999998093,0,13.1999998093
2013-10-25,13.4399995804,13.0799999237,13.1599998474,13.0900001526,0,13.0900001526
2013-10-28,13.720000267,13.220000267,13.6199998856,13.3100004196,0,13.3100004196
2013-10-29,13.6300001144,13.0600004196,13.25,13.4099998474,0,13.4099998474
2013-10-30,14.3500003815,13.6400003433,13.720000267,13.6499996185,0,13.6499996185
2013-10-31,14.0200004578,13.279999733,13.8299999237,13.75,0,13.75
2013-11-01,13.9200000763,13.220000267,13.4600000381,13.279999733,0,13.279999733
2013-11-04,13.6700000763,12.9099998474,13.3500003815,12.9300003052,0,12.9300003052
2013-11-05,13.6400003433,12.8599996567,13.220000267,13.2700004578,0,13.2700004578
2013-11-06,13.3299999237,12.6700000763,13.0100002289,12.6700000763,0,12.6700000763
2013-11-07,14.1400003433,12.9300003052,12.9899997711,13.9099998474,0,13.9099998474
2013-11-08,13.8000001907,12.8400001526,13.7600002289,12.8999996185,0,12.8999996185
2013-11-11,12.9300003052,12.3999996185,12.8500003815,12.529999733,0,12.529999733
2013-11-12,13.0600004196,12.6300001144,12.8000001907,12.8199996948,0,12.8199996948
2013-11-13,13.3500003815,12.4600000381,13.3500003815,12.5200004578,0,12.5200004578
2013-11-14,12.9399995804,12.279999733,12.8000001907,12.3699998856,0,12.3699998856
2013-11-15,12.4499998093,11.9899997711,12.1199998856,12.1899995804,0,12.1899995804
2013-11-18,13.220000267,12.4099998474,12.4099998474,13.1000003815,0,13.1000003815
2013-11-19,13.6800003052,12.8800001144,13.029999733,13.3900003433,0,13.3900003433
2013-11-20,13.9399995804,12.970000267,13.5600004196,13.3999996185,0,13.3999996185
2013-11-21,13.0900001526,12.4399995804,13.0900001526,12.6599998474,0,12.6599998474
2013-11-22,12.9099998474,12.2399997711,12.6899995804,12.2600002289,0,12.2600002289
2013-11-25,12.9200000763,12.4899997711,12.5500001907,12.7899999619,0,12.7899999619
2013-11-26,12.9899997711,12.4899997711,12.8400001526,12.8100004196,0,12.8100004196
2013-11-27,12.9799995422,12.4399995804,12.8100004196,12.9799995422,0,12.9799995422
2013-11-29,13.779999733,12.9300003052,13.0600004196,13.6999998093,0,13.6999998093
2013-12-02,14.3100004196,13.779999733,13.9099998474,14.2299995422,0,14.2299995422
2013-12-03,15.0399999619,14.4300003052,14.7399997711,14.5500001907,0,14.5500001907
2013-12-04,15.7100000381,14.220000267,15.029999733,14.6999998093,0,14.6999998093
2013-12-05,15.3800001144,14.6999998093,14.8199996948,15.0799999237,0,15.0799999237
2013-12-06,14.0900001526,13.6199998856,13.970000267,13.7899999619,0,13.7899999619
2013-12-09,14.0699996948,13.4899997711,13.970000267,13.4899997711,0,13.4899997711
2013-12-10,14.220000267,13.6899995804,14.1400003433,13.9099998474,0,13.9099998474
2013-12-11,15.4300003052,13.9799995422,13.9799995422,15.4200000763,0,15.4200000763
2013-12-12,16.0900001526,15.2100000381,15.4399995804,15.5399999619,0,15.5399999619
2013-12-13,15.8000001907,15.0600004196,15.1700000763,15.7600002289,0,15.7600002289
2013-12-16,16.0799999237,15.3000001907,15.6400003433,16.0300006866,0,16.0300006866
2013-12-17,16.6700000763,15.8100004196,16.0400009155,16.2099990845,0,16.2099990845
2013-12-18,16.75,13.7399997711,15.9499998093,13.8000001907,0,13.8000001907
2013-12-19,14.2100000381,12.8900003433,13.5900001526,14.1499996185,0,14.1499996185
2013-12-20,13.8699998856,13.1199998856,13.6099996567,13.7899999619,0,13.7899999619
2013-12-23,13.529999733,13.0200004578,13.3699998856,13.0399999619,0,13.0399999619
2013-12-24,12.8900003433,12.4799995422,12.8500003815,12.4799995422,0,12.4799995422
2013-12-26,12.5,11.6899995804,12.4799995422,12.3299999237,0,12.3299999237
2013-12-27,12.5900001526,12.1999998093,12.2100000381,12.4600000381,0,12.4600000381
2013-12-30,13.5799999237,12.8299999237,12.8699998856,13.5600004196,0,13.5600004196
2013-12-31,14.3500003815,13.3800001144,13.4300003052,13.720000267,0,13.720000267
2014-01-02,14.5900001526,14.0,14.3199996948,14.2299995422,0,14.2299995422
2014-01-03,14.220000267,13.5699996948,14.0600004196,13.7600002289,0,13.7600002289
2014-01-06,14.0,13.220000267,13.4099998474,13.5500001907,0,13.5500001907
2014-01-07,13.279999733,12.1599998474,12.3800001144,12.9200000763,0,12.9200000763
2014-01-08,13.2399997711,12.8599996567,13.0399999619,12.8699998856,0,12.8699998856
2014-01-09,13.2600002289,12.8299999237,12.8299999237,12.8900003433,0,12.8900003433
2014-01-10,12.8999996185,12.1400003433,12.6000003815,12.1400003433,0,12.1400003433
2014-01-13,13.6499996185,11.8199996948,12.1800003052,13.279999733,0,13.279999733
2014-01-14,12.8999996185,11.9600000381,12.8900003433,12.279999733,0,12.279999733
2014-01-15,12.3999996185,11.8100004196,12.1499996185,12.279999733,0,12.279999733
2014-01-16,12.6599998474,12.279999733,12.3199996948,12.529999733,0,12.529999733
2014-01-17,12.9300003052,12.0399999619,12.3400001526,12.4399995804,0,12.4399995804
2014-01-21,13.4200000763,12.6099996567,12.6300001144,12.8699998856,0,12.8699998856
2014-01-22,13.1199998856,12.5500001907,12.5699996948,12.8400001526,0,12.8400001526
2014-01-23,14.6599998474,13.6700000763,13.6700000763,13.7700004578,0,13.7700004578
2014-01-24,18.1399993896,14.9200000763,14.9499998093,18.1399993896,0,18.1399993896
2014-01-27,18.9899997711,16.8500003815,17.2900009155,17.4200000763,0,17.4200000763
2014-01-28,17.2800006866,15.8000001907,17.2700004578,15.8000001907,0,15.8000001907
2014-01-29,18.0400009155,16.7099990845,17.9500007629,17.3500003815,0,17.3500003815
2014-01-30,17.3899993896,15.9600000381,16.3700008392,17.2900009155,0,17.2900009155
2014-01-31,18.9899997711,17.2700004578,18.7099990845,18.4099998474,0,18.4099998474
2014-02-03,21.4799995422,18.3400001526,18.5699996948,21.4400005341,0,21.4400005341
2014-02-04,20.0699996948,18.4400005341,19.9899997711,19.1100006104,0,19.1100006104
2014-02-05,20.7199993134,19.1299991608,19.5900001526,19.9500007629,0,19.9500007629
2014-02-06,19.0900001526,17.0900001526,19.0900001526,17.2299995422,0,17.2299995422
2014-02-07,16.3099994659,15.0900001526,16.1499996185,15.2899999619,0,15.2899999619
2014-02-10,15.7600002289,15.1000003815,15.6300001144,15.2600002289,0,15.2600002289
2014-02-11,15.2899999619,14.0799999237,15.2899999619,14.5100002289,0,14.5100002289
2014-02-12,14.6400003433,14.0200004578,14.3100004196,14.3000001907,0,14.3000001907
2014-02-13,15.2399997711,13.9799995422,15.2399997711,14.1400003433,0,14.1400003433
2014-02-14,14.220000267,13.4399995804,14.2100000381,13.5699996948,0,13.5699996948
2014-02-18,14.5100002289,13.7700004578,13.9499998093,13.8699998856,0,13.8699998856
2014-02-19,15.7299995422,14.1199998856,14.8500003815,15.5,0,15.5
2014-02-20,15.8000001907,14.5900001526,15.279999733,14.7899999619,0,14.7899999619
2014-02-21,14.7899999619,14.1899995804,14.7399997711,14.6800003052,0,14.6800003052
2014-02-24,14.8299999237,13.970000267,14.8299999237,14.2299995422,0,14.2299995422
2014-02-25,14.8299999237,13.6599998474,14.1700000763,13.6700000763,0,13.6700000763
2014-02-26,14.5399999619,13.7299995422,13.8299999237,14.3500003815,0,14.3500003815
2014-02-27,14.6899995804,13.9200000763,14.5600004196,14.0399999619,0,14.0399999619
2014-02-28,14.7899999619,13.4899997711,14.220000267,14.0,0,14.0
2014-03-03,16.7800006866,15.3800001144,16.4699993134,16.0,0,16.0
2014-03-04,14.5399999619,14.0,14.529999733,14.1000003815,0,14.1000003815
2014-03-05,14.3199996948,13.8100004196,14.1300001144,13.8900003433,0,13.8900003433
2014-03-06,14.4200000763,13.7299995422,13.8199996948,14.2100000381,0,14.2100000381
2014-03-07,14.4300003052,13.5100002289,13.5100002289,14.1099996567,0,14.1099996567
2014-03-10,15.279999733,14.1999998093,14.7600002289,14.1999998093,0,14.1999998093
2014-03-11,14.9300003052,13.8400001526,14.220000267,14.8000001907,0,14.8000001907
2014-03-12,15.6400003433,14.4300003052,15.3699998856,14.470000267,0,14.470000267
2014-03-13,16.6599998474,14.2399997711,14.279999733,16.2199993134,0,16.2199993134
2014-03-14,18.2199993134,16.0900001526,16.7399997711,17.8199996948,0,17.8199996948
2014-03-17,16.3999996185,15.3699998856,16.3899993896,15.6400003433,0,15.6400003433
2014-03-18,15.470000267,14.1599998474,15.4200000763,14.5200004578,0,14.5200004578
2014-03-19,15.9499998093,13.8900003433,14.5600004196,15.1199998856,0,15.1199998856
2014-03-20,15.6199998856,14.5,15.5799999237,14.5200004578,0,14.5200004578
2014-03-21,15.1700000763,13.7700004578,13.9600000381,15.0,0,15.0
2014-03-24,16.0699996948,14.5600004196,14.6999998093,15.0900001526,0,15.0900001526
2014-03-25,15.0500001907,13.9600000381,14.1599998474,14.0200004578,0,14.0200004578
2014-03-26,15.279999733,13.4600000381,13.6400003433,14.9300003052,0,14.9300003052
2014-03-27,15.6300001144,14.4899997711,15.0,14.6199998856,0,14.6199998856
2014-03-28,14.8599996567,13.7299995422,14.1499996185,14.4099998474,0,14.4099998474
2014-03-31,14.1599998474,13.5699996948,13.8800001144,13.8800001144,0,13.8800001144
2014-04-01,13.5600004196,13.0600004196,13.4300003052,13.1000003815,0,13.1000003815
2014-04-02,13.3500003815,12.9200000763,13.1700000763,13.0900001526,0,13.0900001526
2014-04-03,13.6999998093,13.0200004578,13.0200004578,13.3699998856,0,13.3699998856
2014-04-04,14.5500001907,12.6000003815,12.8800001144,13.9600000381,0,13.9600000381
2014-04-07,16.0100002289,14.5699996948,14.9600000381,15.5699996948,0,15.5699996948
2014-04-08,16.2000007629,14.8100004196,15.5900001526,14.8900003433,0,14.8900003433
2014-04-09,14.9399995804,13.6999998093,14.5799999237,13.8199996948,0,13.8199996948
2014-04-10,16.3799991608,13.8100004196,13.9799995422,15.8900003433,0,15.8900003433
2014-04-11,17.8500003815,15.8900003433,16.6599998474,17.0300006866,0,17.0300006866
2014-04-14,17.3999996185,16.1000003815,16.1399993896,16.1100006104,0,16.1100006104
2014-04-15,17.5,15.470000267,16.1399993896,15.6099996567,0,15.6099996567
2014-04-16,15.2700004578,14.0500001907,14.8900003433,14.1800003052,0,14.1800003052
2014-04-17,14.1700000763,13.0699996948,14.0900001526,13.3599996567,0,13.3599996567
2014-04-21,14.1099996567,13.1700000763,14.1000003815,13.25,0,13.25
2014-04-22,13.2600002289,12.8999996185,13.1300001144,13.1899995804,0,13.1899995804
2014-04-23,13.75,13.2700004578,13.3500003815,13.2700004578,0,13.2700004578
2014-04-24,14.0799999237,13.0900001526,13.3599996567,13.3199996948,0,13.3199996948
2014-04-25,14.6700000763,13.9099998474,13.9300003052,14.0600004196,0,14.0600004196
2014-04-28,15.279999733,13.8199996948,14.2700004578,13.970000267,0,13.970000267
2014-04-29,14.2399997711,13.6099996567,13.8800001144,13.7100000381,0,13.7100000381
2014-04-30,14.1800003052,13.3400001526,14.0500001907,13.4099998474,0,13.4099998474
2014-05-01,13.75,13.1000003815,13.6400003433,13.25,0,13.25
2014-05-02,13.5,12.8299999237,13.1499996185,12.9099998474,0,12.9099998474
2014-05-05,14.1999998093,13.0799999237,13.9499998093,13.2899999619,0,13.2899999619
2014-05-06,13.8999996185,13.279999733,13.6499996185,13.8000001907,0,13.8000001907
2014-05-07,14.4899997711,13.3900003433,13.6400003433,13.3999996185,0,13.3999996185
2014-05-08,13.8800001144,12.9200000763,13.6899995804,13.4300003052,0,13.4300003052
2014-05-09,14.029999733,12.8699998856,13.5500001907,12.9200000763,0,12.9200000763
2014-05-12,12.5799999237,11.8800001144,12.4600000381,12.2299995422,0,12.2299995422
2014-05-13,12.7399997711,12.0500001907,12.3599996567,12.1300001144,0,12.1300001144
2014-05-14,12.5100002289,12.029999733,12.4200000763,12.1700000763,0,12.1700000763
2014-05-15,13.7700004578,12.720000267,12.7299995422,13.1700000763,0,13.1700000763
2014-05-16,13.6599998474,12.2600002289,13.3100004196,12.4399995804,0,12.4399995804
2014-05-19,13.2100000381,12.279999733,13.1700000763,12.4200000763,0,12.4200000763
2014-05-20,13.3000001907,12.3199996948,12.6899995804,12.9600000381,0,12.9600000381
2014-05-21,12.4600000381,11.8000001907,12.3800001144,11.9099998474,0,11.9099998474
2014-05-22,12.0900001526,11.6800003052,11.9300003052,12.029999733,0,12.029999733
2014-05-23,11.970000267,11.3599996567,11.9600000381,11.3599996567,0,11.3599996567
2014-05-27,11.8400001526,11.5,11.6899995804,11.5100002289,0,11.5100002289
2014-05-28,11.8599996567,11.5,11.6000003815,11.6800003052,0,11.6800003052
2014-05-29,11.8199996948,11.4099998474,11.5799999237,11.5699996948,0,11.5699996948
2014-05-30,11.6999998093,11.3199996948,11.6599998474,11.3999996185,0,11.3999996185
2014-06-02,12.1700000763,11.2899999619,11.6899995804,11.5799999237,0,11.5799999237
2014-06-03,12.1300001144,11.720000267,12.029999733,11.8699998856,0,11.8699998856
2014-06-04,12.3299999237,11.9099998474,12.1499996185,12.0799999237,0,12.0799999237
2014-06-05,12.3400001526,11.4399995804,12.0900001526,11.6800003052,0,11.6800003052
2014-06-06,11.3900003433,10.7299995422,11.3199996948,10.7299995422,0,10.7299995422
2014-06-09,11.5100002289,10.9899997711,11.2299995422,11.1499996185,0,11.1499996185
2014-06-10,11.6599998474,10.9300003052,11.3000001907,10.9899997711,0,10.9899997711
2014-06-11,11.8699998856,11.1899995804,11.4200000763,11.6000003815,0,11.6000003815
2014-06-12,12.8100004196,11.7100000381,11.8100004196,12.5600004196,0,12.5600004196
2014-06-13,12.6899995804,11.8900003433,12.4499998093,12.1800003052,0,12.1800003052
2014-06-16,12.8699998856,12.279999733,12.6499996185,12.6499996185,0,12.6499996185
2014-06-17,12.8900003433,12.0600004196,12.8100004196,12.0600004196,0,12.0600004196
2014-06-18,11.9099998474,10.5699996948,11.8000001907,10.6099996567,0,10.6099996567
2014-06-19,10.8199996948,10.4200000763,10.529999733,10.6199998856,0,10.6199998856
2014-06-20,11.0200004578,10.3400001526,10.3999996185,10.8500003815,0,10.8500003815
2014-06-23,11.3500003815,10.9200000763,11.2600002289,10.9799995422,0,10.9799995422
2014-06-24,12.2700004578,10.8699998856,11.0200004578,12.1300001144,0,12.1300001144
2014-06-25,12.3299999237,11.3699998856,12.3100004196,11.5900001526,0,11.5900001526
2014-06-26,12.5100002289,11.5,11.5100002289,11.6300001144,0,11.6300001144
2014-06-27,12.0399999619,11.1899995804,11.720000267,11.2600002289,0,11.2600002289
2014-06-30,11.8100004196,11.3000001907,11.75,11.5699996948,0,11.5699996948
2014-07-01,11.4200000763,10.9200000763,11.279999733,11.1499996185,0,11.1499996185
2014-07-02,11.1800003052,10.5600004196,11.1800003052,10.8199996948,0,10.8199996948
2014-07-03,10.7600002289,10.279999733,10.470000267,10.3199996948,0,10.3199996948
2014-07-07,11.5399999619,11.0100002289,11.1499996185,11.3299999237,0,11.3299999237
2014-07-08,12.5100002289,11.720000267,11.720000267,11.9799995422,0,11.9799995422
2014-07-09,12.0500001907,11.5,11.7399997711,11.6499996185,0,11.6499996185
2014-07-10,13.2299995422,12.0500001907,13.220000267,12.5900001526,0,12.5900001526
2014-07-11,12.6800003052,12.0699996948,12.5,12.0799999237,0,12.0799999237
2014-07-14,11.8299999237,11.3999996185,11.6000003815,11.8199996948,0,11.8199996948
2014-07-15,12.470000267,11.4600000381,11.529999733,11.9600000381,0,11.9600000381
2014-07-16,11.4499998093,10.5900001526,10.8100004196,11.0,0,11.0
2014-07-17,15.3800001144,10.8500003815,11.3500003815,14.5399999619,0,14.5399999619
2014-07-18,13.5500001907,12.0399999619,13.3400001526,12.0600004196,0,12.0600004196
2014-07-21,13.6199998856,12.4600000381,12.8500003815,12.8100004196,0,12.8100004196
2014-07-22,12.2399997711,11.6899995804,11.970000267,12.2399997711,0,12.2399997711
2014-07-23,12.1599998474,11.4099998474,11.5399999619,11.5200004578,0,11.5200004578
2014-07-24,12.0600004196,11.4300003052,11.4300003052,11.8400001526,0,11.8400001526
2014-07-25,12.75,12.029999733,12.029999733,12.6899995804,0,12.6899995804
2014-07-28,13.6400003433,12.5399999619,12.9300003052,12.5600004196,0,12.5600004196
2014-07-29,13.3500003815,12.1199998856,12.3500003815,13.279999733,0,13.279999733
2014-07-30,14.0699996948,12.529999733,12.6300001144,13.3299999237,0,13.3299999237
2014-07-31,17.1100006104,14.2600002289,14.3500003815,16.9500007629,0,16.9500007629
2014-08-01,17.5699996948,15.5200004578,16.6700000763,17.0300006866,0,17.0300006866
2014-08-04,16.7999992371,14.6899995804,16.6399993896,15.1199998856,0,15.1199998856
2014-08-05,17.1399993896,15.1000003815,15.5399999619,16.8700008392,0,16.8700008392
2014-08-06,17.2999992371,15.6999998093,17.2199993134,16.3700008392,0,16.3700008392
2014-08-07,17.25,15.4399995804,15.5,16.6599998474,0,16.6599998474
2014-08-08,17.0900001526,15.529999733,16.4300003052,15.7700004578,0,15.7700004578
2014-08-11,15.1599998474,13.720000267,15.1599998474,14.2299995422,0,14.2299995422
2014-08-12,14.7399997711,13.7600002289,14.4200000763,14.1300001144,0,14.1300001144
2014-08-13,13.9300003052,12.8400001526,13.5699996948,12.8999996185,0,12.8999996185
2014-08-14,13.1300001144,12.4200000763,13.0500001907,12.4200000763,0,12.4200000763
2014-08-15,14.9399995804,11.8900003433,11.9099998474,13.1499996185,0,13.1499996185
2014-08-18,12.8500003815,12.2600002289,12.8500003815,12.3199996948,0,12.3199996948
2014-08-19,12.4600000381,11.9099998474,12.1400003433,12.2100000381,0,12.2100000381
2014-08-20,12.2399997711,11.6000003815,12.2299995422,11.779999733,0,11.779999733
2014-08-21,13.5100002289,11.5200004578,11.9300003052,11.7600002289,0,11.7600002289
2014-08-22,12.4799995422,11.470000267,11.8800001144,11.470000267,0,11.470000267
2014-08-25,11.7700004578,11.2399997711,11.5799999237,11.6999998093,0,11.6999998093
2014-08-26,11.9300003052,11.3299999237,11.3299999237,11.6300001144,0,11.6300001144
2014-08-27,11.9300003052,11.5399999619,11.6899995804,11.779999733,0,11.779999733
2014-08-28,12.7299995422,12.0500001907,12.3800001144,12.0500001907,0,12.0500001907
2014-08-29,12.4399995804,11.779999733,11.8599996567,12.0900001526,0,12.0900001526
2014-09-02,13.4099998474,12.2299995422,12.3199996948,12.25,0,12.25
2014-09-03,12.5500001907,11.9099998474,12.029999733,12.3599996567,0,12.3599996567
2014-09-04,12.9899997711,11.6999998093,12.3999996185,12.6400003433,0,12.6400003433
2014-09-05,13.1800003052,11.9600000381,12.3699998856,12.0900001526,0,12.0900001526
2014-09-08,13.0900001526,12.3999996185,12.6400003433,12.6599998474,0,12.6599998474
2014-09-09,13.9099998474,12.6999998093,12.6999998093,13.5,0,13.5
2014-09-10,14.0600004196,12.8599996567,13.3599996567,12.8800001144,0,12.8800001144
2014-09-11,13.6700000763,12.6599998474,13.529999733,12.8000001907,0,12.8000001907
2014-09-12,14.2700004578,12.8500003815,12.8500003815,13.3100004196,0,13.3100004196
2014-09-15,14.1899995804,13.5399999619,13.5399999619,14.1199998856,0,14.1199998856
2014-09-16,14.529999733,12.720000267,14.4799995422,12.7299995422,0,12.7299995422
2014-09-17,14.529999733,11.7299995422,13.0600004196,12.6499996185,0,12.6499996185
2014-09-18,12.5799999237,11.9799995422,12.5500001907,12.029999733,0,12.029999733
2014-09-19,12.6099996567,11.5200004578,11.7299995422,12.1099996567,0,12.1099996567
2014-09-22,13.9799995422,13.1300001144,13.1400003433,13.6899995804,0,13.6899995804
2014-09-23,14.9399995804,13.8299999237,14.8199996948,14.9300003052,0,14.9300003052
2014-09-24,14.9300003052,13.2399997711,14.6199998856,13.2700004578,0,13.2700004578
2014-09-25,16.6900005341,14.029999733,14.1099996567,15.6400003433,0,15.6400003433
2014-09-26,15.9799995422,14.3100004196,15.7700004578,14.8500003815,0,14.8500003815
2014-09-29,17.0799999237,15.4499998093,16.9599990845,15.9799995422,0,15.9799995422
2014-09-30,16.4300003052,15.1800003052,15.4899997711,16.3099994659,0,16.3099994659
2014-10-01,17.5599994659,16.0799999237,16.4400005341,16.7099990845,0,16.7099990845
2014-10-02,17.9799995422,15.8999996185,16.7000007629,16.1599998474,0,16.1599998474
2014-10-03,15.4300003052,14.4399995804,15.1599998474,14.5500001907,0,14.5500001907
2014-10-06,15.7700004578,14.0500001907,14.4600000381,15.4600000381,0,15.4600000381
2014-10-07,17.4599990845,15.970000267,16.1800003052,17.2000007629,0,17.2000007629
2014-10-08,18.0300006866,14.970000267,17.3500003815,15.1099996567,0,15.1099996567
2014-10-09,19.3799991608,15.3400001526,15.6400003433,18.7600002289,0,18.7600002289
2014-10-10,22.0599994659,18.1399993896,19.1100006104,21.2399997711,0,21.2399997711
2014-10-13,24.6399993896,20.5200004578,21.1599998474,24.6399993896,0,24.6399993896
2014-10-14,24.5499992371,21.4799995422,23.7700004578,22.7900009155,0,22.7900009155
2014-10-15,31.0599994659,24.6399993896,26.3600006104,25.2700004578,0,25.2700004578
2014-10-16,29.4099998474,24.6100006104,29.2600002289,25.2000007629,0,25.2000007629
2014-10-17,23.0799999237,20.2299995422,21.6800003052,21.9899997711,0,21.9899997711
2014-10-20,22.1599998474,18.5100002289,22.1100006104,18.5699996948,0,18.5699996948
2014-10-21,17.75,16.0300006866,17.7199993134,16.0799999237,0,16.0799999237
2014-10-22,18.4300003052,15.5600004196,16.0599994659,17.8700008392,0,17.8700008392
2014-10-23,17.0599994659,15.6800003052,16.0699996948,16.5300006866,0,16.5300006866
2014-10-24,18.0599994659,16.0900001526,16.4300003052,16.1100006104,0,16.1100006104
2014-10-27,17.8700008392,16.0,17.2399997711,16.0400009155,0,16.0400009155
2014-10-28,15.779999733,14.3900003433,15.6899995804,14.3900003433,0,14.3900003433
2014-10-29,16.2800006866,14.1899995804,14.6099996567,15.1499996185,0,15.1499996185
2014-10-30,15.75,14.0699996948,15.3100004196,14.5200004578,0,14.5200004578
2014-10-31,14.8299999237,13.720000267,13.8400001526,14.029999733,0,14.029999733
2014-11-03,14.9899997711,14.2299995422,14.4099998474,14.7299995422,0,14.7299995422
2014-11-04,15.9300003052,14.8299999237,15.0500001907,14.8900003433,0,14.8900003433
2014-11-05,14.9899997711,14.1499996185,14.1499996185,14.1700000763,0,14.1700000763
2014-11-06,15.0799999237,13.6700000763,14.4600000381,13.6700000763,0,13.6700000763
2014-11-07,14.1599998474,13.0100002289,13.7100000381,13.1199998856,0,13.1199998856
2014-11-10,13.25,12.3800001144,13.1599998474,12.6700000763,0,12.6700000763
2014-11-11,13.1800003052,12.6000003815,12.7100000381,12.9200000763,0,12.9200000763
2014-11-12,13.7600002289,12.9899997711,13.7600002289,13.0200004578,0,13.0200004578
2014-11-13,14.3100004196,12.8699998856,13.3299999237,13.7899999619,0,13.7899999619
2014-11-14,14.1499996185,13.3100004196,13.7899999619,13.3100004196,0,13.3100004196
2014-11-17,14.7299995422,13.8400001526,14.6999998093,13.9899997711,0,13.9899997711
2014-11-18,13.9899997711,13.1300001144,13.8599996567,13.8599996567,0,13.8599996567
2014-11-19,14.779999733,13.8299999237,14.0100002289,13.9600000381,0,13.9600000381
2014-11-20,15.7399997711,13.5799999237,14.6599998474,13.5799999237,0,13.5799999237
2014-11-21,13.8000001907,12.8999996185,13.1599998474,12.8999996185,0,12.8999996185
2014-11-24,13.0200004578,12.4300003052,12.9200000763,12.6199998856,0,12.6199998856
2014-11-25,13.0200004578,12.2299995422,12.5500001907,12.25,0,12.25
2014-11-26,12.3999996185,11.9099998474,12.2700004578,12.0699996948,0,12.0699996948
2014-11-28,13.4899997711,12.3599996567,12.6400003433,13.3299999237,0,13.3299999237
2014-12-01,14.75,13.9399995804,14.1599998474,14.1599998474,0,14.1599998474
2014-12-02,14.1700000763,12.8500003815,14.1000003815,12.8500003815,0,12.8500003815
2014-12-03,12.8800001144,12.2100000381,12.75,12.5,0,12.5
2014-12-04,13.2299995422,12.0900001526,12.6999998093,12.3800001144,0,12.3800001144
2014-12-05,12.279999733,11.529999733,12.0799999237,11.8900003433,0,11.8900003433
2014-12-08,14.6700000763,12.5500001907,13.0500001907,14.2100000381,0,14.2100000381
2014-12-09,16.6800003052,15.1199998856,16.2299995422,15.3500003815,0,15.3500003815
2014-12-10,18.9200000763,15.3999996185,15.5600004196,18.5300006866,0,18.5300006866
2014-12-11,20.1299991608,15.9399995804,17.6800003052,20.0799999237,0,20.0799999237
2014-12-12,23.0599994659,18.3400001526,20.5100002289,21.0799999237,0,21.0799999237
2014-12-15,24.8299999237,17.7700004578,19.5900001526,20.4200000763,0,20.4200000763
2014-12-16,25.2000007629,19.6000003815,23.5499992371,23.5699996948,0,23.5699996948
2014-12-17,24.6100006104,19.2600002289,23.8999996185,19.4400005341,0,19.4400005341
2014-12-18,18.5100002289,16.0699996948,17.1399993896,16.8099994659,0,16.8099994659
2014-12-19,17.2000007629,16.1100006104,16.5699996948,16.4899997711,0,16.4899997711
2014-12-22,16.8799991608,15.029999733,16.3199996948,15.25,0,15.25
2014-12-23,15.2100000381,14.3199996948,14.470000267,14.8000001907,0,14.8000001907
2014-12-24,14.5399999619,14.0100002289,14.5200004578,14.3699998856,0,14.3699998856
2014-12-26,14.8400001526,14.1300001144,14.6000003815,14.5,0,14.5
2014-12-29,16.1399993896,15.0600004196,16.0400009155,15.0600004196,0,15.0600004196
2014-12-30,16.2000007629,15.4799995422,15.8999996185,15.9200000763,0,15.9200000763
2014-12-31,19.9099998474,15.8599996567,15.9099998474,19.2000007629,0,19.2000007629
2015-01-02,20.1399993896,17.0499992371,17.7600002289,17.7900009155,0,17.7900009155
2015-01-05,21.2900009155,19.1900005341,19.1900005341,19.9200000763,0,19.9200000763
2015-01-06,22.8999996185,19.5200004578,20.3299999237,21.1200008392,0,21.1200008392
2015-01-07,20.7199993134,19.0400009155,20.1499996185,19.3099994659,0,19.3099994659
2015-01-08,18.0900001526,16.9899997711,17.9300003052,17.0100002289,0,17.0100002289
2015-01-09,18.4200000763,16.4400005341,16.4400005341,17.5499992371,0,17.5499992371
2015-01-12,20.4400005341,18.0200004578,18.0200004578,19.6000003815,0,19.6000003815
2015-01-13,21.5799999237,17.6499996185,18.2099990845,20.5599994659,0,20.5599994659
2015-01-14,23.3400001526,21.3199996948,22.8700008392,21.4799995422,0,21.4799995422
2015-01-15,23.3099994659,20.8600006104,21.2299995422,22.3899993896,0,22.3899993896
2015-01-16,23.4300003052,20.9500007629,22.7999992371,20.9500007629,0,20.9500007629
2015-01-20,21.3700008392,19.5799999237,20.0699996948,19.8899993896,0,19.8899993896
2015-01-21,21.2800006866,18.6399993896,20.9200000763,18.8500003815,0,18.8500003815
2015-01-22,19.2299995422,16.0699996948,17.9799995422,16.3999996185,0,16.3999996185
2015-01-23,17.0900001526,15.8100004196,16.7900009155,16.6599998474,0,16.6599998474
2015-01-26,17.4300003052,15.5200004578,16.9599990845,15.5200004578,0,15.5200004578
2015-01-27,18.4099998474,16.6700000763,17.6000003815,17.2199993134,0,17.2199993134
2015-01-28,20.4400005341,16.9200000763,16.9699993134,20.4400005341,0,20.4400005341
2015-01-29,21.5599994659,18.6599998474,20.4599990845,18.7600002289,0,18.7600002289
2015-01-30,22.1800003052,19.2399997711,20.2299995422,20.9699993134,0,20.9699993134
2015-02-02,22.8099994659,19.3500003815,20.8899993896,19.4300003052,0,19.4300003052
2015-02-03,18.8899993896,17.2000007629,18.4099998474,17.3299999237,0,17.3299999237
2015-02-04,18.3799991608,16.8199996948,17.8199996948,18.3299999237,0,18.3299999237
2015-02-05,17.4300003052,16.6700000763,17.2900009155,16.8500003815,0,16.8500003815
2015-02-06,18.7399997711,16.0599994659,16.2900009155,17.2900009155,0,17.2900009155
2015-02-09,19.2800006866,18.2099990845,19.1599998474,18.5499992371,0,18.5499992371
2015-02-10,18.3600006104,16.9699993134,17.7199993134,17.2299995422,0,17.2299995422
2015-02-11,17.8099994659,16.8199996948,17.4300003052,16.9599990845,0,16.9599990845
2015-02-12,16.4699993134,15.279999733,16.3899993896,15.3400001526,0,15.3400001526
2015-02-13,15.6400003433,14.6899995804,15.1099996567,14.6899995804,0,14.6899995804
2015-02-17,16.3299999237,15.529999733,15.8500003815,15.8000001907,0,15.8000001907
2015-02-18,16.7399997711,15.4399995804,16.7399997711,15.4499998093,0,15.4499998093
2015-02-19,16.2199993134,15.1000003815,16.1100006104,15.2899999619,0,15.2899999619
2015-02-20,16.2900009155,14.2700004578,15.7299995422,14.3000001907,0,14.3000001907
2015-02-23,15.4799995422,14.4899997711,15.0500001907,14.5600004196,0,14.5600004196
2015-02-24,14.6300001144,13.529999733,14.5,13.6899995804,0,13.6899995804
2015-02-25,14.0600004196,12.8599996567,13.6400003433,13.8400001526,0,13.8400001526
2015-02-26,14.5699996948,13.5500001907,13.5500001907,13.9099998474,0,13.9099998474
2015-02-27,14.1700000763,13.2899999619,14.0699996948,13.3400001526,0,13.3400001526
2015-03-02,13.8999996185,12.8699998856,13.8999996185,13.0399999619,0,13.0399999619
2015-03-03,14.6899995804,13.25,13.3500003815,13.8599996567,0,13.8599996567
2015-03-04,14.7100000381,14.1300001144,14.279999733,14.2299995422,0,14.2299995422
2015-03-05,14.5799999237,13.8800001144,14.0100002289,14.0399999619,0,14.0399999619
2015-03-06,15.8299999237,14.1800003052,14.6099996567,15.1999998093,0,15.1999998093
2015-03-09,15.7600002289,14.7100000381,15.720000267,15.0600004196,0,15.0600004196
2015-03-10,16.9099998474,16.0300006866,16.4699993134,16.6900005341,0,16.6900005341
2015-03-11,17.1900005341,16.2900009155,16.4400005341,16.8700008392,0,16.8700008392
2015-03-12,16.4500007629,15.3000001907,16.4500007629,15.4200000763,0,15.4200000763
2015-03-13,16.7399997711,15.3199996948,15.470000267,16.0,0,16.0
2015-03-16,15.8900003433,15.3599996567,15.779999733,15.6099996567,0,15.6099996567
2015-03-17,16.3700008392,15.6599998474,16.3099994659,15.6599998474,0,15.6599998474
2015-03-18,16.2900009155,13.3800001144,14.6000003815,13.970000267,0,13.970000267
2015-03-19,14.970000267,13.8400001526,14.6800003052,14.0699996948,0,14.0699996948
2015-03-20,13.529999733,12.5399999619,13.5200004578,13.0200004578,0,13.0200004578
2015-03-23,13.529999733,12.8900003433,13.5200004578,13.4099998474,0,13.4099998474
2015-03-24,13.6800003052,12.5900001526,13.3599996567,13.6199998856,0,13.6199998856
2015-03-25,15.5500001907,13.1999998093,13.2600002289,15.4399995804,0,15.4399995804
2015-03-26,17.1900005341,15.2299995422,16.6399993896,15.8000001907,0,15.8000001907
2015-03-27,15.8299999237,14.1899995804,15.7299995422,15.0699996948,0,15.0699996948
2015-03-30,14.7600002289,14.0799999237,14.7600002289,14.5100002289,0,14.5100002289
2015-03-31,15.7399997711,14.3299999237,14.970000267,15.2899999619,0,15.2899999619
2015-04-01,16.6599998474,15.0799999237,15.3199996948,15.1099996567,0,15.1099996567
2015-04-02,15.5100002289,14.2700004578,15.3000001907,14.6700000763,0,14.6700000763
2015-04-06,15.7600002289,14.0399999619,15.75,14.7399997711,0,14.7399997711
2015-04-07,14.8100004196,14.0100002289,14.5699996948,14.779999733,0,14.779999733
2015-04-08,14.7700004578,13.75,14.5900001526,13.9799995422,0,13.9799995422
2015-04-09,14.5900001526,13.0900001526,14.1400003433,13.0900001526,0,13.0900001526
2015-04-10,13.2600002289,12.5100002289,13.1999998093,12.5799999237,0,12.5799999237
2015-04-13,14.3100004196,12.7100000381,13.1700000763,13.9399995804,0,13.9399995804
2015-04-14,14.7399997711,13.6400003433,14.3400001526,13.6700000763,0,13.6700000763
2015-04-15,13.5799999237,12.8299999237,13.5799999237,12.8400001526,0,12.8400001526
2015-04-16,13.3500003815,12.5,13.2700004578,12.6000003815,0,12.6000003815
2015-04-17,15.0200004578,13.7299995422,13.970000267,13.8900003433,0,13.8900003433
2015-04-20,13.6700000763,12.8299999237,13.6700000763,13.3000001907,0,13.3000001907
2015-04-21,13.5100002289,12.6599998474,12.75,13.25,0,13.25
2015-04-22,13.8000001907,12.5699996948,12.970000267,12.7100000381,0,12.7100000381
2015-04-23,12.9600000381,12.1199998856,12.9600000381,12.4799995422,0,12.4799995422
2015-04-24,13.0200004578,12.1599998474,12.2100000381,12.2899999619,0,12.2899999619
2015-04-27,13.3999996185,12.3299999237,12.3400001526,13.1199998856,0,13.1199998856
2015-04-28,14.2299995422,12.4099998474,13.2600002289,12.4099998474,0,12.4099998474
2015-04-29,14.3400001526,12.6099996567,13.4399995804,13.3900003433,0,13.3900003433
2015-04-30,15.2899999619,12.4899997711,13.8900003433,14.5500001907,0,14.5500001907
2015-05-01,13.9799995422,12.6800003052,13.9799995422,12.6999998093,0,12.6999998093
2015-05-04,13.1800003052,12.1000003815,13.1199998856,12.8500003815,0,12.8500003815
2015-05-05,14.4099998474,12.970000267,13.2100000381,14.3100004196,0,14.3100004196
2015-05-06,16.3600006104,13.8900003433,13.9300003052,15.1499996185,0,15.1499996185
2015-05-07,15.970000267,14.8100004196,15.4799995422,15.1300001144,0,15.1300001144
2015-05-08,13.4200000763,12.6999998093,13.3599996567,12.8599996567,0,12.8599996567
2015-05-11,13.8500003815,13.0,13.3500003815,13.8500003815,0,13.8500003815
2015-05-12,15.1300001144,13.7299995422,14.7299995422,13.8599996567,0,13.8599996567
2015-05-13,14.0399999619,13.0600004196,13.6300001144,13.7600002289,0,13.7600002289
2015-05-14,13.2899999619,12.720000267,13.1400003433,12.7399997711,0,12.7399997711
2015-05-15,13.0900001526,12.3500003815,12.4600000381,12.3800001144,0,12.3800001144
2015-05-18,13.220000267,12.5500001907,13.0799999237,12.7299995422,0,12.7299995422
2015-05-19,13.1300001144,12.5500001907,12.9499998093,12.8500003815,0,12.8500003815
2015-05-20,13.2700004578,12.6199998856,12.8999996185,12.8800001144,0,12.8800001144
2015-05-21,13.0900001526,12.0900001526,13.029999733,12.1099996567,0,12.1099996567
2015-05-22,12.3699998856,11.8199996948,12.3699998856,12.1300001144,0,12.1300001144
2015-05-26,14.6300001144,13.3400001526,13.4499998093,14.0600004196,0,14.0600004196
2015-05-27,14.4099998474,13.0500001907,14.1599998474,13.2700004578,0,13.2700004578
2015-05-28,13.9899997711,13.3100004196,13.4899997711,13.3100004196,0,13.3100004196
2015-05-29,14.4300003052,13.3999996185,13.5900001526,13.8400001526,0,13.8400001526
2015-06-01,14.8599996567,13.470000267,13.9200000763,13.970000267,0,13.970000267
2015-06-02,15.0500001907,13.5900001526,14.720000267,14.2399997711,0,14.2399997711
2015-06-03,14.1999998093,13.3999996185,13.7299995422,13.6599998474,0,13.6599998474
2015-06-04,15.4899997711,13.9899997711,14.5699996948,14.7100000381,0,14.7100000381
2015-06-05,15.6499996185,14.2100000381,15.0100002289,14.2100000381,0,14.2100000381
2015-06-08,15.5,14.6700000763,14.8400001526,15.2899999619,0,15.2899999619
2015-06-09,15.7399997711,14.470000267,15.1800003052,14.470000267,0,14.470000267
2015-06-10,14.3699998856,12.9600000381,14.2399997711,13.220000267,0,13.220000267
2015-06-11,13.220000267,12.5600004196,13.0399999619,12.8500003815,0,12.8500003815
2015-06-12,14.0200004578,13.3000001907,13.3100004196,13.779999733,0,13.779999733
2015-06-15,15.5699996948,14.9099998474,15.4799995422,15.3900003433,0,15.3900003433
2015-06-16,15.6199998856,14.8100004196,15.6199998856,14.8100004196,0,14.8100004196
2015-06-17,15.4899997711,14.0699996948,14.6599998474,14.5,0,14.5
2015-06-18,14.029999733,12.5399999619,14.029999733,13.1899995804,0,13.1899995804
2015-06-19,14.0,12.9600000381,13.3500003815,13.9600000381,0,13.9600000381
2015-06-22,13.4600000381,12.4300003052,13.4200000763,12.7399997711,0,12.7399997711
2015-06-23,12.6800003052,11.9300003052,12.5,12.1099996567,0,12.1099996567
2015-06-24,13.3299999237,12.0100002289,12.5699996948,13.2600002289,0,13.2600002289
2015-06-25,14.1599998474,12.9200000763,12.9600000381,14.0100002289,0,14.0100002289
2015-06-26,14.9099998474,13.6400003433,14.1300001144,14.0200004578,0,14.0200004578
2015-06-29,19.5,15.8199996948,16.7000007629,18.8500003815,0,18.8500003815
2015-06-30,19.7999992371,17.4899997711,17.6000003815,18.2299995422,0,18.2299995422
2015-07-01,17.2600002289,15.6499996185,16.6299991608,16.0900001526,0,16.0900001526
2015-07-02,17.4799995422,15.3900003433,15.4300003052,16.7900009155,0,16.7900009155
2015-07-06,18.9500007629,16.5699996948,18.6499996185,17.0100002289,0,17.0100002289
2015-07-07,19.2000007629,15.9300003052,17.2199993134,16.0900001526,0,16.0900001526
2015-07-08,19.7600002289,16.9400005341,17.3799991608,19.6599998474,0,19.6599998474
2015-07-09,20.0499992371,17.2000007629,17.4599990845,19.9699993134,0,19.9699993134
2015-07-10,18.1700000763,16.6000003815,17.4500007629,16.8299999237,0,16.8299999237
2015-07-13,15.3599996567,13.8199996948,15.2899999619,13.8999996185,0,13.8999996185
2015-07-14,13.9499998093,12.8999996185,13.9099998474,13.3699998856,0,13.3699998856
2015-07-15,13.970000267,12.8100004196,13.3500003815,13.2299995422,0,13.2299995422
2015-07-16,12.6099996567,11.8699998856,12.5900001526,12.1099996567,0,12.1099996567
2015-07-17,12.220000267,11.7700004578,11.7700004578,11.9499998093,0,11.9499998093
2015-07-20,12.3699998856,11.7100000381,12.25,12.25,0,12.25
2015-07-21,12.7899999619,12.2100000381,12.4200000763,12.220000267,0,12.220000267
2015-07-22,12.8299999237,12.0500001907,12.7700004578,12.1199998856,0,12.1199998856
2015-07-23,13.0799999237,11.7299995422,12.0600004196,12.6400003433,0,12.6400003433
2015-07-24,14.7299995422,12.8599996567,12.8699998856,13.7399997711,0,13.7399997711
2015-07-27,16.2700004578,15.029999733,15.6000003815,15.6000003815,0,15.6000003815
2015-07-28,15.6199998856,13.3199996948,14.8699998856,13.4399995804,0,13.4399995804
2015-07-29,13.5900001526,11.8500003815,13.5699996948,12.5,0,12.5
2015-07-30,13.4200000763,12.0900001526,12.720000267,12.1300001144,0,12.1300001144
2015-07-31,12.6300001144,11.8199996948,12.029999733,12.1199998856,0,12.1199998856
2015-08-03,13.5500001907,12.3199996948,12.8500003815,12.5600004196,0,12.5600004196
2015-08-04,13.220000267,12.2899999619,12.6599998474,13.0,0,13.0
2015-08-05,12.720000267,10.8800001144,12.0200004578,12.5100002289,0,12.5100002289
2015-08-06,14.25,12.1599998474,12.1999998093,13.7700004578,0,13.7700004578
2015-08-07,14.5799999237,13.2899999619,13.5699996948,13.3900003433,0,13.3900003433
2015-08-10,12.779999733,12.1800003052,12.7299995422,12.2299995422,0,12.2299995422
2015-08-11,14.3299999237,13.0200004578,13.2399997711,13.7100000381,0,13.7100000381
2015-08-12,16.2800006866,13.4499998093,15.1899995804,13.6099996567,0,13.6099996567
2015-08-13,14.3299999237,13.0600004196,13.8699998856,13.4899997711,0,13.4899997711
2015-08-14,13.8699998856,12.8000001907,13.6899995804,12.8299999237,0,12.8299999237
2015-08-17,14.5200004578,13.0100002289,14.3199996948,13.0200004578,0,13.0200004578
2015-08-18,13.9399995804,13.1700000763,13.4099998474,13.7899999619,0,13.7899999619
2015-08-19,15.9600000381,13.7299995422,14.8400001526,15.25,0,15.25
2015-08-20,19.2399997711,16.1299991608,16.5499992371,19.1399993896,0,19.1399993896
2015-08-21,28.3799991608,20.7999992371,22.5499992371,28.0300006866,0,28.0300006866
2015-08-24,53.2900009155,28.0300006866,28.0300006866,40.7400016785,0,40.7400016785
2015-08-25,38.0600013733,28.0799999237,31.1299991608,36.0200004578,0,36.0200004578
2015-08-26,35.6199989319,28.6700000763,31.1299991608,30.3199996948,0,30.3199996948
2015-08-27,29.8999996185,24.4899997711,27.1100006104,26.1000003815,0,26.1000003815
2015-08-28,29.2000007629,25.7700004578,26.6900005341,26.0499992371,0,26.0499992371
2015-08-31,29.3700008392,26.6299991608,27.0300006866,28.4300003052,0,28.4300003052
2015-09-01,33.8199996948,29.9099998474,31.9099998474,31.3999996185,0,31.3999996185
2015-09-02,30.4500007629,24.7700004578,29.1399993896,26.0900001526,0,26.0900001526
2015-09-03,26.3099994659,23.4500007629,25.2099990845,25.6100006104,0,25.6100006104
2015-09-04,29.4699993134,25.6800003052,27.4300003052,27.7999992371,0,27.7999992371
2015-09-08,26.25,24.1299991608,25.0499992371,24.8999996185,0,24.8999996185
2015-09-09,26.8199996948,21.5100002289,22.3899993896,26.2299995422,0,26.2299995422
2015-09-10,27.2199993134,23.5300006866,26.8700008392,24.3700008392,0,24.3700008392
2015-09-11,25.8099994659,23.1499996185,25.3799991608,23.2000007629,0,23.2000007629
2015-09-14,25.3199996948,23.6399993896,24.0300006866,24.25,0,24.25
2015-09-15,23.7700004578,22.1299991608,23.2800006866,22.5400009155,0,22.5400009155
2015-09-16,22.9400005341,21.0900001526,22.5699996948,21.3500003815,0,21.3500003815
2015-09-17,23.3299999237,17.8700008392,21.5400009155,21.1399993896,0,21.1399993896
2015-09-18,23.9899997711,20.9799995422,23.0699996948,22.2800006866,0,22.2800006866
2015-09-21,22.4799995422,20.0499992371,21.9699993134,20.1399993896,0,20.1399993896
2015-09-22,26.2900009155,22.25,22.9699993134,22.4400005341,0,22.4400005341
2015-09-23,23.2000007629,21.1399993896,22.0900001526,22.1299991608,0,22.1299991608
2015-09-24,25.2999992371,21.8099994659,23.5300006866,23.4699993134,0,23.4699993134
2015-09-25,24.2900009155,20.8099994659,21.1200008392,23.6200008392,0,23.6200008392
2015-09-28,28.3299999237,24.9400005341,25.0200004578,27.6299991608,0,27.6299991608
2015-09-29,28.2000007629,25.7600002289,26.5699996948,26.8299999237,0,26.8299999237
2015-09-30,25.8799991608,23.25,24.6399993896,24.5,0,24.5
2015-10-01,25.2299995422,22.5499992371,23.1399993896,22.5499992371,0,22.5499992371
2015-10-02,24.4699993134,20.3500003815,23.9899997711,20.9400005341,0,20.9400005341
2015-10-05,20.4200000763,19.1399993896,20.3099994659,19.5400009155,0,19.5400009155
2015-10-06,20.3199996948,18.8199996948,19.5400009155,19.3999996185,0,19.3999996185
2015-10-07,19.7299995422,18.3299999237,18.9599990845,18.3999996185,0,18.3999996185
2015-10-08,19.0200004578,16.3400001526,18.6200008392,17.4200000763,0,17.4200000763
2015-10-09,18.2000007629,16.8899993896,17.1499996185,17.0799999237,0,17.0799999237
2015-10-12,17.8099994659,16.1499996185,17.6800003052,16.1700000763,0,16.1700000763
2015-10-13,17.7000007629,16.1399993896,17.0799999237,17.6700000763,0,17.6700000763
2015-10-14,18.7800006866,17.2999992371,17.6700000763,18.0300006866,0,18.0300006866
2015-10-15,17.8500003815,16.0400009155,17.6200008392,16.0499992371,0,16.0499992371
2015-10-16,16.8600006104,15.0500001907,15.6400003433,15.0500001907,0,15.0500001907
2015-10-19,16.2299995422,14.8199996948,15.6800003052,14.9799995422,0,14.9799995422
2015-10-20,16.3400001526,14.720000267,15.1700000763,15.75,0,15.75
2015-10-21,16.7000007629,14.4099998474,14.9799995422,16.7000007629,0,16.7000007629
2015-10-22,15.9200000763,14.4499998093,15.0200004578,14.4499998093,0,14.4499998093
2015-10-23,15.1199998856,13.2399997711,13.4600000381,14.4600000381,0,14.4600000381
2015-10-26,15.4300003052,14.6800003052,14.7600002289,15.2899999619,0,15.2899999619
2015-10-27,15.9899997711,14.779999733,15.75,15.4300003052,0,15.4300003052
2015-10-28,15.7299995422,12.8000001907,15.1400003433,14.3299999237,0,14.3299999237
2015-10-29,15.4600000381,14.3299999237,14.8000001907,14.6099996567,0,14.6099996567
2015-10-30,15.3900003433,14.0,14.6000003815,15.0699996948,0,15.0699996948
2015-11-02,15.5100002289,13.6700000763,15.4099998474,14.1499996185,0,14.1499996185
2015-11-03,14.7299995422,13.8100004196,14.3299999237,14.5399999619,0,14.5399999619
2015-11-04,15.8800001144,13.9600000381,14.0399999619,15.5100002289,0,15.5100002289
2015-11-05,16.3899993896,15.0,15.3900003433,15.0500001907,0,15.0500001907
2015-11-06,16.0,14.3199996948,14.9099998474,14.3299999237,0,14.3299999237
2015-11-09,17.0900001526,15.1400003433,15.3400001526,16.5200004578,0,16.5200004578
2015-11-10,16.9599990845,15.2399997711,16.6900005341,15.2899999619,0,15.2899999619
2015-11-11,16.1499996185,15.0200004578,15.0699996948,16.0599994659,0,16.0599994659
2015-11-12,18.5,16.6499996185,17.0599994659,18.3700008392,0,18.3700008392
2015-11-13,20.6700000763,18.2000007629,18.6800003052,20.0799999237,0,20.0799999237
2015-11-16,20.5499992371,17.25,20.5100002289,18.1599998474,0,18.1599998474
2015-11-17,19.5900001526,16.8600006104,17.8199996948,18.8400001526,0,18.8400001526
2015-11-18,19.4500007629,16.7999992371,19.0100002289,16.8500003815,0,16.8500003815
2015-11-19,18.2600002289,16.0,16.25,16.9899997711,0,16.9899997711
2015-11-20,16.3799991608,15.470000267,16.1299991608,15.470000267,0,15.470000267
2015-11-23,16.7399997711,15.3800001144,16.1499996185,15.6199998856,0,15.6199998856
2015-11-24,17.2099990845,15.4799995422,16.5300006866,15.9300003052,0,15.9300003052
2015-11-25,15.8900003433,15.0500001907,15.5500001907,15.1899995804,0,15.1899995804
2015-11-27,16.0900001526,15.1199998856,15.3100004196,15.1199998856,0,15.1199998856
2015-11-30,16.5699996948,15.5200004578,15.5500001907,16.1299991608,0,16.1299991608
2015-12-01,16.3400001526,14.6300001144,15.6099996567,14.6700000763,0,14.6700000763
2015-12-02,16.4899997711,14.7100000381,15.0399999619,15.9099998474,0,15.9099998474
2015-12-03,19.3500003815,15.8599996567,15.8699998856,18.1100006104,0,18.1100006104
2015-12-04,17.6499996185,14.6899995804,17.4300003052,14.8100004196,0,14.8100004196
2015-12-07,17.1800003052,15.5799999237,15.6499996185,15.8400001526,0,15.8400001526
2015-12-08,18.3299999237,16.5200004578,17.6900005341,17.6000003815,0,17.6000003815
2015-12-09,20.1299991608,15.720000267,18.0499992371,19.6100006104,0,19.6100006104
2015-12-10,19.7199993134,18.1299991608,19.25,19.3400001526,0,19.3400001526
2015-12-11,25.2700004578,20.8799991608,21.3600006104,24.3899993896,0,24.3899993896
2015-12-14,26.8099994659,21.4699993134,24.7000007629,22.7299995422,0,22.7299995422
2015-12-15,21.6200008392,20.0200004578,20.7600002289,20.9500007629,0,20.9500007629
2015-12-16,20.2399997711,17.1200008392,19.25,17.8600006104,0,17.8600006104
2015-12-17,19.0499992371,16.1299991608,16.1800003052,18.9400005341,0,18.9400005341
2015-12-18,23.2999992371,18.75,19.3400001526,20.7000007629,0,20.7000007629
2015-12-21,20.2099990845,18.7000007629,19.6399993896,18.7000007629,0,18.7000007629
2015-12-22,18.2199993134,16.6000003815,17.6100006104,16.6000003815,0,16.6000003815
2015-12-23,16.25,15.3299999237,15.8599996567,15.5699996948,0,15.5699996948
2015-12-24,15.8800001144,14.4499998093,15.4399995804,15.7399997711,0,15.7399997711
2015-12-28,18.1299991608,16.8799991608,17.6499996185,16.9099998474,0,16.9099998474
2015-12-29,16.4799995422,15.6300001144,15.9099998474,16.0799999237,0,16.0799999237
2015-12-30,17.4200000763,16.5,16.5,17.2900009155,0,17.2900009155
2015-12-31,20.3899993896,17.5100002289,17.9699993134,18.2099990845,0,18.2099990845
2016-01-04,23.3600006104,20.6700000763,22.4799995422,20.7000007629,0,20.7000007629
2016-01-05,21.0599994659,19.25,20.75,19.3400001526,0,19.3400001526
2016-01-06,21.8600006104,19.7999992371,21.6700000763,20.5900001526,0,20.5900001526
2016-01-07,25.8600006104,22.3999996185,23.2199993134,24.9899997711,0,24.9899997711
2016-01-08,27.0799999237,22.4799995422,22.9599990845,27.0100002289,0,27.0100002289
2016-01-11,27.3899993896,23.8299999237,25.5799999237,24.2999992371,0,24.2999992371
2016-01-12,23.9300003052,21.9099998474,22.9699993134,22.4699993134,0,22.4699993134
2016-01-13,26.1100006104,21.4400005341,21.7199993134,25.2199993134,0,25.2199993134
2016-01-14,26.2800006866,23.0699996948,24.75,23.9500007629,0,23.9500007629
2016-01-15,30.9500007629,26.6700000763,28.9599990845,27.0200004578,0,27.0200004578
2016-01-19,27.5900001526,25.2099990845,25.3999996185,26.0499992371,0,26.0499992371
2016-01-20,32.0900001526,26.5900001526,27.7800006866,27.5900001526,0,27.5900001526
2016-01-21,28.4300003052,25.0100002289,27.7900009155,26.6900005341,0,26.6900005341
2016-01-22,24.5499992371,22.2199993134,24.2099990845,22.3400001526,0,22.3400001526
2016-01-25,24.3099994659,22.3799991608,23.2999992371,24.1499996185,0,24.1499996185
2016-01-26,24.0200004578,22.3299999237,23.75,22.5,0,22.5
2016-01-27,27.2199993134,20.4200000763,22.8799991608,23.1100006104,0,23.1100006104
2016-01-28,23.8099994659,21.8999996185,22.1499996185,22.4200000763,0,22.4200000763
2016-01-29,21.7399997711,19.5,21.5900001526,20.2000007629,0,20.2000007629
2016-02-01,23.6599998474,19.6100006104,21.3199996948,19.9799995422,0,19.9799995422
2016-02-02,22.4200000763,21.0599994659,21.3400001526,21.9799995422,0,21.9799995422
2016-02-03,27.7000007629,21.4200000763,21.4899997711,21.6499996185,0,21.6499996185
2016-02-04,23.1399993896,21.2399997711,22.2900009155,21.8400001526,0,21.8400001526
2016-02-05,24.1100006104,21.9099998474,22.0900001526,23.3799991608,0,23.3799991608
2016-02-08,27.7199993134,25.5599994659,25.8899993896,26.0,0,26.0
2016-02-09,28.3099994659,25.9899997711,28.2999992371,26.5400009155,0,26.5400009155
2016-02-10,26.6000003815,24.4699993134,25.75,26.2900009155,0,26.2900009155
2016-02-11,30.8999996185,26.6700000763,29.0100002289,28.1399993896,0,28.1399993896
2016-02-12,27.5699996948,24.9200000763,27.1599998474,25.3999996185,0,25.3999996185
2016-02-16,25.5200004578,23.3199996948,24.9599990845,24.1100006104,0,24.1100006104
2016-02-17,24.1599998474,21.8299999237,23.3999996185,22.3099994659,0,22.3099994659
2016-02-18,22.5300006866,21.2900009155,22.1599998474,21.6399993896,0,21.6399993896
2016-02-19,23.4400005341,20.5200004578,22.3899993896,20.5300006866,0,20.5300006866
2016-02-22,20.3500003815,19.0200004578,20.1399993896,19.3799991608,0,19.3799991608
2016-02-23,21.1599998474,19.5400009155,19.75,20.9799995422,0,20.9799995422
2016-02-24,22.8700008392,20.2600002289,22.2800006866,20.7199993134,0,20.7199993134
2016-02-25,21.2600002289,19.1000003815,20.5400009155,19.1100006104,0,19.1100006104
2016-02-26,20.1299991608,18.4599990845,18.8899993896,19.8099994659,0,19.8099994659
2016-02-29,20.8099994659,18.3799991608,20.4899997711,20.5499992371,0,20.5499992371
2016-03-01,20.1700000763,17.6599998474,19.8400001526,17.7000007629,0,17.7000007629
2016-03-02,18.4099998474,16.7800006866,17.9799995422,17.0900001526,0,17.0900001526
2016-03-03,17.5599994659,16.3199996948,17.25,16.7000007629,0,16.7000007629
2016-03-04,17.3500003815,16.0499992371,16.4799995422,16.8600006104,0,16.8600006104
2016-03-07,18.0400009155,16.8700008392,17.9799995422,17.3500003815,0,17.3500003815
2016-03-08,18.8899993896,17.8199996948,18.3799991608,18.6700000763,0,18.6700000763
2016-03-09,19.1100006104,18.3099994659,18.5599994659,18.3400001526,0,18.3400001526
2016-03-10,19.5900001526,17.0599994659,18.1700000763,18.0499992371,0,18.0499992371
2016-03-11,17.2700004578,16.2800006866,17.0900001526,16.5,0,16.5
2016-03-14,17.6700000763,16.6900005341,17.0100002289,16.9200000763,0,16.9200000763
2016-03-15,17.8500003815,16.8400001526,17.6000003815,16.8400001526,0,16.8400001526
2016-03-16,16.3299999237,14.8900003433,15.9600000381,14.9899997711,0,14.9899997711
2016-03-17,15.3800001144,13.8199996948,15.3400001526,14.4399995804,0,14.4399995804
2016-03-18,14.3599996567,13.75,14.0500001907,14.0200004578,0,14.0200004578
2016-03-21,14.7299995422,13.7899999619,14.5699996948,13.7899999619,0,13.7899999619
2016-03-22,14.7600002289,13.75,14.5699996948,14.1700000763,0,14.1700000763
2016-03-23,15.029999733,14.3299999237,14.5699996948,14.9399995804,0,14.9399995804
2016-03-24,16.4400005341,14.7100000381,16.2999992371,14.7399997711,0,14.7399997711
2016-03-28,16.0400009155,14.8900003433,15.6499996185,15.2399997711,0,15.2399997711
2016-03-29,15.8900003433,13.7899999619,15.7399997711,13.8199996948,0,13.8199996948
2016-03-30,13.8900003433,13.0600004196,13.6899995804,13.5600004196,0,13.5600004196
2016-03-31,14.279999733,13.4899997711,13.7299995422,13.9499998093,0,13.9499998093
2016-04-01,15.279999733,13.0,15.2299995422,13.1000003815,0,13.1000003815
2016-04-04,14.2399997711,13.6599998474,13.8800001144,14.1199998856,0,14.1199998856
2016-04-05,15.720000267,14.9300003052,15.3900003433,15.4200000763,0,15.4200000763
2016-04-06,15.9799995422,14.0,15.6099996567,14.0900001526,0,14.0900001526
2016-04-07,16.7700004578,14.6800003052,15.1400003433,16.1599998474,0,16.1599998474
2016-04-08,15.9300003052,14.8400001526,15.3400001526,15.3599996567,0,15.3599996567
2016-04-11,16.2600002289,14.8299999237,15.3400001526,16.2600002289,0,16.2600002289
2016-04-12,16.5699996948,14.8400001526,15.9799995422,14.8500003815,0,14.8500003815
2016-04-13,14.529999733,13.6000003815,14.4899997711,13.8400001526,0,13.8400001526
2016-04-14,14.1199998856,13.3800001144,13.8999996185,13.720000267,0,13.720000267
2016-04-15,14.1899995804,13.5799999237,13.7700004578,13.6199998856,0,13.6199998856
2016-04-18,14.9399995804,13.2299995422,14.8699998856,13.3500003815,0,13.3500003815
2016-04-19,13.8800001144,12.9799995422,13.1800003052,13.2399997711,0,13.2399997711
2016-04-20,13.5,12.5,13.3900003433,13.279999733,0,13.279999733
2016-04-21,14.1400003433,13.1599998474,13.1999998093,13.9499998093,0,13.9499998093
2016-04-22,14.1899995804,13.1499996185,13.6999998093,13.220000267,0,13.220000267
2016-04-25,14.7600002289,13.8599996567,14.0699996948,14.0799999237,0,14.0799999237
2016-04-26,14.4300003052,13.6599998474,14.0100002289,13.9600000381,0,13.9600000381
2016-04-27,14.9499998093,13.5,14.1499996185,13.7700004578,0,13.7700004578
2016-04-28,15.6099996567,13.3000001907,14.529999733,15.220000267,0,15.220000267
2016-04-29,17.0900001526,14.9099998474,15.2100000381,15.6999998093,0,15.6999998093
2016-05-02,16.5,14.4799995422,16.3299999237,14.6800003052,0,14.6800003052
2016-05-03,16.4200000763,14.9099998474,14.9200000763,15.6000003815,0,15.6000003815
2016-05-04,16.8500003815,15.3900003433,15.470000267,16.0499992371,0,16.0499992371
2016-05-05,16.4500007629,15.220000267,15.5399999619,15.9099998474,0,15.9099998474
2016-05-06,16.5799999237,14.7100000381,16.2000007629,14.720000267,0,14.720000267
2016-05-09,15.3900003433,14.1700000763,15.1999998093,14.5699996948,0,14.5699996948
2016-05-10,14.3500003815,13.5500001907,13.9799995422,13.6300001144,0,13.6300001144
2016-05-11,14.6899995804,13.2899999619,13.9200000763,14.6899995804,0,14.6899995804
2016-05-12,15.4200000763,13.9499998093,14.5500001907,14.4099998474,0,14.4099998474
2016-05-13,15.470000267,13.970000267,15.1499996185,15.0399999619,0,15.0399999619
2016-05-16,15.9799995422,14.279999733,15.720000267,14.6800003052,0,14.6800003052
2016-05-17,16.1200008392,14.4799995422,14.5699996948,15.5699996948,0,15.5699996948
2016-05-18,16.4699993134,14.8599996567,15.720000267,15.9499998093,0,15.9499998093
2016-05-19,17.6499996185,16.2800006866,16.3700008392,16.3299999237,0,16.3299999237
2016-05-20,16.2999992371,15.1099996567,16.1299991608,15.1999998093,0,15.1999998093
2016-05-23,16.4699993134,15.3999996185,16.3299999237,15.8199996948,0,15.8199996948
2016-05-24,16.0599994659,14.3599996567,16.0300006866,14.4200000763,0,14.4200000763
2016-05-25,14.3299999237,13.6400003433,14.1899995804,13.8999996185,0,13.8999996185
2016-05-26,14.1099996567,13.4300003052,13.8000001907,13.4300003052,0,13.4300003052
2016-05-27,13.7600002289,13.0399999619,13.4899997711,13.1199998856,0,13.1199998856
2016-05-31,15.0,13.4499998093,13.9399995804,14.1899995804,0,14.1899995804
2016-06-01,15.25,14.1800003052,14.4499998093,14.1999998093,0,14.1999998093
2016-06-02,14.9200000763,13.6199998856,14.4200000763,13.6300001144,0,13.6300001144
2016-06-03,14.6599998474,12.8999996185,13.779999733,13.470000267,0,13.470000267
2016-06-06,14.2700004578,13.4200000763,13.8400001526,13.6499996185,0,13.6499996185
2016-06-07,14.0500001907,12.720000267,12.7700004578,14.0500001907,0,14.0500001907
2016-06-08,14.2700004578,13.6999998093,13.8400001526,14.0799999237,0,14.0799999237
2016-06-09,14.8500003815,13.9899997711,14.0100002289,14.6400003433,0,14.6400003433
2016-06-10,17.3299999237,14.8500003815,14.8900003433,17.0300006866,0,17.0300006866
2016-06-13,21.0100002289,17.8899993896,18.2399997711,20.9699993134,0,20.9699993134
2016-06-14,22.1599998474,20.2700004578,21.2800006866,20.5,0,20.5
2016-06-15,20.4500007629,18.6299991608,20.25,20.1399993896,0,20.1399993896
2016-06-16,22.8899993896,19.2399997711,20.7999992371,19.3700008392,0,19.3700008392
2016-06-17,20.0300006866,18.7099990845,19.4200000763,19.4099998474,0,19.4099998474
2016-06-20,18.5499992371,16.5900001526,17.4200000763,18.3700008392,0,18.3700008392
2016-06-21,18.9599990845,16.9099998474,17.6700000763,18.4799995422,0,18.4799995422
2016-06-22,21.2199993134,17.8299999237,18.2600002289,21.1700000763,0,21.1700000763
2016-06-23,19.7900009155,17.25,19.5400009155,17.25,0,17.25
2016-06-24,26.2399997711,19.4799995422,26.0599994659,25.7600002289,0,25.7600002289
2016-06-27,26.7199993134,22.9300003052,24.3799991608,23.8500003815,0,23.8500003815
2016-06-28,22.0699996948,18.75,21.7600002289,18.75,0,18.75
2016-06-29,18.2700004578,16.4799995422,18.1200008392,16.6399993896,0,16.6399993896
2016-06-30,16.9899997711,15.2899999619,16.9099998474,15.6300001144,0,15.6300001144
2016-07-01,15.8599996567,14.6099996567,15.5900001526,14.7700004578,0,14.7700004578
2016-07-05,16.6200008392,15.4899997711,16.0499992371,15.5799999237,0,15.5799999237
2016-07-06,17.0400009155,14.9600000381,15.8699998856,14.9600000381,0,14.9600000381
2016-07-07,15.9799995422,14.3299999237,14.8000001907,14.7600002289,0,14.7600002289
2016-07-08,14.75,13.1899995804,14.6400003433,13.1999998093,0,13.1999998093
2016-07-11,13.6700000763,13.0,13.25,13.5399999619,0,13.5399999619
2016-07-12,13.9300003052,12.75,12.9300003052,13.5500001907,0,13.5500001907
2016-07-13,13.7899999619,12.9200000763,13.3199996948,13.0399999619,0,13.0399999619
2016-07-14,13.3699998856,12.1400003433,12.5,12.8199996948,0,12.8199996948
2016-07-15,13.220000267,12.2700004578,13.1199998856,12.6700000763,0,12.6700000763
2016-07-18,13.1199998856,12.3299999237,12.75,12.4399995804,0,12.4399995804
2016-07-19,12.8299999237,11.9399995804,12.529999733,11.970000267,0,11.970000267
2016-07-20,11.970000267,11.3999996185,11.9399995804,11.7700004578,0,11.7700004578
2016-07-21,13.0600004196,11.6899995804,11.8000001907,12.7399997711,0,12.7399997711
2016-07-22,12.8800001144,11.970000267,12.8000001907,12.0200004578,0,12.0200004578
2016-07-25,13.720000267,12.3900003433,12.6400003433,12.8699998856,0,12.8699998856
2016-07-26,13.5,12.8000001907,12.8800001144,13.0500001907,0,13.0500001907
2016-07-27,13.7399997711,12.5,12.6099996567,12.8299999237,0,12.8299999237
2016-07-28,13.5200004578,12.3599996567,12.5100002289,12.720000267,0,12.720000267
2016-07-29,12.8999996185,11.7700004578,12.8500003815,11.8699998856,0,11.8699998856
2016-08-01,12.9799995422,11.8599996567,11.8900003433,12.4399995804,0,12.4399995804
2016-08-02,14.2399997711,12.3500003815,12.3900003433,13.3699998856,0,13.3699998856
2016-08-03,13.9099998474,12.7299995422,13.529999733,12.8599996567,0,12.8599996567
2016-08-04,12.9799995422,11.7899999619,12.7299995422,12.4200000763,0,12.4200000763
2016-08-05,12.2600002289,11.1800003052,12.0799999237,11.3900003433,0,11.3900003433
2016-08-08,11.779999733,11.4099998474,11.6599998474,11.5,0,11.5
2016-08-09,11.9200000763,11.0200004578,11.3999996185,11.6599998474,0,11.6599998474
2016-08-10,12.5,11.3699998856,11.5500001907,12.0500001907,0,12.0500001907
2016-08-11,12.1099996567,11.3800001144,11.9300003052,11.6800003052,0,11.6800003052
2016-08-12,12.0,11.279999733,11.6099996567,11.5500001907,0,11.5500001907
2016-08-15,12.1700000763,11.5799999237,11.8100004196,11.8100004196,0,11.8100004196
2016-08-16,12.779999733,11.8699998856,12.0399999619,12.6400003433,0,12.6400003433
2016-08-17,13.7100000381,12.1400003433,12.5699996948,12.1899995804,0,12.1899995804
2016-08-18,12.529999733,11.4200000763,12.1999998093,11.4300003052,0,11.4300003052
2016-08-19,12.279999733,11.3299999237,11.6700000763,11.3400001526,0,11.3400001526
2016-08-22,13.0200004578,11.9399995804,12.529999733,12.2700004578,0,12.2700004578
2016-08-23,12.4399995804,11.720000267,12.1499996185,12.3800001144,0,12.3800001144
2016-08-24,14.0100002289,12.3000001907,12.6999998093,13.4499998093,0,13.4499998093
2016-08-25,14.0900001526,13.2899999619,13.6199998856,13.6300001144,0,13.6300001144
2016-08-26,14.9300003052,12.1300001144,13.5399999619,13.6499996185,0,13.6499996185
2016-08-29,14.4300003052,12.8999996185,14.0900001526,12.9399995804,0,12.9399995804
2016-08-30,13.6000003815,12.6999998093,12.9399995804,13.1199998856,0,13.1199998856
2016-08-31,14.3400001526,12.970000267,13.1400003433,13.4200000763,0,13.4200000763
2016-09-01,14.6099996567,12.9899997711,13.0699996948,13.4799995422,0,13.4799995422
2016-09-02,13.8999996185,11.8999996185,13.470000267,11.9799995422,0,11.9799995422
2016-09-06,12.9300003052,11.8500003815,12.4200000763,12.0200004578,0,12.0200004578
2016-09-07,12.4499998093,11.7700004578,11.8900003433,11.9399995804,0,11.9399995804
2016-09-08,12.6000003815,11.6499996185,11.7399997711,12.5100002289,0,12.5100002289
2016-09-09,17.5400009155,12.5200004578,12.5200004578,17.5,0,17.5
2016-09-12,20.5100002289,14.7600002289,20.1299991608,15.1599998474,0,15.1599998474
2016-09-13,18.9699993134,15.8299999237,15.9799995422,17.8500003815,0,17.8500003815
2016-09-14,18.1399993896,16.3400001526,17.6299991608,18.1399993896,0,18.1399993896
2016-09-15,18.0699996948,15.7399997711,17.9699993134,16.2999992371,0,16.2999992371
2016-09-16,17.1000003815,15.279999733,16.4099998474,15.3699998856,0,15.3699998856
2016-09-19,15.9600000381,14.6000003815,15.1400003433,15.529999733,0,15.529999733
2016-09-20,16.0900001526,14.6899995804,14.9799995422,15.9200000763,0,15.9200000763
2016-09-21,15.6499996185,12.9799995422,15.0699996948,13.3000001907,0,13.3000001907
2016-09-22,13.3900003433,11.7600002289,13.3900003433,12.0200004578,0,12.0200004578
2016-09-23,12.5799999237,11.9300003052,12.0,12.2899999619,0,12.2899999619
2016-09-26,14.6300001144,13.2600002289,13.2600002289,14.5,0,14.5
2016-09-27,14.7600002289,12.970000267,13.3599996567,13.1000003815,0,13.1000003815
2016-09-28,13.5699996948,12.2399997711,12.8999996185,12.3900003433,0,12.3900003433
2016-09-29,15.6899995804,12.1400003433,12.529999733,14.0200004578,0,14.0200004578
2016-09-30,15.1999998093,12.529999733,14.9099998474,13.2899999619,0,13.2899999619
2016-10-03,14.4200000763,13.4200000763,13.75,13.5699996948,0,13.5699996948
2016-10-04,14.5699996948,12.9200000763,13.3999996185,13.6300001144,0,13.6300001144
2016-10-05,13.6800003052,12.6999998093,13.5600004196,12.9899997711,0,12.9899997711
2016-10-06,13.8400001526,12.8000001907,13.1099996567,12.8400001526,0,12.8400001526
2016-10-07,14.1499996185,12.2100000381,13.5200004578,13.4799995422,0,13.4799995422
2016-10-10,14.3599996567,13.2899999619,14.1899995804,13.3800001144,0,13.3800001144
2016-10-11,16.4699993134,13.6899995804,13.7100000381,15.3599996567,0,15.3599996567
2016-10-12,16.3400001526,15.2600002289,15.529999733,15.9099998474,0,15.9099998474
2016-10-13,17.9500007629,16.1399993896,16.8799991608,16.6900005341,0,16.6900005341
2016-10-14,16.5,15.25,16.4899997711,16.1200008392,0,16.1200008392
2016-10-17,17.1100006104,16.1299991608,17.0100002289,16.2099990845,0,16.2099990845
2016-10-18,15.8500003815,15.029999733,15.8199996948,15.279999733,0,15.279999733
2016-10-19,15.6800003052,13.8699998856,15.4499998093,14.4099998474,0,14.4099998474
2016-10-20,14.720000267,13.7399997711,14.4300003052,13.75,0,13.75
2016-10-21,14.529999733,13.2700004578,14.0399999619,13.3400001526,0,13.3400001526
2016-10-24,13.2600002289,12.8299999237,13.1899995804,13.0200004578,0,13.0200004578
2016-10-25,13.8599996567,12.7299995422,12.9099998474,13.4600000381,0,13.4600000381
2016-10-26,14.8000001907,13.6599998474,13.6599998474,14.2399997711,0,14.2399997711
2016-10-27,15.4300003052,13.6000003815,14.3699998856,15.3599996567,0,15.3599996567
2016-10-28,17.3500003815,14.6499996185,15.6700000763,16.1900005341,0,16.1900005341
2016-10-31,17.6299991608,16.25,16.3099994659,17.0599994659,0,17.0599994659
2016-11-01,20.4300003052,16.5100002289,16.5400009155,18.5599994659,0,18.5599994659
2016-11-02,19.8199996948,18.5599994659,19.0900001526,19.3199996948,0,19.3199996948
2016-11-03,22.5699996948,18.8400001526,19.8500003815,22.0799999237,0,22.0799999237
2016-11-04,23.0100002289,19.2000007629,21.8600006104,22.5100002289,0,22.5100002289
2016-11-07,19.8600006104,18.3899993896,19.7800006866,18.7099990845,0,18.7099990845
2016-11-08,19.9099998474,17.7000007629,18.9200000763,18.7399997711,0,18.7399997711
2016-11-09,21.4799995422,14.3299999237,20.7000007629,14.3800001144,0,14.3800001144
2016-11-10,16.2999992371,13.2600002289,14.0100002289,14.7399997711,0,14.7399997711
2016-11-11,16.0,14.1499996185,14.8299999237,14.1700000763,0,14.1700000763
2016-11-14,15.5600004196,14.3900003433,14.6899995804,14.4799995422,0,14.4799995422
2016-11-15,14.6499996185,13.3000001907,14.1599998474,13.3699998856,0,13.3699998856
2016-11-16,14.4899997711,13.5100002289,13.5100002289,13.720000267,0,13.720000267
2016-11-17,13.5500001907,12.970000267,13.3699998856,13.3500003815,0,13.3500003815
2016-11-18,13.7399997711,12.8500003815,13.5600004196,12.8500003815,0,12.8500003815
2016-11-21,13.4399995804,12.1599998474,13.2700004578,12.4200000763,0,12.4200000763
2016-11-22,12.8299999237,12.1999998093,12.2600002289,12.4099998474,0,12.4099998474
2016-11-23,13.0100002289,12.1899995804,12.3400001526,12.4300003052,0,12.4300003052
2016-11-25,12.7399997711,12.3100004196,12.5200004578,12.3400001526,0,12.3400001526
2016-11-28,13.5,12.7399997711,13.3999996185,13.1499996185,0,13.1499996185
2016-11-29,13.5500001907,12.6199998856,13.0699996948,12.8999996185,0,12.8999996185
2016-11-30,13.4200000763,12.2299995422,12.6000003815,13.3299999237,0,13.3299999237
2016-12-01,14.720000267,13.0500001907,13.3999996185,14.0699996948,0,14.0699996948
2016-12-02,14.4799995422,12.3900003433,14.1599998474,14.1199998856,0,14.1199998856
2016-12-05,13.7700004578,12.1400003433,13.75,12.1400003433,0,12.1400003433
2016-12-06,12.3000001907,11.5399999619,12.1899995804,11.7899999619,0,11.7899999619
2016-12-07,12.2399997711,11.3299999237,11.5900001526,12.220000267,0,12.220000267
2016-12-08,13.3999996185,11.3000001907,12.1000003815,12.6400003433,0,12.6400003433
2016-12-09,12.720000267,11.6700000763,12.5900001526,11.75,0,11.75
2016-12-12,12.779999733,12.0699996948,12.2299995422,12.6400003433,0,12.6400003433
2016-12-13,13.4200000763,12.3400001526,12.4600000381,12.720000267,0,12.720000267
2016-12-14,13.3900003433,12.4799995422,12.8800001144,13.1899995804,0,13.1899995804
2016-12-15,13.2399997711,12.4600000381,13.0699996948,12.7899999619,0,12.7899999619
2016-12-16,12.9499998093,12.1499996185,12.8800001144,12.1999998093,0,12.1999998093
2016-12-19,12.5200004578,11.6700000763,12.5,11.7100000381,0,11.7100000381
2016-12-20,11.75,11.3800001144,11.6499996185,11.4499998093,0,11.4499998093
2016-12-21,11.4899997711,10.9300003052,11.4399995804,11.2700004578,0,11.2700004578
2016-12-22,11.6700000763,11.1400003433,11.3199996948,11.4300003052,0,11.4300003052
2016-12-23,11.8100004196,11.3500003815,11.3800001144,11.4399995804,0,11.4399995804
2016-12-27,12.3299999237,11.8400001526,12.2600002289,11.9899997711,0,11.9899997711
2016-12-28,13.0399999619,11.8500003815,11.8900003433,12.9499998093,0,12.9499998093
2016-12-29,13.7100000381,12.9499998093,13.1499996185,13.3699998856,0,13.3699998856
2016-12-30,14.6800003052,13.0500001907,13.1999998093,14.0399999619,0,14.0399999619
2017-01-03,14.0699996948,12.8500003815,14.0699996948,12.8500003815,0,12.8500003815
2017-01-04,12.8000001907,11.6300001144,12.779999733,11.8500003815,0,11.8500003815
2017-01-05,12.0900001526,11.3999996185,11.9600000381,11.6700000763,0,11.6700000763
2017-01-06,11.7399997711,10.9799995422,11.6999998093,11.3199996948,0,11.3199996948
2017-01-09,12.0799999237,11.4600000381,11.7100000381,11.5600004196,0,11.5600004196
2017-01-10,11.7899999619,11.3100004196,11.5900001526,11.4899997711,0,11.4899997711
2017-01-11,12.2299995422,11.2100000381,11.5600004196,11.2600002289,0,11.2600002289
2017-01-12,12.6000003815,11.3199996948,11.4799995422,11.5399999619,0,11.5399999619
2017-01-13,11.6199998856,10.9399995804,11.4499998093,11.2299995422,0,11.2299995422
2017-01-17,12.75,11.7899999619,12.1999998093,11.8699998856,0,11.8699998856
2017-01-18,12.8100004196,11.6899995804,11.7899999619,12.4799995422,0,12.4799995422
2017-01-19,13.279999733,12.1700000763,12.5799999237,12.779999733,0,12.779999733
2017-01-20,12.5900001526,11.529999733,12.5799999237,11.5399999619,0,11.5399999619
2017-01-23,12.6199998856,11.5900001526,12.3000001907,11.7700004578,0,11.7700004578
2017-01-24,11.8900003433,11.0399999619,11.8199996948,11.0699996948,0,11.0699996948
2017-01-25,11.0500001907,10.5100002289,10.7899999619,10.8100004196,0,10.8100004196
2017-01-26,11.0100002289,10.6000003815,10.6099996567,10.6300001144,0,10.6300001144
2017-01-27,10.8199996948,10.3000001907,10.5699996948,10.5799999237,0,10.5799999237
2017-01-30,12.8999996185,11.1000003815,11.1000003815,11.8800001144,0,11.8800001144
2017-01-31,12.9899997711,11.7899999619,12.2899999619,11.9899997711,0,11.9899997711
2017-02-01,12.0500001907,9.97000026703,11.7899999619,11.8100004196,0,11.8100004196
2017-02-02,12.470000267,11.6199998856,12.3699998856,11.9300003052,0,11.9300003052
2017-02-03,11.8400001526,10.720000267,11.8400001526,10.970000267,0,10.970000267
2017-02-06,11.8400001526,11.0900001526,11.3699998856,11.3699998856,0,11.3699998856
2017-02-07,11.6700000763,11.0600004196,11.3900003433,11.2899999619,0,11.2899999619
2017-02-08,11.8199996948,11.1499996185,11.1899995804,11.4499998093,0,11.4499998093
2017-02-09,11.529999733,10.7399997711,11.4399995804,10.8800001144,0,10.8800001144
2017-02-10,10.9499998093,10.5500001907,10.8500003815,10.8500003815,0,10.8500003815
2017-02-13,11.3999996185,11.0699996948,11.3599996567,11.0699996948,0,11.0699996948
2017-02-14,11.3400001526,10.7299995422,11.1700000763,10.7399997711,0,10.7399997711
2017-02-15,12.0100002289,10.8000001907,10.8400001526,11.970000267,0,11.970000267
2017-02-16,12.8599996567,11.6899995804,12.0200004578,11.7600002289,0,11.7600002289
2017-02-17,12.2600002289,11.3699998856,11.8400001526,11.4899997711,0,11.4899997711
2017-02-21,12.0900001526,11.5,12.0500001907,11.5699996948,0,11.5699996948
2017-02-22,12.0699996948,11.4399995804,11.4799995422,11.7399997711,0,11.7399997711
2017-02-23,12.4600000381,11.5399999619,11.6599998474,11.7100000381,0,11.7100000381
2017-02-24,12.5900001526,11.3400001526,11.8100004196,11.470000267,0,11.470000267
2017-02-27,12.1400003433,11.529999733,11.779999733,12.0900001526,0,12.0900001526
2017-02-28,12.9600000381,12.1300001144,12.1899995804,12.9200000763,0,12.9200000763
2017-03-01,12.5799999237,11.779999733,12.3100004196,12.5399999619,0,12.5399999619
2017-03-02,12.7100000381,11.3199996948,12.4300003052,11.8100004196,0,11.8100004196
2017-03-03,11.970000267,10.9399995804,11.9600000381,10.9600000381,0,10.9600000381
2017-03-06,11.720000267,11.0600004196,11.5900001526,11.2399997711,0,11.2399997711
2017-03-07,11.5799999237,11.0399999619,11.2700004578,11.4499998093,0,11.4499998093
2017-03-08,11.8599996567,11.0900001526,11.4899997711,11.8599996567,0,11.8599996567
2017-03-09,12.4300003052,11.6199998856,11.75,12.3000001907,0,12.3000001907
2017-03-10,12.0900001526,11.4600000381,11.970000267,11.6599998474,0,11.6599998474
2017-03-13,12.2299995422,11.2899999619,12.1599998474,11.3500003815,0,11.3500003815
2017-03-14,12.5399999619,11.279999733,11.3900003433,12.3000001907,0,12.3000001907
2017-03-15,12.25,10.6000003815,12.1199998856,11.6300001144,0,11.6300001144
2017-03-16,11.5500001907,11.1599998474,11.2899999619,11.2100000381,0,11.2100000381
2017-03-17,11.3800001144,10.779999733,11.3800001144,11.279999733,0,11.279999733
2017-03-20,11.720000267,11.029999733,11.7100000381,11.3400001526,0,11.3400001526
2017-03-21,12.8500003815,10.9200000763,11.1499996185,12.470000267,0,12.470000267
2017-03-22,13.1599998474,11.9899997711,12.9499998093,12.8100004196,0,12.8100004196
2017-03-23,13.1700000763,12.1800003052,12.6499996185,13.1199998856,0,13.1199998856
2017-03-24,14.1599998474,12.2700004578,12.8599996567,12.9600000381,0,12.9600000381
2017-03-27,15.1099996567,12.4799995422,14.779999733,12.5,0,12.5
2017-03-28,12.6700000763,11.3400001526,12.4399995804,11.529999733,0,11.529999733
2017-03-29,11.6999998093,11.029999733,11.5399999619,11.4200000763,0,11.4200000763
2017-03-30,11.6400003433,11.1199998856,11.3699998856,11.5399999619,0,11.5399999619
2017-03-31,12.5399999619,11.5,11.6099996567,12.3699998856,0,12.3699998856
2017-04-03,13.5900001526,12.2700004578,12.5900001526,12.3800001144,0,12.3800001144
2017-04-04,13.0699996948,11.6999998093,12.7100000381,11.7899999619,0,11.7899999619
2017-04-05,12.8900003433,10.8999996185,11.8900003433,12.8900003433,0,12.8900003433
2017-04-06,13.220000267,11.6999998093,13.1099996567,12.3900003433,0,12.3900003433
2017-04-07,13.4300003052,12.2299995422,13.1700000763,12.8699998856,0,12.8699998856
2017-04-10,14.1099996567,12.9399995804,13.2399997711,14.0500001907,0,14.0500001907
2017-04-11,15.8800001144,14.1700000763,14.3199996948,15.0699996948,0,15.0699996948
2017-04-12,16.1599998474,14.8400001526,15.1599998474,15.7700004578,0,15.7700004578
2017-04-13,16.2199993134,14.970000267,15.8900003433,15.9600000381,0,15.9600000381
2017-04-17,16.2800006866,14.6000003815,16.1900005341,14.6599998474,0,14.6599998474
2017-04-18,15.5,14.2899999619,14.5,14.4200000763,0,14.4200000763
2017-04-19,15.1499996185,13.4600000381,14.0,14.9300003052,0,14.9300003052
2017-04-20,14.8100004196,13.8299999237,14.5900001526,14.1499996185,0,14.1499996185
2017-04-21,15.3299999237,13.8500003815,13.8500003815,14.6300001144,0,14.6300001144
2017-04-24,12.0100002289,10.8199996948,11.5600004196,10.8400001526,0,10.8400001526
2017-04-25,11.1499996185,10.220000267,10.8100004196,10.7600002289,0,10.7600002289
2017-04-26,10.8900003433,10.3900003433,10.6099996567,10.8500003815,0,10.8500003815
2017-04-27,11.0799999237,10.3299999237,10.720000267,10.3599996567,0,10.3599996567
2017-04-28,11.1599998474,10.2899999619,10.3900003433,10.8199996948,0,10.8199996948
2017-05-01,11.0399999619,9.89999961853,10.9200000763,10.1099996567,0,10.1099996567
2017-05-02,10.5900001526,10.0399999619,10.1499996185,10.5900001526,0,10.5900001526
2017-05-03,11.1499996185,10.3999996185,10.5600004196,10.6800003052,0,10.6800003052
2017-05-04,11.2399997711,10.2700004578,10.7100000381,10.4600000381,0,10.4600000381
2017-05-05,10.9799995422,9.98999977112,10.5100002289,10.5699996948,0,10.5699996948
2017-05-08,10.5500001907,9.67000007629,10.529999733,9.77000045776,0,9.77000045776
2017-05-09,10.1400003433,9.56000041962,9.86999988556,9.96000003815,0,9.96000003815
2017-05-10,10.2399997711,9.61999988556,9.75,10.2100000381,0,10.2100000381
2017-05-11,11.2299995422,10.3199996948,10.3400001526,10.6000003815,0,10.6000003815
2017-05-12,10.8699998856,10.279999733,10.720000267,10.3999996185,0,10.3999996185
2017-05-15,10.8800001144,10.25,10.5399999619,10.4200000763,0,10.4200000763
2017-05-16,10.6700000763,10.1800003052,10.4600000381,10.6499996185,0,10.6499996185
2017-05-17,15.5900001526,11.529999733,11.8900003433,15.5900001526,0,15.5900001526
2017-05-18,16.2999992371,14.029999733,14.0600004196,14.6599998474,0,14.6599998474
2017-05-19,14.2299995422,11.720000267,14.2299995422,12.0399999619,0,12.0399999619
2017-05-22,12.5200004578,10.8900003433,12.2899999619,10.9300003052,0,10.9300003052
2017-05-23,11.0,10.5600004196,11.0,10.720000267,0,10.720000267
2017-05-24,10.8999996185,9.88000011444,10.6099996567,10.0200004578,0,10.0200004578
2017-05-25,10.2899999619,9.72000026703,9.81999969482,9.98999977112,0,9.98999977112
2017-05-26,10.4799995422,9.64999961853,9.93000030518,9.81000041962,0,9.81000041962
2017-05-30,10.8400001526,10.1400003433,10.6099996567,10.3800001144,0,10.3800001144
2017-05-31,11.3000001907,9.93000030518,10.1000003815,10.4099998474,0,10.4099998474
2017-06-01,10.5399999619,9.68999958038,10.4200000763,9.89000034332,0,9.89000034332
2017-06-02,10.3000001907,9.57999992371,10.0799999237,9.75,0,9.75
2017-06-05,10.279999733,9.60000038147,10.0799999237,10.0699996948,0,10.0699996948
2017-06-06,10.7700004578,9.85999965668,10.1899995804,10.4499998093,0,10.4499998093
2017-06-07,10.9300003052,10.1199998856,10.4799995422,10.3900003433,0,10.3900003433
2017-06-08,10.529999733,9.72999954224,10.2700004578,10.1599998474,0,10.1599998474
2017-06-09,12.1099996567,9.36999988556,9.93000030518,10.6999998093,0,10.6999998093
2017-06-12,12.3699998856,11.1899995804,11.1899995804,11.4600000381,0,11.4600000381
2017-06-13,11.1400003433,10.2600002289,11.1199998856,10.4200000763,0,10.4200000763
2017-06-14,11.2600002289,10.0100002289,10.3299999237,10.6400003433,0,10.6400003433
2017-06-15,12.0100002289,10.7399997711,11.0600004196,10.8999996185,0,10.8999996185
2017-06-16,11.3500003815,10.2600002289,10.6300001144,10.3800001144,0,10.3800001144
2017-06-19,10.6000003815,10.0100002289,10.5699996948,10.3699998856,0,10.3699998856
2017-06-20,11.1499996185,10.2399997711,10.279999733,10.8599996567,0,10.8599996567
2017-06-21,11.3999996185,10.3999996185,11.029999733,10.75,0,10.75
2017-06-22,11.0100002289,10.2399997711,10.8100004196,10.4799995422,0,10.4799995422
2017-06-23,10.6899995804,9.85000038147,10.25,10.0200004578,0,10.0200004578
2017-06-26,10.4399995804,9.68000030518,10.1300001144,9.89999961853,0,9.89999961853
2017-06-27,11.3100004196,9.80000019073,10.0399999619,11.0600004196,0,11.0600004196
2017-06-28,11.4899997711,9.76000022888,11.1700000763,10.029999733,0,10.029999733
2017-06-29,15.1599998474,9.72999954224,9.78999996185,11.4399995804,0,11.4399995804
2017-06-30,11.8500003815,10.3999996185,11.7399997711,11.1800003052,0,11.1800003052
2017-07-03,11.4499998093,10.279999733,11.0699996948,11.220000267,0,11.220000267
2017-07-05,12.029999733,10.7899999619,11.1999998093,11.0699996948,0,11.0699996948
2017-07-06,13.0500001907,11.1800003052,11.1999998093,12.5399999619,0,12.5399999619
2017-07-07,12.5699996948,10.9799995422,12.4799995422,11.1899995804,0,11.1899995804
2017-07-10,11.7299995422,10.6099996567,11.2600002289,11.1099996567,0,11.1099996567
2017-07-11,12.1400003433,10.6800003052,10.7899999619,10.8900003433,0,10.8900003433
2017-07-12,10.8500003815,10.0799999237,10.8500003815,10.3000001907,0,10.3000001907
2017-07-13,10.3999996185,9.89999961853,10.0699996948,9.89999961853,0,9.89999961853
2017-07-14,10.1400003433,9.5,10.0900001526,9.51000022888,0,9.51000022888
2017-07-17,10.029999733,9.71000003815,9.77000045776,9.81999969482,0,9.81999969482
2017-07-18,10.3500003815,9.65999984741,9.85999965668,9.89000034332,0,9.89000034332
2017-07-19,9.93999958038,9.57999992371,9.68999958038,9.78999996185,0,9.78999996185
2017-07-20,10.279999733,9.5,9.65999984741,9.57999992371,0,9.57999992371
2017-07-21,9.97999954224,9.30000019073,9.52000045776,9.35999965668,0,9.35999965668
2017-07-24,9.97000026703,9.26000022888,9.93999958038,9.43000030518,0,9.43000030518
2017-07-25,9.52000045776,9.03999996185,9.39999961853,9.43000030518,0,9.43000030518
2017-07-26,9.65999984741,8.84000015259,9.25,9.60000038147,0,9.60000038147
2017-07-27,11.5,9.15999984741,9.32999992371,10.1099996567,0,10.1099996567
2017-07-28,11.3000001907,10.2600002289,10.6199998856,10.2899999619,0,10.2899999619
2017-07-31,10.8400001526,10.2299995422,10.529999733,10.2600002289,0,10.2600002289
2017-08-01,10.5600004196,9.94999980927,10.1899995804,10.0900001526,0,10.0900001526
2017-08-02,10.8100004196,9.80000019073,10.0799999237,10.279999733,0,10.279999733
2017-08-03,10.6000003815,9.89999961853,10.470000267,10.4399995804,0,10.4399995804
2017-08-04,10.5,9.68000030518,10.4799995422,10.029999733,0,10.029999733
2017-08-07,10.3199996948,9.76000022888,10.1899995804,9.93000030518,0,9.93000030518
2017-08-08,11.5200004578,9.52000045776,10.0399999619,10.9600000381,0,10.9600000381
2017-08-09,12.6300001144,11.1099996567,11.4899997711,11.1099996567,0,11.1099996567
2017-08-10,16.1700000763,11.5600004196,11.5699996948,16.0400009155,0,16.0400009155
2017-08-11,17.2800006866,14.5,16.1700000763,15.5100002289,0,15.5100002289
2017-08-14,14.0500001907,12.0600004196,14.0500001907,12.3299999237,0,12.3299999237
2017-08-15,12.3699998856,11.4499998093,11.779999733,12.0399999619,0,12.0399999619
2017-08-16,12.5399999619,11.25,11.5900001526,11.7399997711,0,11.7399997711
2017-08-17,15.7700004578,11.5399999619,11.8100004196,15.5500001907,0,15.5500001907
2017-08-18,16.0400009155,13.3199996948,15.3800001144,14.2600002289,0,14.2600002289
2017-08-21,14.7399997711,13.0699996948,14.5900001526,13.1899995804,0,13.1899995804
2017-08-22,12.9399995804,11.3500003815,12.6000003815,11.3500003815,0,11.3500003815
2017-08-23,12.5900001526,11.3900003433,11.5100002289,12.25,0,12.25
2017-08-24,12.8299999237,11.5500001907,12.0600004196,12.2299995422,0,12.2299995422
2017-08-25,12.4499998093,11.1000003815,12.1999998093,11.279999733,0,11.279999733
2017-08-28,12.1099996567,11.2299995422,12.0900001526,11.3199996948,0,11.3199996948
2017-08-29,14.3400001526,11.4799995422,13.3299999237,11.6999998093,0,11.6999998093
2017-08-30,11.9799995422,10.9600000381,11.3999996185,11.220000267,0,11.220000267
2017-08-31,11.220000267,10.3400001526,11.0699996948,10.5900001526,0,10.5900001526
2017-09-01,10.4600000381,10.0200004578,10.3299999237,10.1300001144,0,10.1300001144
2017-09-05,14.0600004196,11.4099998474,11.75,12.2299995422,0,12.2299995422
2017-09-06,12.5900001526,11.3500003815,12.2700004578,11.6300001144,0,11.6300001144
2017-09-07,12.0699996948,11.3199996948,11.9300003052,11.5500001907,0,11.5500001907
2017-09-08,12.6000003815,11.8400001526,11.8699998856,12.1199998856,0,12.1199998856
2017-09-11,11.3900003433,10.5100002289,11.3800001144,10.7299995422,0,10.7299995422
2017-09-12,10.9499998093,10.2899999619,10.6599998474,10.5799999237,0,10.5799999237
2017-09-13,10.8599996567,10.3299999237,10.720000267,10.5,0,10.5
2017-09-14,11.0399999619,10.279999733,10.5699996948,10.4399995804,0,10.4399995804
2017-09-15,10.7399997711,10.0,10.5100002289,10.1700000763,0,10.1700000763
2017-09-18,10.4200000763,9.88000011444,10.1800003052,10.1499996185,0,10.1499996185
2017-09-19,10.3000001907,9.85000038147,10.1599998474,10.1800003052,0,10.1800003052
2017-09-20,10.6700000763,9.67000007629,10.0399999619,9.77999973297,0,9.77999973297
2017-09-21,10.2100000381,9.53999996185,9.73999977112,9.67000007629,0,9.67000007629
2017-09-22,10.1999998093,9.5,9.89999961853,9.59000015259,0,9.59000015259
2017-09-25,11.2100000381,9.78999996185,10.0799999237,10.2100000381,0,10.2100000381
2017-09-26,10.6800003052,9.93999958038,10.4200000763,10.1700000763,0,10.1700000763
2017-09-27,10.4200000763,9.63000011444,9.89999961853,9.86999988556,0,9.86999988556
2017-09-28,10.1300001144,9.55000019073,9.73999977112,9.55000019073,0,9.55000019073
2017-09-29,9.82999992371,9.35999965668,9.59000015259,9.51000022888,0,9.51000022888
2017-10-02,10.0399999619,9.36999988556,9.59000015259,9.44999980927,0,9.44999980927
2017-10-03,9.75,9.30000019073,9.30000019073,9.51000022888,0,9.51000022888
2017-10-04,9.88000011444,9.52999973297,9.52999973297,9.63000011444,0,9.63000011444
2017-10-05,9.61999988556,9.13000011444,9.47999954224,9.18999958038,0,9.18999958038
2017-10-06,10.2700004578,9.10999965668,9.22999954224,9.64999961853,0,9.64999961853
2017-10-09,10.529999733,9.88000011444,9.92000007629,10.3299999237,0,10.3299999237
2017-10-10,10.6599998474,9.93999958038,10.1499996185,10.0799999237,0,10.0799999237
2017-10-11,10.3800001144,9.72000026703,9.94999980927,9.85000038147,0,9.85000038147
2017-10-12,10.3299999237,9.64999961853,9.93999958038,9.90999984741,0,9.90999984741
2017-10-13,9.97999954224,9.43999958038,9.94999980927,9.60999965668,0,9.60999965668
2017-10-16,10.0200004578,9.75,9.94999980927,9.90999984741,0,9.90999984741
2017-10-17,10.4600000381,9.77999973297,9.85000038147,10.3100004196,0,10.3100004196
2017-10-18,10.4099998474,9.86999988556,10.3400001526,10.0699996948,0,10.0699996948
2017-10-19,11.7700004578,9.98999977112,10.220000267,10.0500001907,0,10.0500001907
2017-10-20,10.0399999619,9.28999996185,9.92000007629,9.97000026703,0,9.97000026703
2017-10-23,11.0799999237,9.93999958038,10.25,11.0699996948,0,11.0699996948
2017-10-24,11.1599998474,10.3900003433,10.8900003433,11.1599998474,0,11.1599998474
2017-10-25,13.1999998093,10.9899997711,11.3400001526,11.2299995422,0,11.2299995422
2017-10-26,11.8100004196,10.6000003815,11.1700000763,11.3000001907,0,11.3000001907
2017-10-27,11.1199998856,9.73999977112,11.1199998856,9.80000019073,0,9.80000019073
2017-10-30,10.8900003433,10.1000003815,10.279999733,10.5,0,10.5
2017-10-31,10.3699998856,9.89999961853,10.3400001526,10.1800003052,0,10.1800003052
2017-11-01,10.4899997711,9.73999977112,9.78999996185,10.1999998093,0,10.1999998093
2017-11-02,10.8900003433,9.67000007629,10.4399995804,9.93000030518,0,9.93000030518
2017-11-03,9.90999984741,8.98999977112,9.82999992371,9.14000034332,0,9.14000034332
2017-11-06,9.73999977112,9.38000011444,9.63000011444,9.39999961853,0,9.39999961853
2017-11-07,10.3100004196,9.28999996185,9.31000041962,9.89000034332,0,9.89000034332
2017-11-08,10.2700004578,9.5,9.78999996185,9.77999973297,0,9.77999973297
2017-11-09,12.1899995804,9.78999996185,9.93999958038,10.5,0,10.5
2017-11-10,11.5799999237,10.5,10.779999733,11.2899999619,0,11.2899999619
2017-11-13,12.1800003052,11.0,11.4300003052,11.5,0,11.5
2017-11-14,12.6099996567,11.4499998093,11.529999733,11.5900001526,0,11.5900001526
2017-11-15,14.5100002289,12.3299999237,12.5200004578,13.1300001144,0,13.1300001144
2017-11-16,12.5200004578,11.3800001144,12.470000267,11.7600002289,0,11.7600002289
2017-11-17,12.0100002289,11.1599998474,11.75,11.4300003052,0,11.4300003052
2017-11-20,12.0799999237,10.4399995804,11.9600000381,10.6499996185,0,10.6499996185
2017-11-21,10.779999733,9.67000007629,10.7399997711,9.72999954224,0,9.72999954224
2017-11-22,9.88000011444,9.31999969482,9.60000038147,9.88000011444,0,9.88000011444
2017-11-24,9.96000003815,8.56000041962,9.81999969482,9.67000007629,0,9.67000007629
2017-11-27,10.2600002289,9.78999996185,10.0699996948,9.86999988556,0,9.86999988556
2017-11-28,10.3100004196,9.52999973297,9.72000026703,10.029999733,0,10.029999733
2017-11-29,10.9300003052,9.81000041962,9.90999984741,10.6999998093,0,10.6999998093
2017-11-30,12.0500001907,10.25,10.4899997711,11.279999733,0,11.279999733
2017-12-01,14.5799999237,10.5399999619,11.1899995804,11.4300003052,0,11.4300003052
2017-12-04,11.8599996567,10.2600002289,11.0500001907,11.6800003052,0,11.6800003052
2017-12-05,11.6700000763,10.6499996185,11.3800001144,11.3299999237,0,11.3299999237
2017-12-06,11.6800003052,10.8599996567,11.6300001144,11.0200004578,0,11.0200004578
2017-12-07,11.3199996948,10.1199998856,10.8999996185,10.1599998474,0,10.1599998474
2017-12-08,10.0600004196,9.43000030518,10.0,9.57999992371,0,9.57999992371
2017-12-11,10.0799999237,9.27999973297,9.73999977112,9.34000015259,0,9.34000015259
2017-12-12,9.92000007629,9.21000003815,9.35999965668,9.92000007629,0,9.92000007629
2017-12-13,10.2100000381,9.64999961853,9.77999973297,10.1800003052,0,10.1800003052
2017-12-14,10.5399999619,9.77999973297,9.97999954224,10.4899997711,0,10.4899997711
2017-12-15,10.1999998093,9.22000026703,10.1199998856,9.42000007629,0,9.42000007629
2017-12-18,9.89000034332,9.23999977112,9.46000003815,9.52999973297,0,9.52999973297
2017-12-19,10.1499996185,9.18000030518,9.39999961853,10.029999733,0,10.029999733
2017-12-20,9.85000038147,8.89999961853,9.68999958038,9.72000026703,0,9.72000026703
2017-12-21,9.85999965668,9.19999980927,9.59000015259,9.61999988556,0,9.61999988556
2017-12-22,10.1800003052,9.35000038147,9.36999988556,9.89999961853,0,9.89999961853
2017-12-26,10.4600000381,10.1300001144,10.1899995804,10.25,0,10.25
2017-12-27,10.7899999619,9.71000003815,10.0399999619,10.470000267,0,10.470000267
2017-12-28,10.4399995804,10.0699996948,10.2899999619,10.1800003052,0,10.1800003052
2017-12-29,11.0600004196,9.94999980927,10.029999733,11.0399999619,0,11.0399999619
2018-01-02,11.0699996948,9.52000045776,10.9499998093,9.77000045776,0,9.77000045776
2018-01-03,9.64999961853,8.93999958038,9.56000041962,9.14999961853,0,9.14999961853
2018-01-04,9.31000041962,8.92000007629,9.01000022888,9.22000026703,0,9.22000026703
2018-01-05,9.53999996185,9.0,9.10000038147,9.22000026703,0,9.22000026703
2018-01-08,9.89000034332,9.31999969482,9.60999965668,9.52000045776,0,9.52000045776
2018-01-09,10.0900001526,9.36999988556,9.40999984741,10.0799999237,0,10.0799999237
2018-01-10,10.8500003815,9.81999969482,10.1099996567,9.81999969482,0,9.81999969482
2018-01-11,10.0200004578,9.61999988556,9.68999958038,9.88000011444,0,9.88000011444
2018-01-12,10.3100004196,9.53999996185,9.73999977112,10.1599998474,0,10.1599998474
2018-01-16,12.4099998474,10.3999996185,10.4200000763,11.6599998474,0,11.6599998474
2018-01-17,12.8100004196,11.1800003052,11.3500003815,11.9099998474,0,11.9099998474
2018-01-18,12.3999996185,11.6199998856,12.0100002289,12.220000267,0,12.220000267
2018-01-19,12.3299999237,11.1800003052,12.3000001907,11.2700004578,0,11.2700004578
2018-01-22,11.6199998856,10.8400001526,11.5900001526,11.029999733,0,11.029999733
2018-01-23,11.5699996948,10.7600002289,10.7700004578,11.1000003815,0,11.1000003815
2018-01-24,12.1899995804,10.8900003433,11.0,11.470000267,0,11.470000267
2018-01-25,12.0100002289,11.1999998093,11.2700004578,11.5799999237,0,11.5799999237
2018-01-26,11.6000003815,11.0799999237,11.3999996185,11.0799999237,0,11.0799999237
2018-01-29,13.8400001526,11.6800003052,11.7100000381,13.8400001526,0,13.8400001526
2018-01-30,15.4200000763,13.8800001144,13.9300003052,14.7899999619,0,14.7899999619
2018-01-31,14.4399995804,13.4099998474,14.2299995422,13.5399999619,0,13.5399999619
2018-02-01,14.3000001907,12.5,13.0500001907,13.470000267,0,13.470000267
2018-02-02,17.8600006104,13.6400003433,13.6400003433,17.3099994659,0,17.3099994659
2018-02-05,38.7999992371,16.7999992371,18.4400005341,37.3199996948,0,37.3199996948
2018-02-06,50.2999992371,22.4200000763,37.3199996948,29.9799995422,0,29.9799995422
2018-02-07,31.6399993896,21.1700000763,31.3799991608,27.7299995422,0,27.7299995422
2018-02-08,36.1699981689,24.4099998474,27.2900009155,33.4599990845,0,33.4599990845
2018-02-09,41.0600013733,27.7299995422,32.1800003052,29.0599994659,0,29.0599994659
2018-02-12,29.7000007629,24.4200000763,27.25,25.6100006104,0,25.6100006104
2018-02-13,27.8199996948,24.4699993134,26.9400005341,24.9699993134,0,24.9699993134
2018-02-14,25.7199993134,18.9899997711,23.4799995422,19.2600002289,0,19.2600002289
2018-02-15,20.6599998474,17.6000003815,18.3899993896,19.1299991608,0,19.1299991608
2018-02-16,20.9899997711,17.4400005341,18.7399997711,19.4599990845,0,19.4599990845
2018-02-20,21.6100006104,19.75,20.5300006866,20.6000003815,0,20.6000003815
2018-02-21,21.0400009155,16.9699993134,20.7600002289,20.0200004578,0,20.0200004578
2018-02-22,20.6100006104,18.0699996948,20.5699996948,18.7199993134,0,18.7199993134
2018-02-23,18.7999992371,16.4699993134,17.9599990845,16.4899997711,0,16.4899997711
2018-02-26,16.9400005341,15.8000001907,16.5300006866,15.8000001907,0,15.8000001907
2018-02-27,18.9799995422,15.2899999619,15.8299999237,18.5900001526,0,18.5900001526
2018-02-28,20.4400005341,15.6499996185,18.0799999237,19.8500003815,0,19.8500003815
2018-03-01,25.2999992371,19.5699996948,19.9599990845,22.4699993134,0,22.4699993134
2018-03-02,26.2199993134,19.3600006104,22.4699993134,19.5900001526,0,19.5900001526
2018-03-05,21.5699996948,17.9400005341,21.5499992371,18.7299995422,0,18.7299995422
2018-03-06,19.6399993896,17.6800003052,18.25,18.3600006104,0,18.3600006104
2018-03-07,20.4899997711,17.5200004578,20.1100006104,17.7600002289,0,17.7600002289
2018-03-08,17.6800003052,14.9099998474,17.5599994659,16.5400009155,0,16.5400009155
2018-03-09,16.75,13.3100004196,16.4099998474,14.6400003433,0,14.6400003433
2018-03-12,16.3500003815,15.1800003052,15.279999733,15.779999733,0,15.779999733
2018-03-13,16.9799995422,15.029999733,15.6999998093,16.3500003815,0,16.3500003815
2018-03-14,17.5900001526,14.9399995804,16.5900001526,17.2299995422,0,17.2299995422
2018-03-15,17.4099998474,15.9600000381,16.9899997711,16.5900001526,0,16.5900001526
2018-03-16,16.7199993134,15.2299995422,16.6000003815,15.8000001907,0,15.8000001907
2018-03-19,21.8700008392,16.5599994659,16.6299991608,19.0200004578,0,19.0200004578
2018-03-20,19.3099994659,18.0900001526,18.3799991608,18.2000007629,0,18.2000007629
2018-03-21,18.3700008392,16.2600002289,17.7600002289,17.8600006104,0,17.8600006104
2018-03-22,23.8099994659,18.1200008392,18.1299991608,23.3400001526,0,23.3400001526
2018-03-23,26.0100002289,21.6299991608,24.0200004578,24.8700008392,0,24.8700008392
2018-03-26,24.5400009155,20.7099990845,23.4099998474,21.0300006866,0,21.0300006866
2018-03-27,24.0599994659,19.8400001526,20.3299999237,22.5,0,22.5
2018-03-28,24.9400005341,21.7099990845,22.5200004578,22.8700008392,0,22.8700008392
2018-03-29,23.0499992371,19.6000003815,22.8700008392,19.9699993134,0,19.9699993134
2018-04-02,25.7199993134,20.4400005341,21.0699996948,23.6200008392,0,23.6200008392
2018-04-03,23.3799991608,20.9200000763,23.0300006866,21.1000003815,0,21.1000003815
2018-04-04,24.5100002289,19.8600006104,21.6800003052,20.0599994659,0,20.0599994659
2018-04-05,20.2099990845,18.5699996948,19.7600002289,18.9400005341,0,18.9400005341
2018-04-06,23.1200008392,18.6000003815,20.3299999237,21.4899997711,0,21.4899997711
2018-04-09,22.0200004578,20.3400001526,21.2700004578,21.7700004578,0,21.7700004578
2018-04-10,21.6800003052,20.2399997711,20.5100002289,20.4699993134,0,20.4699993134
2018-04-11,21.6599998474,19.6399993896,20.9500007629,20.2399997711,0,20.2399997711
2018-04-12,19.9200000763,18.1599998474,19.8299999237,18.4899997711,0,18.4899997711
2018-04-13,18.4500007629,17.2600002289,18.2700004578,17.4099998474,0,17.4099998474
2018-04-16,17.6599998474,16.3799991608,17.5900001526,16.5599994659,0,16.5599994659
2018-04-17,16.2700004578,14.5699996948,16.1599998474,15.25,0,15.25
2018-04-18,16.8999996185,14.9499998093,15.3000001907,15.6000003815,0,15.6000003815
2018-04-19,16.9200000763,15.1599998474,15.5500001907,15.9600000381,0,15.9600000381
2018-04-20,17.5,15.1899995804,16.1599998474,16.8799991608,0,16.8799991608
2018-04-23,17.5599994659,15.7899999619,17.2900009155,16.3400001526,0,16.3400001526
2018-04-24,19.6599998474,15.3699998856,16.1599998474,18.0200004578,0,18.0200004578
2018-04-25,19.8400001526,17.75,18.1399993896,17.8400001526,0,17.8400001526
2018-04-26,18.1200008392,16.2399997711,18.0699996948,16.2399997711,0,16.2399997711
2018-04-27,16.7700004578,15.25,16.2199993134,15.4099998474,0,15.4099998474
2018-04-30,16.3500003815,15.1300001144,15.3100004196,15.9300003052,0,15.9300003052
2018-05-01,16.8199996948,15.4200000763,16.0,15.4899997711,0,15.4899997711
2018-05-02,15.970000267,14.75,15.4799995422,15.970000267,0,15.970000267
2018-05-03,18.6599998474,15.4300003052,15.779999733,15.8999996185,0,15.8999996185
2018-05-04,16.9200000763,10.9099998474,15.9399995804,14.7700004578,0,14.7700004578
2018-05-07,15.2700004578,14.5100002289,15.0500001907,14.75,0,14.75
2018-05-08,15.5600004196,14.5200004578,14.529999733,14.7100000381,0,14.7100000381
2018-05-09,14.6300001144,13.3800001144,14.5399999619,13.4200000763,0,13.4200000763
2018-05-10,13.6300001144,12.9200000763,13.3599996567,13.2299995422,0,13.2299995422
2018-05-11,13.4399995804,12.6499996185,13.220000267,12.6499996185,0,12.6499996185
2018-05-14,13.279999733,12.8100004196,13.0900001526,12.9300003052,0,12.9300003052
2018-05-15,15.0100002289,12.5,13.1300001144,14.6300001144,0,14.6300001144
2018-05-16,14.9099998474,13.2100000381,14.3800001144,13.4200000763,0,13.4200000763
2018-05-17,13.8599996567,12.6499996185,13.5399999619,13.4300003052,0,13.4300003052
2018-05-18,13.8699998856,13.0600004196,13.1800003052,13.4200000763,0,13.4200000763
2018-05-21,13.5900001526,12.779999733,12.9899997711,13.0799999237,0,13.0799999237
2018-05-22,13.4200000763,12.7700004578,13.029999733,13.220000267,0,13.220000267
2018-05-23,14.6000003815,12.4899997711,13.5,12.5799999237,0,12.5799999237
2018-05-24,14.2399997711,12.529999733,12.7299995422,12.529999733,0,12.529999733
2018-05-25,13.5200004578,12.2899999619,12.4399995804,13.220000267,0,13.220000267
2018-05-29,18.7800006866,14.3900003433,14.3900003433,17.0200004578,0,17.0200004578
2018-05-30,16.6399993896,14.6499996185,16.6000003815,14.9399995804,0,14.9399995804
2018-05-31,16.2900009155,14.1999998093,14.9300003052,15.4300003052,0,15.4300003052
2018-06-01,14.9300003052,13.3699998856,14.9200000763,13.4600000381,0,13.4600000381
2018-06-04,13.9099998474,12.6899995804,13.9099998474,12.7399997711,0,12.7399997711
2018-06-05,13.3400001526,12.3000001907,12.9099998474,12.3999996185,0,12.3999996185
2018-06-06,12.5600004196,11.6199998856,12.1000003815,11.6400003433,0,11.6400003433
2018-06-07,13.279999733,11.220000267,11.6599998474,12.1300001144,0,12.1300001144
2018-06-08,13.3100004196,12.0900001526,12.5399999619,12.1800003052,0,12.1800003052
2018-06-11,12.6899995804,12.1400003433,12.5200004578,12.3500003815,0,12.3500003815
2018-06-12,12.6000003815,11.8800001144,12.2899999619,12.3400001526,0,12.3400001526
2018-06-13,12.9499998093,11.9799995422,12.1300001144,12.9399995804,0,12.9399995804
2018-06-14,13.0699996948,11.8800001144,12.9799995422,12.1199998856,0,12.1199998856
2018-06-15,13.1599998474,11.9300003052,12.1899995804,11.9799995422,0,11.9799995422
2018-06-18,13.7399997711,12.279999733,12.7899999619,12.3100004196,0,12.3100004196
2018-06-19,14.6800003052,13.2100000381,14.6099996567,13.3500003815,0,13.3500003815
2018-06-20,13.0200004578,12.25,12.8999996185,12.7899999619,0,12.7899999619
2018-06-21,15.1800003052,12.1800003052,12.5399999619,14.6400003433,0,14.6400003433
2018-06-22,14.6000003815,13.1099996567,14.6000003815,13.7700004578,0,13.7700004578
2018-06-25,19.6100006104,14.5600004196,15.0699996948,17.3299999237,0,17.3299999237
2018-06-26,17.5400009155,15.1000003815,16.7099990845,15.9200000763,0,15.9200000763
2018-06-27,18.1900005341,14.7600002289,16.5200004578,17.9099998474,0,17.9099998474
2018-06-28,18.9899997711,16.3999996185,17.5400009155,16.8500003815,0,16.8500003815
2018-06-29,16.5100002289,14.6599998474,15.7299995422,16.0900001526,0,16.0900001526
2018-07-02,18.0799999237,15.5399999619,17.7000007629,15.6000003815,0,15.6000003815
2018-07-03,16.4500007629,14.6800003052,15.3699998856,16.1399993896,0,16.1399993896
2018-07-05,16.2199993134,14.470000267,15.6199998856,14.970000267,0,14.970000267
2018-07-06,15.4499998093,13.3400001526,14.9899997711,13.3699998856,0,13.3699998856
2018-07-09,13.220000267,12.6000003815,13.0200004578,12.6899995804,0,12.6899995804
2018-07-10,13.2100000381,11.9300003052,12.5200004578,12.6400003433,0,12.6400003433
2018-07-11,14.1499996185,13.0900001526,14.0500001907,13.6300001144,0,13.6300001144
2018-07-12,13.3299999237,12.4200000763,13.0699996948,12.5799999237,0,12.5799999237
2018-07-13,12.970000267,11.6199998856,12.3900003433,12.1800003052,0,12.1800003052
2018-07-16,12.970000267,12.4600000381,12.7700004578,12.8299999237,0,12.8299999237
2018-07-17,13.1800003052,11.8500003815,12.9099998474,12.0600004196,0,12.0600004196
2018-07-18,12.470000267,11.4399995804,11.8699998856,12.1000003815,0,12.1000003815
2018-07-19,13.0900001526,11.7899999619,12.1999998093,12.8699998856,0,12.8699998856
2018-07-20,13.5799999237,12.4899997711,13.0,12.8599996567,0,12.8599996567
2018-07-23,13.5500001907,12.5799999237,13.470000267,12.6199998856,0,12.6199998856
2018-07-24,13.2100000381,11.6599998474,12.6099996567,12.4099998474,0,12.4099998474
2018-07-25,12.8199996948,11.8000001907,12.3699998856,12.2899999619,0,12.2899999619
2018-07-26,12.529999733,11.779999733,12.4499998093,12.1400003433,0,12.1400003433
2018-07-27,14.2600002289,11.6000003815,12.1700000763,13.029999733,0,13.029999733
2018-07-30,14.4600000381,12.9799995422,13.6300001144,14.2600002289,0,14.2600002289
2018-07-31,14.1199998856,12.8100004196,13.9799995422,12.8299999237,0,12.8299999237
2018-08-01,13.6300001144,12.4499998093,13.0900001526,13.1499996185,0,13.1499996185
2018-08-02,14.529999733,12.1700000763,13.5699996948,12.1899995804,0,12.1899995804
2018-08-03,12.4600000381,11.0699996948,12.4300003052,11.6400003433,0,11.6400003433
2018-08-06,12.1499996185,11.1700000763,11.9099998474,11.2700004578,0,11.2700004578
2018-08-07,11.2399997711,10.5200004578,11.1199998856,10.9300003052,0,10.9300003052
2018-08-08,11.1800003052,10.5200004578,10.9300003052,10.8500003815,0,10.8500003815
2018-08-09,11.3100004196,10.1700000763,10.9399995804,11.2700004578,0,11.2700004578
2018-08-10,13.8199996948,12.3000001907,12.3400001526,13.1599998474,0,13.1599998474
2018-08-13,15.0200004578,12.9499998093,14.5,14.779999733,0,14.779999733
2018-08-14,14.220000267,13.1099996567,13.9300003052,13.3100004196,0,13.3100004196
2018-08-15,16.8600006104,13.4399995804,13.5200004578,14.6400003433,0,14.6400003433
2018-08-16,14.3599996567,12.8199996948,14.1800003052,13.4499998093,0,13.4499998093
2018-08-17,13.9600000381,12.3999996185,13.1800003052,12.6400003433,0,12.6400003433
2018-08-20,12.7899999619,12.2600002289,12.5699996948,12.4899997711,0,12.4899997711
2018-08-21,12.8900003433,12.0900001526,12.470000267,12.8599996567,0,12.8599996567
2018-08-22,13.2899999619,11.970000267,13.0900001526,12.25,0,12.25
2018-08-23,12.6800003052,11.6499996185,12.029999733,12.4099998474,0,12.4099998474
2018-08-24,12.1700000763,11.8299999237,12.1300001144,11.9899997711,0,11.9899997711
2018-08-27,12.4799995422,12.0200004578,12.3699998856,12.1599998474,0,12.1599998474
2018-08-28,12.5,11.8699998856,12.0100002289,12.5,0,12.5
2018-08-29,12.5500001907,12.0900001526,12.3400001526,12.25,0,12.25
2018-08-30,13.9499998093,12.2399997711,12.25,13.529999733,0,13.529999733
2018-08-31,14.029999733,12.8199996948,13.5399999619,12.8599996567,0,12.8599996567
2018-09-04,14.3500003815,13.1199998856,13.1300001144,13.1599998474,0,13.1599998474
2018-09-05,14.3000001907,13.2299995422,13.6899995804,13.9099998474,0,13.9099998474
2018-09-06,15.4099998474,13.720000267,14.2100000381,14.6499996185,0,14.6499996185
2018-09-07,15.6300001144,14.3100004196,14.720000267,14.8800001144,0,14.8800001144
2018-09-10,15.1999998093,13.9300003052,15.0900001526,14.1599998474,0,14.1599998474
2018-09-11,14.9200000763,13.2100000381,13.9600000381,13.220000267,0,13.220000267
2018-09-12,13.8599996567,12.9099998474,13.0699996948,13.1400003433,0,13.1400003433
2018-09-13,12.9099998474,12.3000001907,12.9099998474,12.3699998856,0,12.3699998856
2018-09-14,13.1499996185,11.9300003052,12.1300001144,12.0699996948,0,12.0699996948
2018-09-17,13.75,12.3199996948,12.720000267,13.6800003052,0,13.6800003052
2018-09-18,13.4799995422,12.5600004196,13.4799995422,12.7899999619,0,12.7899999619
2018-09-19,12.7700004578,11.6599998474,12.6099996567,11.75,0,11.75
2018-09-20,11.9600000381,11.3100004196,11.8199996948,11.8000001907,0,11.8000001907
2018-09-21,12.029999733,11.1000003815,11.7600002289,11.6800003052,0,11.6800003052
2018-09-24,12.9200000763,12.1800003052,12.4600000381,12.1999998093,0,12.1999998093
2018-09-25,12.6000003815,11.8000001907,12.279999733,12.4200000763,0,12.4200000763
2018-09-26,13.1300001144,11.5500001907,12.2100000381,12.8900003433,0,12.8900003433
2018-09-27,13.0,11.9399995804,12.7700004578,12.4099998474,0,12.4099998474
2018-09-28,13.220000267,12.0900001526,12.5900001526,12.1199998856,0,12.1199998856
2018-10-01,12.3999996185,11.5699996948,11.9899997711,12.0,0,12.0
2018-10-02,12.6899995804,11.6099996567,12.470000267,12.0500001907,0,12.0500001907
2018-10-03,12.1400003433,11.3400001526,11.6599998474,11.6099996567,0,11.6099996567
2018-10-04,15.8400001526,12.4200000763,12.8400001526,14.220000267,0,14.220000267
2018-10-05,17.3600006104,11.720000267,14.2899999619,14.8199996948,0,14.8199996948
2018-10-08,18.3799991608,15.6899995804,16.0499992371,15.6899995804,0,15.6899995804
2018-10-09,17.4899997711,15.2700004578,16.1200008392,15.9499998093,0,15.9499998093
2018-10-10,22.9599990845,15.8299999237,16.0300006866,22.9599990845,0,22.9599990845
2018-10-11,28.8400001526,20.6499996185,23.0699996948,24.9799995422,0,24.9799995422
2018-10-12,26.7999992371,20.8799991608,21.6299991608,21.3099994659,0,21.3099994659
2018-10-15,22.8899993896,19.4699993134,21.9699993134,21.2999992371,0,21.2999992371
2018-10-16,20.5599994659,17.5499992371,20.2800006866,17.6200008392,0,17.6200008392
2018-10-17,19.5499992371,17.0599994659,17.0599994659,17.3999996185,0,17.3999996185
2018-10-18,21.5699996948,17.5100002289,18.0200004578,20.0599994659,0,20.0599994659
2018-10-19,21.0799999237,18.3899993896,19.2399997711,19.8899993896,0,19.8899993896
2018-10-22,20.8899993896,18.8199996948,19.3799991608,19.6399993896,0,19.6399993896
2018-10-23,24.6599998474,20.1800003052,22.1800003052,20.7099990845,0,20.7099990845
2018-10-24,26.3799991608,20.3999996185,21.6000003815,25.2299995422,0,25.2299995422
2018-10-25,24.7800006866,22.0599994659,24.7800006866,24.2199993134,0,24.2199993134
